"","baseMean","log2FoldChange","lfcSE","stat","pvalue","padj"
"MSTRG.10|AMX2",488.900389911952,2.78150681442999,0.513677999338061,5.41488406747868,6.13284288357274e-08,7.16911295316467e-07
"MSTRG.22",33.3214136715309,-1.10137253110582,0.427207529300499,-2.57807378280338,0.00993527813953102,0.0342181654814264
"MSTRG.20",29.3897654056809,-1.51724954849462,0.454027653225936,-3.34175581093867,0.00083250264545012,0.00415545590498148
"MSTRG.2|ZRT2",56.6979137640026,-5.37926323953507,0.607135919910214,-8.86006421812529,7.99683605318849e-19,3.34562367298923e-17
"MSTRG.4|CGI58",676.41612509366,1.9411291527415,0.275596492062627,7.04337394940568,1.87639750947173e-12,4.33589645429965e-11
"MSTRG.19",54.9940755282044,-3.1795684324448,0.464772601088497,-6.84112709096503,7.85725087232736e-12,1.66330991169455e-10
"MSTRG.16",17.9445199935659,-5.15020211075535,1.08988755302359,-4.7254435528395,2.29613611919262e-06,2.01764808732388e-05
"MSTRG.17",433.554124305193,-1.47491357330447,0.324764616383943,-4.54148481360667,5.5859410374343e-06,4.54945136337759e-05
"MSTRG.53",3.59393449273141,-4.26447775602047,1.60198188855761,-2.66200122890286,0.00776775948741502,0.027876938468839
"MSTRG.37",22.0724932768491,-3.07058261920533,0.633401221996638,-4.84776870105507,1.24857854106757e-06,1.16421710533093e-05
"MSTRG.46",169.33462402566,-1.49556065665586,0.24539518777537,-6.09449871537359,1.09780914301157e-09,1.68627727107226e-08
"MSTRG.29",5.63990302056146,-5.93814530204322,1.43765759074481,-4.13043087608006,3.62083956754315e-05,0.000250605604896827
"MSTRG.44|CYN19B",2562.28102113752,-1.35059828316261,0.403274372765732,-3.34908036407062,0.000810802742985682,0.00405477886378936
"MSTRG.47|COP21",914.905255869823,-1.48353683061733,0.298614145008956,-4.96807286397246,6.7621555498887e-07,6.59538337006935e-06
"MSTRG.75|CYP747A1",339.910147678322,-3.25504259693095,0.482749675844102,-6.74271316959337,1.55455916335406e-11,3.12444773438721e-10
"MSTRG.78",473.233754885912,-1.13150866295851,0.196066249009919,-5.77105273688012,7.87778132453956e-09,1.06226435536497e-07
"MSTRG.90",4.99850731145829,-3.75727254686901,1.36861378051283,-2.74531252013343,0.00604532977780946,0.0225554219215242
"MSTRG.91",45.956497568867,3.1195771428422,0.511370667084661,6.10042253816982,1.05788439755616e-09,1.62809740100172e-08
"MSTRG.84",43.2115145457065,-1.82183644729552,0.469745395471062,-3.87834870732171,0.000105167898618277,0.000658251674107626
"MSTRG.85|CPLD42",638.552704288142,-3.32870740451975,0.197977205862453,-16.8135891706261,1.94057643190844e-63,6.17025682289606e-61
"MSTRG.92",2173.92146215401,2.77983532232138,0.237059004073482,11.726343545507,9.34071320176193e-32,7.98379884309737e-30
"MSTRG.94",495.237318965333,1.21925153048186,0.306665890265005,3.97583027387966,7.01341338446305e-05,0.000459222594671308
"MSTRG.100",68.4561818675329,1.19923047920018,0.374803219034064,3.19962694635018,0.00137605572355508,0.00638959404419404
"MSTRG.108|FAP23",156.417616163463,-1.8417603163224,0.516732048424937,-3.56424634766957,0.000364903127767585,0.00200193029133186
"MSTRG.110",384.173332619727,-1.54207886406208,0.264981630047825,-5.81956894062338,5.89995855106774e-09,8.0720775425882e-08
"MSTRG.117",100.799984334823,1.08753431083464,0.286677984554465,3.79357456598842,0.000148494010884042,0.000898309659449962
"MSTRG.118",12.3557253206056,1.73280501702785,0.62137225118119,2.78867460485063,0.00529242102022886,0.0202014188186311
"MSTRG.99|SGA1",1798.28402331548,-1.25472816868373,0.515290404786073,-2.43499230148607,0.0148921065383964,0.048120875964924
"MSTRG.127",164.095147726863,1.94193633967119,0.238793909497435,8.13226913432667,4.21328095744302e-16,1.39257257092368e-14
"MSTRG.128|MOT42",78.7911164877004,-3.97909403116353,0.549811352331545,-7.23719874878843,4.58046679199126e-13,1.13250794804163e-11
"MSTRG.129",144.375216283703,1.75863806447924,0.359033901341265,4.89825071646268,9.66936090965093e-07,9.19949130709937e-06
"MSTRG.130",39.1788565613466,6.86720397492328,1.07245286169336,6.40326882440336,1.52085064092061e-10,2.67165563418297e-09
"MSTRG.131",53.3633819686565,1.63093182777286,0.437037688861339,3.73178759942214,0.000190125781620958,0.0011211497315319
"MSTRG.135",290.094350558983,-1.77855017978891,0.286481996986671,-6.20824414272587,5.35798672970619e-10,8.7275894496792e-09
"MSTRG.121",144.811998138192,1.22088755747558,0.365355586301838,3.34164195991503,0.00083284415614471,0.00415585574211821
"MSTRG.120|FBA1",852.977875065043,-3.36127982723385,0.34797962497553,-9.65941562661957,4.48414501203159e-22,2.45823922073373e-20
"MSTRG.144",180.319184668034,-1.22319900807745,0.330610590655601,-3.69981798118397,0.000215754155040778,0.00125848267151183
"MSTRG.147",16.3948968563154,3.15279066914165,0.801649306964497,3.93288017809174,8.39340822757954e-05,0.000537191642520368
"MSTRG.150",22.3272216442732,1.85541623496931,0.465520503121521,3.98568102270023,6.72868552426019e-05,0.000442218447559688
"MSTRG.148",249.59440325648,5.37862469968876,0.358920755715973,14.9855493560397,9.12677842161196e-51,1.88438342008814e-48
"MSTRG.149",293.850117827325,4.62444007007113,0.331195725560815,13.9628615744981,2.62671746139355e-44,4.26117900012598e-42
"MSTRG.153",21.1614303452691,1.74254349352702,0.537996072035473,3.23895207437896,0.00119969730358551,0.00569506949310313
"MSTRG.154",45.7828911642526,-2.63187170224556,0.551639833198498,-4.77099647968772,1.83316744737779e-06,1.639128013409e-05
"MSTRG.141|CYP55B1",209.574802931974,2.76871329219814,0.466194684750071,5.9389636621071,2.86829427211933e-09,4.13044767555735e-08
"MSTRG.156",361.788693764346,-1.69036138120039,0.278743266151022,-6.06422319915187,1.32592916207936e-09,2.00949683686727e-08
"MSTRG.166",67.9995400353546,1.12999803336113,0.283335488656611,3.98819801472394,6.65770828665265e-05,0.000438097046114254
"MSTRG.170|TOP2",153.5756816454,-5.42236316788809,1.28253357781182,-4.22785279208002,2.35932063588755e-05,0.000169875359915491
"MSTRG.169",42.6174301074113,1.13843488264004,0.398736617217022,2.85510493263883,0.00430226117659653,0.0169412830236464
"MSTRG.173",173.086370323347,6.40654546433016,0.502958918866066,12.7377112205782,3.64944602756122e-37,4.29769577379024e-35
"MSTRG.172|AIH2",304.312957897411,1.23899140347692,0.275109399665146,4.50363166429421,6.68019483312429e-06,5.36914749529878e-05
"MSTRG.176",127.824522321808,1.37017074141288,0.336902063133598,4.06697046811952,4.76282760957237e-05,0.000322622212769414
"MSTRG.177",34.7983713629548,1.59145895487127,0.37457326630071,4.2487254111553,2.14990248671505e-05,0.000156283263529016
"MSTRG.178|BUG25",252.943135779561,1.72018170866347,0.30431173840238,5.65269587592752,1.57950637073659e-08,2.03822989301707e-07
"MSTRG.191",12.4959316013763,-1.8765185546906,0.713219279786602,-2.63105416226558,0.00851204691829096,0.0301405277157682
"MSTRG.195|FAP380",586.047230465022,-1.15483266992862,0.431909372160815,-2.67378469735691,0.00750005854836118,0.0270744620349332
"MSTRG.196",113.219313878669,-1.22120807677681,0.418931237316478,-2.91505614286352,0.00355624561734655,0.0143930462946502
"MSTRG.203",26.7212020644318,-1.61281542526192,0.535109926552523,-3.01398898662295,0.00257837165598607,0.0109748199697099
"MSTRG.221",309.952450628652,1.22935531351617,0.248459392275989,4.94791242244768,7.50136435826322e-07,7.25405660387279e-06
"MSTRG.222",254.595358125749,-5.87738876727625,1.65856993273183,-3.54364844754879,0.000394631075398103,0.00214637182233289
"MSTRG.225",147.931767318179,1.27500278189406,0.345668862127789,3.68850921094163,0.000225571861441848,0.00130928859189576
"MSTRG.226|ARS7",39.6042422475228,1.98749377221906,0.37236891460249,5.33743203119075,9.42722245459503e-08,1.05619438043095e-06
"MSTRG.223",58.9746858042921,-2.87650359522269,0.854928646586393,-3.36461248164762,0.000766512333255618,0.00385511327874021
"MSTRG.230|NAR1F",2906.21854985798,7.24353312521009,1.51222807548924,4.78997397457169,1.66802946197325e-06,1.51101609039605e-05
"MSTRG.231",55.4825247320282,9.23413278033137,1.22160800686192,7.55899824531446,4.06185381489103e-14,1.1172206219574e-12
"MSTRG.230|ARS4",1717.80275119305,7.26216045385813,0.33399101746924,21.7435801384298,7.94531288931031e-105,1.05262153595213e-101
"MSTRG.232",1447.99988250386,4.29016832599982,0.196324010901825,21.8524891901541,7.36094641128397e-106,1.06385750951448e-102
"MSTRG.233|MSRA4",208.429174508379,-1.76182630646802,0.255833660145228,-6.88660868733182,5.7138109771944e-12,1.22258636494531e-10
"MSTRG.245",116.273300106535,2.49249702953674,0.272662342357398,9.14133212524685,6.16877023078543e-20,2.84264084431962e-18
"MSTRG.243",34.6167312051006,7.58526019483468,1.23196665176005,6.15703370216879,7.41200803594469e-10,1.17718385370079e-08
"MSTRG.248",67.6890054468144,5.16322136592002,0.528960654395181,9.76106884891788,1.65402681354453e-22,9.32472279494006e-21
"MSTRG.246",19.8835032688208,7.75593174004549,1.25964841999972,6.15721944068108,7.40332353114887e-10,1.17698037498205e-08
"MSTRG.208|GAPA1",5162.06406558396,-5.19390700996376,0.181077168423919,-28.6833898230853,6.14817088333254e-181,9.77436207032208e-177
"MSTRG.213",70.066245911089,7.71118955238723,1.05814779526671,7.28744092921687,3.1589773424727e-13,7.93387390057361e-12
"MSTRG.211",433.750815401177,1.63288940587183,0.334005830772145,4.88880509090804,1.01449877787337e-06,9.62321096099692e-06
"MSTRG.215",5.58871797517295,-5.92671410166584,1.47329401208649,-4.02276399214601,5.7519126219298e-05,0.000383091356780226
"MSTRG.216|SCLP50",344.728311794176,-1.28989021752962,0.199986085918162,-6.44989980981711,1.11924118428193e-10,2.00154064653703e-09
"MSTRG.257",959.09129525091,-1.75631351878812,0.310715403171449,-5.6524829501903,1.58146490053297e-08,2.03910210775938e-07
"MSTRG.261",42.6056144056278,2.65365855860611,0.842906407279889,3.14822444780035,0.00164265512436412,0.00744651587315108
"MSTRG.266",41.1935751520393,-1.15930598379976,0.365069386723408,-3.17557709838349,0.00149538778411097,0.00686505197568473
"MSTRG.281",121.593288179558,2.00735150397378,0.263770367847727,7.6102236970478,2.7362192305981e-14,7.71283924256181e-13
"MSTRG.265|VDAC1",970.405732735435,-3.77201705922182,0.293328098061965,-12.8593785734941,7.61866887876378e-38,9.17587862383232e-36
"MSTRG.274",32.5742966072405,1.26115183435005,0.433722251705165,2.90774067826097,0.00364050085966256,0.0146671775638407
"MSTRG.276",12.3528856172126,-3.29754906468539,0.83714359051303,-3.93904833299212,8.18054506619386e-05,0.000526322563587009
"MSTRG.277|OPR2",187.966446140628,-2.32329216323214,0.28546403640474,-8.13865099258284,3.99706345675422e-16,1.32662452683671e-14
"MSTRG.313",12.766164386185,3.03933590401712,1.07913112490875,2.81646579721637,0.00485552126575338,0.0187909145771537
"MSTRG.323|PSBS1",155.830029984826,5.93423793323944,0.479097821658032,12.3862761736269,3.10112194529291e-35,3.28677577908445e-33
"MSTRG.326|PSBS2",153.810103820136,4.79308949372053,0.447420305841767,10.7127223130897,8.87140266968569e-27,6.32455424406561e-25
"MSTRG.327",545.868224869781,1.81971614730915,0.164510074197498,11.0614268225576,1.93002561984007e-28,1.48229697121824e-26
"MSTRG.328",179.507975437289,2.23094639537227,0.244731781907293,9.11588342954727,7.80321047367704e-20,3.55459713783718e-18
"MSTRG.329",133.692068201432,-4.37784068261157,0.371166326663852,-11.7948218039089,4.15078298587685e-32,3.6458092767663e-30
"MSTRG.316",350.607864459028,-3.84069804295802,0.301841324148764,-12.7242287111924,4.33736558119939e-37,5.03324365035825e-35
"MSTRG.340|RIB30",172.3450638222,-2.53919274614928,0.335863151475386,-7.56020044174262,4.02448702071968e-14,1.1088612591924e-12
"MSTRG.338",18.7652169424797,-1.35835735212545,0.496270196430787,-2.73713263841927,0.00619772985705443,0.0230375284702949
"MSTRG.336|POLA2",25.990387988896,-8.14308626158117,1.38078236026336,-5.89744372170863,3.6917612227992e-09,5.21239963766089e-08
"MSTRG.335|PRPS21",1875.25629156202,-1.0414043201053,0.158541921567859,-6.568636924585,5.07779273153123e-11,9.56478066894354e-10
"MSTRG.296",58.5026643091105,1.77073672678374,0.350402378524253,5.05343809092088,4.33927013811348e-07,4.39332495436765e-06
"MSTRG.296|POLD1",169.093604383629,-1.32059737516232,0.399039696108544,-3.30943860483269,0.000934832658797566,0.00459695935959286
"MSTRG.298|POR1",2675.77924950324,-1.99528541020117,0.312213314464563,-6.39077617052633,1.650458254601e-10,2.88023988272742e-09
"MSTRG.342",239.528404524633,1.89693387792428,0.307138742527148,6.17614652686353,6.56850304221525e-10,1.05120507560871e-08
"MSTRG.365",3.72514862274609,5.33434271526614,1.55309608540839,3.43465080195825,0.000593317846000326,0.00307550280916634
"MSTRG.364",41.2143522869953,1.22503239280997,0.332342757217562,3.68605112103596,0.000227760619253214,0.00132006501089595
"MSTRG.367|HPR2",16.0394533146053,-1.71329854048876,0.643646685962935,-2.66186182241514,0.00777097717501905,0.0278815154882539
"MSTRG.368|GCP4",28.9849053445211,-1.43581595230674,0.509020151766802,-2.82074481201391,0.00479122998056606,0.0185964292556248
"MSTRG.376",10.400268783053,2.06563877802698,0.690311342518271,2.99232918655441,0.00276857551363067,0.011665733770395
"MSTRG.370|SNE1",796.087680149481,-1.41574719180003,0.344889212684073,-4.10493323575444,4.04431666116267e-05,0.000277858886253951
"MSTRG.384",17.0663593777217,-4.64354791417866,0.972432354300537,-4.77518862226538,1.7953889207086e-06,1.61169356642718e-05
"MSTRG.387|FUM2",182.134103809185,1.01216999488448,0.314825269675033,3.21502144960998,0.0013043477543896,0.0061151638452627
"MSTRG.389|SDH4",609.043458246131,-1.01110072374393,0.176065093705583,-5.74276651017891,9.31421190259492e-09,1.24225957070012e-07
"MSTRG.433",27.4182210606256,2.55430974207373,0.481037375733211,5.31000265453465,1.09623638273851e-07,1.21195869351716e-06
"MSTRG.421",30.1578749364174,1.9648231981437,0.415186757816263,4.73238406850445,2.21898043580838e-06,1.95876462901064e-05
"MSTRG.422",56.841240724575,-1.02442345998842,0.324151600463285,-3.16032207931194,0.00157594823214084,0.00717891833655445
"MSTRG.429|MME5",69.3397714749372,-4.09365938487213,0.414874610183153,-9.86722080453397,5.77422860654313e-23,3.33813405042992e-21
"MSTRG.431",191.176819841705,-1.09976933377981,0.408347585086363,-2.69321865475761,0.00707658425883686,0.0257976465368008
"MSTRG.430|CGL13",133.454799277945,-1.19921368437358,0.241052764251675,-4.9749011926763,6.52809293151577e-07,6.38074174325975e-06
"MSTRG.432",19.3648753370738,3.11344893811137,0.612452063356903,5.08357980059089,3.70386858628425e-07,3.78189484808908e-06
"MSTRG.439",16.1645150198691,-1.94797905940051,0.533983805991855,-3.64801148937881,0.000264277822805639,0.00150969774594468
"MSTRG.437",64.7169732320334,-5.56932847266905,0.792495812797769,-7.02758094456991,2.10144903437125e-12,4.82786658214366e-11
"MSTRG.407",33.2311724241551,-1.55073695195806,0.392053294801421,-3.95542384803456,7.63990817385893e-05,0.000495954512650099
"MSTRG.412",700.31542155337,-1.0156001497094,0.225620307331315,-4.50136852361446,6.75173244131378e-06,5.42390310015192e-05
"MSTRG.440|PHT4A",40.4616558864345,-1.46596431638091,0.53469499190855,-2.74168327469886,0.00611252498404006,0.0227708824733568
"MSTRG.442|MCM5",132.596818374057,-2.50867870000439,0.483595927038386,-5.18755134140172,2.13077192158911e-07,2.26134926631666e-06
"MSTRG.448",34.2357414926702,-1.49530694643398,0.474470956854437,-3.15152471364591,0.00162420417062082,0.00737128116029968
"MSTRG.451",29.9512040332268,3.09114772175362,0.526661493831179,5.86932547368744,4.37571692480377e-09,6.12369257663119e-08
"MSTRG.457",70.4453203835413,1.13264074899462,0.353990523868402,3.19963578860004,0.00137601351238682,0.00638959404419404
"MSTRG.471",118.636405953769,2.32834210759299,0.26857041215932,8.66939172067764,4.34434952094071e-18,1.69696483252863e-16
"MSTRG.472",35.9417761221655,1.14101325980018,0.420107683667749,2.71600188275199,0.00660755422859156,0.0243164113717937
"MSTRG.486",73.0714009919526,-1.5461274660669,0.29667957669319,-5.21143883006757,1.87381628369205e-07,2.01011682038706e-06
"MSTRG.489",376.841856171842,-1.44200614681359,0.389962212340494,-3.6978099446069,0.00021746760885545,0.00126641027310767
"MSTRG.491",29.3232659869378,-1.54604420540363,0.493788089247108,-3.13098723738138,0.0017421973163184,0.00784408182804584
"MSTRG.492",22.9886075981363,-1.65197390501182,0.481290243875523,-3.43238602077102,0.000598295307588059,0.00309827322476709
"MSTRG.499|SRS1",306.048154976092,-1.25004704800223,0.353026180043507,-3.5409471553871,0.000398693422120804,0.00216254794434546
"MSTRG.499|ASP3",50.073130852167,-3.45734622089236,0.529945684029954,-6.52396335149121,6.84734468463885e-11,1.25964438236857e-09
"MSTRG.514",339.467393114651,-2.46077386630461,0.196071659943502,-12.5503801365974,3.95606275895087e-36,4.36760317651396e-34
"MSTRG.511",34.4527780263027,-1.2561375019611,0.41688039128937,-3.01318442461636,0.00258521758716515,0.0109951281970978
"MSTRG.521",41.7297462175783,1.1636918497912,0.419774332050206,2.77218438799642,0.00556814860890613,0.0210817877076422
"MSTRG.537|COQD2",203.090672159484,2.79882585306897,0.424371047338072,6.59523280540697,4.24589067666089e-11,8.04543146335575e-10
"MSTRG.541|ESP1",41.5749847651897,-4.61429031056367,0.696612064985677,-6.62390237335114,3.49837861423479e-11,6.70226241303502e-10
"MSTRG.533",475.076367508467,-1.53336079407778,0.197686088274909,-7.75654375812948,8.72752051857138e-15,2.61299663284836e-13
"MSTRG.534",328.265326459984,-3.30797248342229,0.240087605747469,-13.7781893118703,3.44812439192141e-43,5.22078872216825e-41
"MSTRG.535",109.679314157789,-2.34555060439886,0.270879065949296,-8.65903238472442,4.75785649703237e-18,1.84939859632813e-16
"MSTRG.543|TPIC1",983.017868990439,-1.47591071394784,0.241475712670543,-6.11204620798241,9.83616918328441e-10,1.53159077057645e-08
"MSTRG.547",384.268269660362,1.00338702870839,0.222269291420371,4.51428545210375,6.35305998161055e-06,5.12695165419516e-05
"MSTRG.549",390.09220172498,1.56666615186083,0.506545202575418,3.09284570043396,0.0019824718261841,0.00872573009210268
"MSTRG.553",270.668582927958,1.15380289305489,0.235732025294226,4.8945530061721,9.85294183515259e-07,9.35735180975244e-06
"MSTRG.558",56.8182286976685,-3.37789859700395,0.571340751725334,-5.91223116293276,3.37504420852004e-09,4.78286334215587e-08
"MSTRG.562",128.594446044359,4.64471116840752,0.55211963827943,8.4125085332625,4.01333621318353e-17,1.41786709149315e-15
"MSTRG.563|RBCX2A",62.3864351763252,4.91237827162177,0.536560755836817,9.15530667903666,5.42036287656499e-20,2.50502700615204e-18
"MSTRG.585",40.9758445954522,1.14746287014007,0.365316086275778,3.14101380488854,0.00168364096162429,0.00761277702158786
"MSTRG.588",63.5669055050992,1.32342169386362,0.29697727734872,4.45630623891004,8.33838957781746e-06,6.58538089955996e-05
"MSTRG.579|TEF30",1944.876646711,-1.8340301874571,0.368974511882233,-4.9706148484383,6.67409130894705e-07,6.51348702453286e-06
"MSTRG.595",104.764236324465,-1.1045027464288,0.287774389556318,-3.83808562023776,0.000123997249438117,0.000764582324654197
"MSTRG.610",77.1051446668127,1.25726619381505,0.344399356439136,3.65060552613792,0.000261622791770159,0.00149560558919885
"MSTRG.636",569.645065016354,-1.09603153394562,0.383045763159198,-2.8613592404887,0.00421828771937604,0.0166325243458929
"MSTRG.625|PDI2",731.142218088733,-1.18036140621191,0.280012897558447,-4.2153822788307,2.49355439099954e-05,0.000178650417792297
"MSTRG.620|ALDH22",130.556580292966,-1.55293850435713,0.279432387581566,-5.55747498633754,2.7370519280076e-08,3.39155507026227e-07
"MSTRG.604|CGL127",41.0626376552586,-3.17137165988709,0.67937462113804,-4.66807496366973,3.04034975721473e-06,2.60007963637439e-05
"MSTRG.605|HPAT1",765.096477278045,-1.07449668254222,0.274788282869001,-3.91027110517105,9.21925880732321e-05,0.00058440102280233
"MSTRG.599|GBP1",2801.32364509118,-2.17114245985358,0.354773583374878,-6.11979741896227,9.36943962656446e-10,1.46321563048253e-08
"MSTRG.606|TAL1",24381.2412248688,2.60202390229341,0.301027795850437,8.64379947021971,5.43739502546205e-18,2.08298087023604e-16
"MSTRG.649",137.598122670122,-3.1324953155455,0.33236738244947,-9.42479762141441,4.30935789432876e-21,2.16804341152021e-19
"MSTRG.657",18.0647398988247,-4.66432288773094,0.937950420021762,-4.97288853244793,6.59625925122614e-07,6.44148216068754e-06
"MSTRG.638",18.5087683512645,3.2009620133862,0.678201465990019,4.71978043974518,2.36099341427045e-06,2.06804811570642e-05
"MSTRG.640",1418.44026728499,3.09992669283911,0.358629880372429,8.643804831934,5.43713974411414e-18,2.08298087023604e-16
"Cre01.g035550_4532.v6.1",3.57282741678773,-5.28080419645022,2.08635284163293,-2.53111750374739,0.011369975162431,0.0382236974270095
"MSTRG.661",106.10688630506,1.0335005703825,0.299055242701888,3.45588514364463,0.000548488983268423,0.00286932473050391
"MSTRG.663",210.006568944563,5.74983409511807,0.38253190827505,15.0309921100328,4.60063380716034e-51,9.74311597137825e-49
"MSTRG.667|IRK2",99.3581156581834,1.12310928572428,0.287540637413236,3.90591498936623,9.38695107408917e-05,0.000593210014373498
"MSTRG.699",22.2603515925,-4.71702524784887,0.93702202334489,-5.03406017183085,4.80198833229408e-07,4.82261595115674e-06
"MSTRG.672",32.9224917912279,-4.57569836977814,0.783478883726925,-5.84023190007628,5.2128209979339e-09,7.18763471163513e-08
"MSTRG.675",367.280585596352,-2.0489214489158,0.382299228658227,-5.35947052811744,8.34662083111947e-08,9.47818414093839e-07
"MSTRG.687|CBA1",38.6855646648151,-2.6845590872236,0.98430497540072,-2.72736515034955,0.00638423465076529,0.0236478477348244
"MSTRG.718|SQD2",114.75917462182,-2.57758690288575,0.477585143439576,-5.39712538862061,6.77170652106383e-08,7.84669025305195e-07
"MSTRG.725",114.551531324539,3.71084085748361,0.347458607635064,10.6799508659204,1.26338509641849e-26,8.88729923135452e-25
"MSTRG.706",83.4662567772662,1.21448437619086,0.299432290361588,4.05595660616386,4.99295293557108e-05,0.000336918360652415
"MSTRG.714",31.0158466385304,1.81516389741955,0.533335227969819,3.40342021720393,0.000665478452647834,0.00340295157291581
"MSTRG.715|CRT2",2424.3666247868,-1.21078439366456,0.435277256005614,-2.78163946532724,0.00540850867251558,0.0205704475779073
"MSTRG.766",140.377637978488,1.45448974744804,0.321639893864337,4.52210616653643,6.1227334728536e-06,4.95364970745173e-05
"MSTRG.777",218.075583293235,1.37804186473995,0.23103317276434,5.96469263808099,2.45094959590644e-09,3.55521867479203e-08
"MSTRG.778",31.7922435503211,-3.46577270806093,0.546252909444109,-6.34463020359534,2.22960350795313e-10,3.80324426710717e-09
"MSTRG.779|MSRB3",67.6487604054094,-1.49762746697252,0.313745236177985,-4.7733871124753,1.81153108772841e-06,1.62343411683801e-05
"MSTRG.782|PBAS1",1167.05043214016,-5.43927263113818,0.343366045622304,-15.8410323341094,1.62137003447709e-56,4.29609013468614e-54
"MSTRG.734|PLAP1",9.85911639889223,-2.14302000417874,0.753986507534203,-2.84225245778887,0.00447960034946862,0.0175540267083688
"MSTRG.746",187.844701865519,4.17302225972067,0.471273243811397,8.85478289828546,8.38468479363788e-19,3.49868028475735e-17
"MSTRG.795",39.312462154218,-2.20126512115755,0.473752488169896,-4.64644550925955,3.37703282516253e-06,2.86948518730272e-05
"MSTRG.794",231.942476252822,-2.50450587701073,0.283214373676163,-8.84314536900752,9.30610265750339e-19,3.8328606230308e-17
"MSTRG.797|CAO1",1483.56918755587,-2.38967260283777,0.251454607688064,-9.50339556236017,2.03155472455678e-21,1.05204094498383e-19
"MSTRG.787|ACH1",7538.18850292858,-1.5270160068113,0.336220639105582,-4.54170812021975,5.58002622074214e-06,4.54696344732745e-05
"MSTRG.788|DVR1",451.9854106179,-1.29551679535187,0.202782524891019,-6.38870038751177,1.67301485062385e-10,2.91640242272127e-09
"MSTRG.830",251.648323222421,-6.13551642999861,0.549820429616292,-11.1591277797379,6.46224561647073e-29,5.0361167064045e-27
"MSTRG.834",4.048649982454,5.4542179969524,2.0934514860028,2.60537109812207,0.00917747990702249,0.0320174622694412
"MSTRG.835",185.580424814338,-1.40764610031237,0.259331497063467,-5.42797969491484,5.69955219903135e-08,6.70203260800298e-07
"MSTRG.824|PFL1",9194.84487953404,1.13239088007786,0.194069163306105,5.83498615023007,5.37950353714522e-09,7.40461880809825e-08
"MSTRG.842|CAT2",175.495099779898,1.58802810465106,0.351290837683365,4.52055087779551,6.16789188491162e-06,4.98511160072827e-05
"MSTRG.875",55.5946523176579,-1.36283066644507,0.38926938439222,-3.50099627940918,0.000463522314941004,0.00247783381403231
"MSTRG.877|CGL53",28.8190706096564,5.05151508295633,0.792601455193703,6.37333561508766,1.84960512943816e-10,3.19967598996821e-09
"MSTRG.881",354.971017737609,1.65399052552181,0.303854714983154,5.4433597504436,5.22849023846838e-08,6.18931778191887e-07
"MSTRG.871|TPM1",59.8695971059865,-2.04151469569319,0.414099684625775,-4.93000784953053,8.22263128195593e-07,7.87490313979128e-06
"MSTRG.874",118.794856094569,-1.41559850214404,0.23396347039141,-6.05051079032043,1.44387291236732e-09,2.17168321294377e-08
"MSTRG.870|IFT27",74.645562118017,-1.02781646656364,0.368502193138169,-2.78917326871447,0.00528427855812362,0.020181185241894
"MSTRG.874|HLA8",797.15582136938,-3.90300904492016,0.181927513578089,-21.4536491383688,4.22196935153842e-102,4.79434776791127e-99
"Cre01.g049200_4532.v6.1",5.54698050384163,-3.26734035754008,1.22259047272383,-2.67247326920576,0.00752943730415806,0.0271558516927189
"MSTRG.886|RAF2",179.393783451679,-1.81626400112598,0.30817858344368,-5.89354386937113,3.77999686779002e-09,5.32751686206788e-08
"MSTRG.857|PHC52",678.095431487,-2.02985905734875,0.231793178305305,-8.75719929373908,2.00161572025096e-18,8.06459432124404e-17
"MSTRG.896",14.3383666767798,-2.39417423647103,0.678575174549159,-3.52823729229662,0.000418336961578632,0.00225371772794886
"MSTRG.897",47.5462982885931,-2.61857996803923,0.515020370606046,-5.0844201850848,3.68750789958024e-07,3.76925219094503e-06
"MSTRG.898",9.45670820203003,-2.63291264512837,0.795232258695277,-3.3108725360917,0.000930055625840191,0.00457629970275684
"MSTRG.899",67.674558015932,-2.9871497190075,0.415729412481802,-7.18532206122958,6.70489461412552e-13,1.62491485633182e-11
"MSTRG.900",166.194762346997,-2.65771050136926,0.307072819666582,-8.65498452209149,4.92978558611005e-18,1.90227503029072e-16
"MSTRG.905",100.870166682298,1.15736108708244,0.262158246015588,4.41474225843586,1.01130407557184e-05,7.85811935163297e-05
"MSTRG.908|TIM22C",209.456600089121,2.38041434605712,0.236298496948003,10.0737599976394,7.21653005281942e-24,4.42966775211286e-22
"MSTRG.915",39.3971847671021,-3.78780905180999,0.579969086195772,-6.53105336468122,6.53087218898637e-11,1.20589786365279e-09
"MSTRG.916",12.9345934038381,-3.13356226084221,0.792022616188187,-3.95640502783025,7.60861169415839e-05,0.000494528653776493
"MSTRG.919|CHLP1",3813.74859578131,-1.66477867230166,0.25013887469641,-6.65541761280477,2.82496765738134e-11,5.46366615779179e-10
"MSTRG.926|ERD2A",213.161598708348,-1.58909510243292,0.283494445300533,-5.60538355786235,2.07794282554528e-08,2.63228167653537e-07
"MSTRG.928",913.922963268538,-2.12698598771289,0.229419071310645,-9.27118210165207,1.84094169998948e-20,9.00532035274856e-19
"MSTRG.933|AST2",216.616816830713,1.23460779861329,0.292043410056419,4.22748042277271,2.36322729508067e-05,0.000170002658539333
"MSTRG.940|TRXX1",302.7229443319,-1.3457372299642,0.238475273693618,-5.643089151847,1.67025801207004e-08,2.14836261131792e-07
"MSTRG.950|PSO2",18.2601655790424,-1.93402501612878,0.577395882460336,-3.34956496033142,0.000809385740532636,0.00404896617463431
"MSTRG.949",33.6426296429166,1.70181586601788,0.449011884864612,3.79013545828752,0.000150565153309007,0.000909800382860736
"MSTRG.934",8.65117462169081,-6.55736657478574,1.45517471855901,-4.50624003506548,6.59864396527352e-06,5.30896972469223e-05
"MSTRG.935",19.2736611464793,1.78659552083029,0.538821525931866,3.31574637397877,0.000913987368635165,0.00450281102775391
"MSTRG.936|ASP2",489.471989731401,-1.95592308147914,0.197021652617664,-9.92745241699278,3.16231647454578e-23,1.84155704440765e-21
"MSTRG.937|ZNG1",381.460424480093,-1.24035291642581,0.236423169112002,-5.24632556565644,1.55162615324234e-07,1.68495577761248e-06
"MSTRG.953|GPD3",1122.97501613005,3.81152267836038,0.553200200467041,6.88995173020995,5.58113223834163e-12,1.20066089749872e-10
"MSTRG.957|AIH1",72.4251016701309,1.13373513613033,0.315054849662191,3.59853256455487,0.000320017784731873,0.0017882751288813
"MSTRG.956",116.576043631573,1.19400308980793,0.350388157230317,3.40765823607186,0.000655229053776991,0.00335593798226373
"MSTRG.951|GPD2",9922.10660312856,4.00784967718189,0.54998887594348,7.2871467996632,3.16587894862899e-13,7.93866617118355e-12
"MSTRG.963",28.5178217952634,4.5593196242196,0.677500669452588,6.72961641189738,1.70110942434808e-11,3.37630931688962e-10
"MSTRG.965",21.3617825847647,-4.65912244494963,0.99075233029615,-4.70261063484651,2.56855957922634e-06,2.23385996665976e-05
"MSTRG.961",33.1688385555302,-5.6276941538862,0.949727274444455,-5.92558969855649,3.11178668429799e-09,4.45600632768984e-08
"MSTRG.974",24.1335850359121,-1.088071854626,0.433413728575616,-2.51046928809078,0.0120570809567836,0.0402105041013102
"MSTRG.977",51.9200276952734,-1.15146075971902,0.413286868473829,-2.78610536059636,0.00533455296017212,0.020347582284265
"MSTRG.986",35.4168854919114,-1.35930674028769,0.360323245436963,-3.77246474520196,0.00016164281197049,0.00096973487724787
"MSTRG.987",27.3405794655212,-3.78665492677448,0.717068582757035,-5.28074303885311,1.28661030322971e-07,1.41065728281006e-06
"MSTRG.982",323.637391479773,-1.08844876075104,0.265600852434488,-4.09806200083454,4.16623698248358e-05,0.000285618092054868
"MSTRG.994|ACS2",2183.11545692942,-1.45021342177421,0.223883832852524,-6.47752632826101,9.3238507926428e-11,1.68827539751065e-09
"MSTRG.1005",45.9159751189846,2.16819469445122,0.368838637547633,5.87843700125157,4.14158368530137e-09,5.82680508220541e-08
"MSTRG.1006",48.3213595713038,-1.66751358596415,0.575383777873195,-2.89808932766199,0.00375443640059851,0.0150537275905965
"MSTRG.1004",14.1586562104852,2.76786150820278,0.760923908499107,3.63750103957474,0.000275296081543088,0.00156532800585551
"MSTRG.1048|FAP241",24.037313280844,-1.74486519877725,0.467821944220977,-3.72976347161913,0.000191659602573352,0.00112935669448153
"MSTRG.1056",143.156977403376,-1.78896877488168,0.221772481579184,-8.06668510963531,7.22325312365768e-16,2.31990460929111e-14
"MSTRG.1057|POC18",42.2439534270172,-5.98705848021938,0.952459656411249,-6.28589194294893,3.25976631132262e-10,5.47241444745586e-09
"MSTRG.1051|UROD3",453.072883646626,-2.23672824093331,0.293626999274921,-7.61758369106607,2.58468327571345e-14,7.3604524622423e-13
"MSTRG.1055|LPA19",58.9343018998278,-2.18549006260424,0.371910598963451,-5.87638553108032,4.19321123626535e-09,5.88381926161929e-08
"MSTRG.1059",165.782004436635,-1.10394293438126,0.300119000891581,-3.67835069123152,0.000234747046792763,0.00135610775796197
"MSTRG.1065",233.983135436765,1.37098989522947,0.213916878870496,6.40898419268475,1.46492380215514e-10,2.57910948025055e-09
"MSTRG.1066",144.399509142024,1.20747206123638,0.241889357844839,4.99183623452719,5.98079562368201e-07,5.9020911747546e-06
"MSTRG.1079",39.1396314085268,-1.1647738937613,0.475055175055238,-2.45187076138233,0.0142115694341446,0.0462887791157613
"MSTRG.1080",72.6927800635908,1.95515622041688,0.437598818695376,4.46791932904626,7.89840787577927e-06,6.26278745182737e-05
"MSTRG.1082",261.675693342669,1.1629990675296,0.382314014434781,3.04199957003668,0.0023501223014575,0.0101279670979955
"MSTRG.1090|CNK1",60.1609225060611,-2.27201175236774,0.496644495240145,-4.57472452456991,4.76846988891758e-06,3.92386823467969e-05
"MSTRG.1083",220.294206069353,-1.34731144088598,0.233722349631065,-5.76458110665384,8.18609041358259e-09,1.10196837760488e-07
"MSTRG.1030",50.3902609874375,1.99731475237402,0.396304897105843,5.03984373385268,4.65912113099608e-07,4.69098845728789e-06
"MSTRG.1009",20.1042877210018,-4.57377245267988,1.08285339517994,-4.22381503630956,2.40201207726337e-05,0.000172636473798974
"MSTRG.1022",72.7582272893145,1.2770084196716,0.27287035473085,4.67990896604068,2.87002323000789e-06,2.47036433733976e-05
"MSTRG.1032|ZIP6",283.177420447684,-1.53967201749533,0.227528062756014,-6.76695436530118,1.31521537172928e-11,2.67382275955908e-10
"MSTRG.1034|LHCBM1",27603.52220545,-3.18384557237888,0.281782177828594,-11.2989600581325,1.32781046114215e-29,1.05547653556189e-27
"MSTRG.1039",50.212202104869,-1.30397425109365,0.40474550899597,-3.22171394644586,0.00127426286313739,0.00598824445703761
"MSTRG.1114",73.7495358645329,1.04255489083448,0.288603003470277,3.6124187146301,0.00030335421332708,0.00169993841504192
"MSTRG.1115",25.1707743956573,1.13892163617659,0.416032706887553,2.73757715997176,0.00618935987852285,0.0230179869376779
"MSTRG.1109|EFG1",6626.6335066513,-2.32211688276615,0.376072566407265,-6.17465109180931,6.63097420039381e-10,1.05842598230784e-08
"MSTRG.1122|CPLD14",303.196996890039,1.44555828308764,0.213165838899953,6.78137871690639,1.19034383642073e-11,2.45130651702289e-10
"MSTRG.1124",11.4086348677484,-2.91518190838297,0.865265018006607,-3.36912026687378,0.000754085177747273,0.00379741721755659
"MSTRG.1142|GPX1",211.718605774944,1.07104461562737,0.370164114190009,2.89343179030476,0.00381057046509769,0.0152480365603129
"MSTRG.1168",52.9243104794296,-2.22859701576571,0.466345341700484,-4.7788555314809,1.76295805546634e-06,1.58706156091754e-05
"MSTRG.1171",20.8981847787782,-1.64631271446992,0.575029862783476,-2.86300385600987,0.00419645456275018,0.016575213574808
"MSTRG.1173",53.7649431350918,-2.75236807402513,0.586668985331685,-4.69151794767032,2.71185477221553e-06,2.34182874354604e-05
"MSTRG.1177",30.2720207178701,-1.1002560819897,0.387494021563727,-2.83941434128358,0.00451964278288047,0.0176891385923766
"MSTRG.1163|POB21",27.2870314363454,-1.38041702690367,0.439067562933548,-3.14397405647703,0.00166670215269526,0.00754906861069778
"MSTRG.1146",18.7338595871882,1.19270765340707,0.488713597512533,2.44050433521339,0.0146667699113943,0.0475086202223607
"MSTRG.1154",18.9373973253286,-2.22118981315547,0.71865130558354,-3.09077545104003,0.00199634543261145,0.00877950198828683
"MSTRG.1129",786.729137209413,-1.83382667998463,0.277804617412896,-6.60113822823561,4.08012893386983e-11,7.74055964089052e-10
"MSTRG.1134|FAP212",1841.46767898435,-3.7272184497732,0.361379967980767,-10.3138490785731,6.10078626773128e-25,3.84882143192031e-23
"MSTRG.1133|FAP310",1992.17390950565,-2.03333664803118,0.274929248679057,-7.39585423450098,1.40502068383474e-13,3.6558132293952e-12
"MSTRG.1211|PHC66",1343.09806908878,1.7604394251183,0.28805689601928,6.11142954550365,9.87425937354441e-10,1.53601737300009e-08
"MSTRG.1215",24.1299506914473,1.98872121373104,0.458256779335374,4.33975295818941,1.42642983279814e-05,0.000107424829378611
"MSTRG.1236",41.6061566881121,1.08412505641764,0.353956952813698,3.06287261148465,0.00219223360895356,0.00954852874387497
"MSTRG.1203",767.422084614136,-2.4234354363959,0.232629941569085,-10.4175559691494,2.06183446927149e-25,1.34340345870812e-23
"MSTRG.1210",205.331241844757,-1.2774092858248,0.301436885115057,-4.2377338305404,2.25787217094357e-05,0.000163459252156926
"MSTRG.1185|TRK1",8342.90794632684,-1.8384746982583,0.204049303946737,-9.00995329412247,2.06144266515111e-19,9.10355985849234e-18
"MSTRG.1186|CGL97",353.730218066431,-1.15866270711352,0.284678491501475,-4.07007463402805,4.69980789966068e-05,0.000318898638101992
"MSTRG.1190",27.6618311205181,-5.78701019239656,1.0757785291096,-5.37936948526604,7.47471604207543e-08,8.60485413735809e-07
"MSTRG.1192|BIP2",352.640800295142,-1.28037765302407,0.373845351706543,-3.42488584431866,0.000615057795105025,0.00317783192284033
"MSTRG.1196",150.846989917431,1.24115939650001,0.451494413094664,2.74900277944253,0.00597768793325708,0.0223344965365267
"MSTRG.1197|CYN47",56.5677585652765,-1.9433994233334,0.649095033268681,-2.99401370173321,0.00275333579610496,0.0116107513226728
"MSTRG.1197|PRX4",250.858813589799,-1.23918825867301,0.446963296064732,-2.77246089238956,0.00556342038816417,0.0210689036043435
"MSTRG.1200|FAP24",2898.95300387568,-2.82527468377323,0.904860528103583,-3.12233166993644,0.00179424677530912,0.0080487966235509
"MSTRG.1226|PSAN1",2333.91432773424,-4.62763499647307,0.226508178982323,-20.4303218420833,8.99074069741937e-93,7.52288397934595e-90
"MSTRG.1224",113.9777627103,1.80495653154135,0.250919662914888,7.19336424484831,6.32140037444123e-13,1.53431485729567e-11
"MSTRG.1230|PSBX1",6036.46934150986,-4.24378734670747,0.271444255773028,-15.6341026065255,4.26440134476141e-55,1.09347504159705e-52
"MSTRG.1274",15.570358249477,3.22025162171623,0.663184119643268,4.85574296237435,1.19936195813165e-06,1.12293618435671e-05
"MSTRG.1275",106.652421619903,1.69499488700144,0.306129518674009,5.53685542754342,3.07950543100744e-08,3.79813633375921e-07
"MSTRG.1280",2.03297713378785,4.46041726513975,1.79874675787682,2.47973609715059,0.0131479653820792,0.0432677196531348
"MSTRG.1262|PFH10",17.4602530442516,-7.56931311012298,1.30339225137757,-5.80739459063294,6.34524740103383e-09,8.64410824178541e-08
"MSTRG.1259|PAM71",178.944173804061,-1.68228770978941,0.250017955123391,-6.72866758293082,1.71223719227075e-11,3.39415796542647e-10
"MSTRG.1271|RPAP3",71.4059130512654,1.20501710672772,0.317894182129667,3.79062334093364,0.000150269688139536,0.000908360266936253
"MSTRG.1241",88.8175742816492,1.34166752782408,0.314933107588931,4.26016666871144,2.04274519914537e-05,0.000149038839724704
"MSTRG.1242",68.9652037250098,2.58504465678147,0.3477373310933,7.43390031968667,1.05441440508127e-13,2.76618485346239e-12
"MSTRG.1251|PSRP3",1717.44255945886,-1.50551879575399,0.177333599624269,-8.4897548966685,2.07073360707705e-17,7.56793629547376e-16
"MSTRG.1289",110.524506755316,1.06086449268071,0.276466282432258,3.83722920331398,0.000124430325969332,0.000766741597775362
"MSTRG.1300",65.9647324432622,-1.81089695569023,0.39520042073807,-4.58222426056185,4.60056126510598e-06,3.80688679538641e-05
"MSTRG.1292|ARS8",44.4812078142562,-4.90955186612824,1.58056120075077,-3.10620801256932,0.0018950335780617,0.00842013522191865
"MSTRG.1296",80.0599361355244,-1.18722695427836,0.341496923167652,-3.47653777745901,0.00050793266511666,0.00268812034288437
"MSTRG.1298",451.235465570707,-1.11585110117301,0.245886235380404,-4.53807875600154,5.67690604064073e-06,4.61438904203763e-05
"MSTRG.1299",1283.29975087861,-1.02449817281235,0.170417000527076,-6.01171344199064,1.83572606717112e-09,2.70978393833672e-08
"MSTRG.1305|SMC2",130.338251734684,-5.82140593627261,0.740186967287985,-7.86477767583778,3.69753538866737e-15,1.12182094673729e-13
"MSTRG.1313",455.346267956169,-1.28214476325209,0.448417977404502,-2.85926262518131,0.00424627080412407,0.0167387089620542
"MSTRG.1315",273.774139753919,-1.55193913023802,0.309227038379373,-5.01876918128366,5.20035873413056e-07,5.18665640873323e-06
"MSTRG.1323",28.791322027295,1.94063142994475,0.474028131478047,4.09391616462456,4.24147725572894e-05,0.00029002582972722
"MSTRG.1324",99.3029551109591,1.42091394301607,0.268945349187459,5.2832813332112,1.26890299416465e-07,1.39412714590391e-06
"MSTRG.1326",74.0009384323885,4.93683575460666,0.501382595222777,9.84644421574528,7.10119126121879e-23,4.06096182269268e-21
"MSTRG.1355",851.902793378553,2.84505039560019,0.315444835087789,9.01916937333404,1.89520788543485e-19,8.39276182803434e-18
"MSTRG.1358",93.2305503456937,-2.37489977120139,0.341602358279583,-6.95223470693274,3.59544552329859e-12,7.96105751105862e-11
"MSTRG.1360",25.867174288194,-1.39050292089003,0.501631169495383,-2.7719627595885,0.0055719410687846,0.0210881775522071
"MSTRG.1361",119.124045379588,-4.37527989504947,0.404315028092333,-10.8214624514286,2.72395694732628e-27,1.98648933709143e-25
"MSTRG.1345|RFS2",759.378488456051,-1.72281398611647,0.290159336189448,-5.93747562543231,2.89444060534041e-09,4.16056209255893e-08
"MSTRG.1332|RB60",2977.68176731117,-1.07098768170419,0.421518263307678,-2.54078595147952,0.0110603608808044,0.0373634740056512
"MSTRG.1338",944.105626385337,2.43532665714319,0.545734497556405,4.46247519269475,8.1018310545944e-06,6.4112946792405e-05
"MSTRG.1368|FAP170",148.006535812525,-5.38492765322139,1.19741473603336,-4.49712826406317,6.88774402401924e-06,5.51644103243616e-05
"MSTRG.1373",17.489471427216,-1.77198004389316,0.660962211467549,-2.68090976027026,0.00734223124194515,0.0266195649451412
"MSTRG.1379|SEC20",166.12254319226,-1.00333631006845,0.413992862268526,-2.42355944150956,0.0153692378090041,0.0494015654443079
"MSTRG.1384",20.9304493044544,-3.1295974485977,0.655568126116083,-4.7738706686962,1.80718461202665e-06,1.62045239492384e-05
"MSTRG.1406",370.664636499363,-1.8708743099022,0.419330753577102,-4.46157190700348,8.13606358498634e-06,6.43518103851308e-05
"MSTRG.1420|FBA2",151.298246931581,-1.69969246855047,0.233802420667569,-7.26978131234648,3.60069935285758e-13,8.98648639116639e-12
"MSTRG.1386|ALAD1",1163.14442768374,-1.30807726338564,0.241612544356218,-5.41394598062379,6.16507723391612e-08,7.19621129697493e-07
"MSTRG.1393",40.5579022120064,1.52173177544869,0.42023436579092,3.62115024216224,0.000293296119649903,0.00165465639112639
"MSTRG.1395",377.918096580126,1.07132070833767,0.207671909118063,5.15871748320384,2.48647168425057e-07,2.61095950041053e-06
"MSTRG.1440",32.3766931776348,-1.36341111480579,0.42721213931776,-3.19141473129276,0.00141577893871546,0.00653923694587404
"MSTRG.1435|PHC38",915.42385589397,-2.85150276699415,0.355596506793132,-8.01892794929228,1.06672051264196e-15,3.37823161553424e-14
"MSTRG.1448",322.13153635545,1.0801447551654,0.338016148236075,3.19554187219191,0.00139568529536749,0.00647086754906747
"MSTRG.1447",853.670287041563,-2.32997682824177,0.206134609034696,-11.3031811550364,1.26549142022089e-29,1.01099410043576e-27
"MSTRG.1453|FKB16F",14.030868751694,-1.67600361188998,0.562718626153036,-2.97840436409186,0.00289753438093199,0.0121032584309135
"MSTRG.1454",297.090448686964,2.40399681583884,0.317436751704792,7.57315214110588,3.64275262870382e-14,1.0124559666282e-12
"MSTRG.1463",34.3413064786305,2.56485913846755,0.45049879113256,5.69337629523814,1.2455146621999e-08,1.62972774482749e-07
"MSTRG.1464",119.464232347591,2.37921277442884,0.272185421646612,8.74114697266135,2.30755587221384e-18,9.24068595880496e-17
"MSTRG.1456",116.668070933046,1.97843158275316,0.365156868502736,5.41803195669134,6.02586474189081e-08,7.05443281786305e-07
"MSTRG.1458",49.6241181480483,2.3571272673895,0.442034957433771,5.33244538186251,9.68989194464991e-08,1.08105194481435e-06
"MSTRG.1459",69.5968703790844,3.02606970268845,0.469597919091866,6.44395892669292,1.16396597206925e-10,2.07684972210516e-09
"MSTRG.1424",1831.06608311258,-1.31841011630846,0.155155399636094,-8.49735245696057,1.93963805343151e-17,7.12156253428504e-16
"MSTRG.1432",52.3140070339258,1.04488587735638,0.320821621893365,3.25690603766002,0.001126337108731,0.00540003237473022
"MSTRG.1423",252.779116536191,2.60241413530827,0.245523799401446,10.5994373728844,2.99778236610208e-26,2.06314909334592e-24
"MSTRG.1425|NRX2",428.834680212101,1.9681899949153,0.475937090345545,4.13539947787287,3.5433769709983e-05,0.000245886543365042
"MSTRG.1427|NRX3",36.5080838099479,1.53673856583519,0.44119246048542,3.48314784016119,0.000495554620548659,0.00263401115261872
"MSTRG.1433",2858.3913429336,-2.57501770602031,0.207843525041357,-12.389213017379,2.98962813681098e-35,3.18987302812221e-33
"MSTRG.1469",108.352483922281,2.21812532061683,0.273467689935637,8.11110563423009,5.01612234306072e-16,1.64087063806542e-14
"MSTRG.1479",166.97712062723,2.1591236076368,0.434624708643411,4.96778844989289,6.77207812818119e-07,6.60101153168759e-06
"MSTRG.1468",417.840912054769,1.26002721895226,0.227730407534142,5.53297749121778,3.14839887299138e-08,3.87109398939034e-07
"MSTRG.1516",161.465931909319,-2.0921216555872,0.24758271888149,-8.4501925862953,2.90822695397844e-17,1.0366590160168e-15
"MSTRG.1520",165.30437251854,1.57072402457874,0.327461007546232,4.79667498841668,1.61321032410388e-06,1.46637036778751e-05
"MSTRG.1526",19.3159997192859,-3.95284861149576,0.857130697049338,-4.61172213887963,3.99346583072992e-06,3.35383622699124e-05
"MSTRG.1538|RFA2",125.015896598985,-1.33085485190833,0.457738988749952,-2.90745355894369,0.00364384445287194,0.0146769290883603
"MSTRG.1532",401.473371632244,2.41200214676864,0.448622983210934,5.37645692939134,7.59658605768079e-08,8.73250362581412e-07
"MSTRG.1535",56.0982289255254,-1.02473494510546,0.389043680267044,-2.63398429811808,0.00843893904350943,0.0299402483628014
"MSTRG.1536",42.5580627392177,1.99775586328698,0.625408462513624,3.19432176414381,0.00140159803483519,0.00648693029339442
"MSTRG.1537",959.951214854707,1.74595659696625,0.259849677115227,6.71910243010242,1.8284734695516e-11,3.60211539268046e-10
"MSTRG.1541",259.643701269095,-1.33659754945555,0.435994298850348,-3.06563079604472,0.00217211349459769,0.00947625389774249
"MSTRG.1486",515.296992736396,1.6405422688403,0.335901109088759,4.88400372743871,1.03953108030864e-06,9.84304056864009e-06
"MSTRG.1508",48.7398479981163,1.78927139957148,0.3905850060394,4.58100380686654,4.62749419075835e-06,3.82369556365261e-05
"MSTRG.1511",95.0845082822676,1.29376346152514,0.295617776466674,4.37647382707714,1.20614666911387e-05,9.21447368840568e-05
"MSTRG.1484",27.8596846151935,-8.24316478624394,1.35893625274822,-6.06589512169796,1.31220742076788e-09,1.99631326080075e-08
"MSTRG.1485",965.537023843299,1.05869312182839,0.310423980664211,3.41047466617467,0.000648499084592228,0.00332682750785648
"MSTRG.1489",26.8714664662637,1.84977838602312,0.480855305739508,3.8468503184723,0.000119646013078327,0.000741575179042489
"MSTRG.1494|EIF5A",6088.32486742104,-1.15350318904146,0.211729977284666,-5.44799184241449,5.09416941208406e-08,6.0483275065954e-07
"MSTRG.1501|AST3",580.483877081008,-1.3457798028761,0.32351293112089,-4.1598949328341,3.18394027293798e-05,0.000223480275757916
"MSTRG.1507",65.1810176597962,-4.75026781303469,0.701570148225303,-6.77090925982384,1.27975524519728e-11,2.61373969369031e-10
"MSTRG.1509",174.957801791062,-1.10020865694853,0.212013243873618,-5.18933929242822,2.11041551599068e-07,2.24273969740775e-06
"MSTRG.1570",22.5265523390011,-2.89059179661792,0.919754722766956,-3.14278548950743,0.00167348430570556,0.00757547081210336
"MSTRG.1571",37.2334284377343,-4.97901829296395,0.780000731933931,-6.38335079586271,1.73254398313615e-10,3.01027150206541e-09
"MSTRG.1574",35.4522157149695,-1.68482143517962,0.531563408972172,-3.16955871442954,0.00152670609140783,0.00698864769398264
"MSTRG.1558",74.0288565012768,-1.07261828918448,0.31909608657188,-3.36142727636637,0.000775407727754813,0.00388755347078083
"MSTRG.1564",58.5357681215501,-1.05411361345163,0.300504653831107,-3.50781127683989,0.00045180944157443,0.00241928814488053
"MSTRG.1586",77.3659829078299,1.49893199952614,0.297744123749908,5.03429582638942,4.79608544259701e-07,4.8197323872571e-06
"MSTRG.1582|ATG3",276.98094187854,1.04364198073435,0.358033525858576,2.91492808733949,0.00355770510155035,0.0143930462946502
"MSTRG.1585|RAD51C",52.5521762285549,-1.33109010558967,0.309035378852047,-4.30724181332952,1.6530286819288e-05,0.000122917913869523
"MSTRG.1612",94.6307687292288,1.41270775972129,0.282926496722551,4.99319708859454,5.93878983939889e-07,5.87157219320669e-06
"MSTRG.1616",122.128415266967,-1.14362051878371,0.345576432926947,-3.30931281713145,0.000935252793638594,0.0045976032508554
"MSTRG.1599",72.0156097010289,1.98084711251854,0.295425255286983,6.70507032512945,2.01309393830936e-11,3.94625985588683e-10
"MSTRG.1600",94.9118007436777,2.24169978364478,0.412302646592027,5.43702496739716,5.41775489219722e-08,6.39431828330746e-07
"MSTRG.1628",125.92752755122,-1.56620662705725,0.310033374445739,-5.05173557478199,4.37813527588251e-07,4.42770958116922e-06
"MSTRG.1620",73.210202348768,-2.05342649247209,0.345126579000219,-5.94977790009848,2.68506588430744e-09,3.88065249351997e-08
"MSTRG.1619|PDI5",540.946843143191,-1.23909281575092,0.218732810414494,-5.66486945146852,1.47136514885294e-08,1.91109175951504e-07
"MSTRG.1638",337.198351214576,-1.62879508214182,0.274319655613419,-5.93758066114365,2.89258743217335e-09,4.16056209255893e-08
"MSTRG.1630",253.112285224478,-1.16393659491991,0.291974481785897,-3.98643260808461,6.70741675983826e-05,0.000441002943126173
"MSTRG.1643|LPA2",47.0028166188887,-1.74965814984422,0.341252177586008,-5.12717065198287,2.94128891714367e-07,3.06225351701049e-06
"MSTRG.1641",14.1499843644534,-7.26670977499206,1.41927283658047,-5.12002314685324,3.05498157419403e-07,3.16817332462731e-06
"MSTRG.1651",43.3625889434044,-1.6727723539123,0.497976123688308,-3.35914168238178,0.000781849709488027,0.00391861496892833
"MSTRG.1650",221.479329258034,-1.55878524804028,0.372365554582514,-4.18616928675893,2.83701790701069e-05,0.000200814384174782
"MSTRG.1655",268.838888265714,-3.36933294213232,0.338712149505141,-9.94748179849739,2.58645148336103e-23,1.51174285597329e-21
"MSTRG.1658",2175.41808899738,3.5028808229197,0.499406607547727,7.01408585705375,2.31457238199414e-12,5.26424488253833e-11
"MSTRG.1667|TPR6",112.800312430037,-1.68190924756365,0.395914563651861,-4.24816210863766,2.15531416186017e-05,0.000156462029887
"MSTRG.1674",6.05281549140081,6.03648923905358,1.42611143596687,4.23283138106314,2.30767524309399e-05,0.000166685238594767
"MSTRG.1680|ATS2",339.844877496535,-1.27538358557036,0.370940741816003,-3.43824078025645,0.000585506822145532,0.00303996977742314
"MSTRG.1672",1028.99968043402,-1.77742220829624,0.37042230026366,-4.79836717992168,1.59964330213194e-06,1.45820695053289e-05
"MSTRG.1698|AOC3",84.5123706849086,4.84879454871329,0.447262164936746,10.8410568316214,2.19915744650362e-27,1.61116152463201e-25
"MSTRG.1696|DAD1",287.693706732783,-1.09749860012671,0.271104129394105,-4.0482548258469,5.16009487156321e-05,0.000346725225139949
"MSTRG.1691",34.5685139462337,-1.24843744946133,0.48617605471196,-2.56787111862386,0.0102325192313614,0.0350898599525849
"MSTRG.1695",1007.89331009852,-1.58752028568579,0.21626876110553,-7.3404974327806,2.12801455455465e-13,5.44785432984054e-12
"MSTRG.1699",482.599530092623,2.84801281622056,0.296437804833126,9.60745481779491,7.43644050761764e-22,4.04878531472963e-20
"MSTRG.1701|PRPL17",412.412459819308,-1.23725359004627,0.193421495054541,-6.39667059598204,1.58801395050853e-10,2.78042354462385e-09
"MSTRG.1713|GSP1",96.035602333161,-1.92339646618059,0.577978883553288,-3.32779712358341,0.000875355879260511,0.00433241345778311
"MSTRG.1720",142.359566622202,1.6261821661163,0.214841629287533,7.56921352490723,3.75490529684618e-14,1.04180601063282e-12
"MSTRG.1715",1578.4073114878,1.77450123809541,0.354435365410242,5.00655806748153,5.54119506386489e-07,5.49899620008265e-06
"MSTRG.1725",61.1055257093313,-1.13107276009096,0.389580497310399,-2.90330950316996,0.00369241529012027,0.0148424824986933
"MSTRG.1724|PCD2",196.746213092961,-1.25283443629527,0.311714558040206,-4.01917204051046,5.84030149206176e-05,0.000388490013057732
"MSTRG.1734|NRT2F",15.2252526077456,4.45793051621837,0.870605977892286,5.12049150754846,3.04740341426488e-07,3.16237725065163e-06
"MSTRG.1745|TEF4",191.934361036546,-2.11071710531626,0.382693929271135,-5.51541831179883,3.47951335542968e-08,4.23238740050658e-07
"MSTRG.1754",135.689667877962,1.610929732635,0.237622245498057,6.77937256782708,1.2069890431309e-11,2.4823689272568e-10
"MSTRG.1748",362.057536822077,-2.3206972381138,0.263343482296879,-8.81243468747624,1.22456731287991e-18,5.03053517833717e-17
"MSTRG.1762",1042.11417932023,5.42360756223447,0.566830933546804,9.56829848416633,1.08679487970876e-21,5.85690338902031e-20
"MSTRG.1764",144.254788109789,4.13314190943544,0.334352627834617,12.3616253181651,4.21546279387523e-35,4.38022401941362e-33
"MSTRG.1760",95.3565309687179,-5.54946929190662,0.603842698612311,-9.19025650994843,3.91905690426066e-20,1.8271309872122e-18
"MSTRG.1757",978.565575532109,-1.81297200354514,0.308437448115273,-5.87792440452165,4.15442547687619e-09,5.83454560347859e-08
"MSTRG.1769",573.104154577172,2.05308373607463,0.232042480031569,8.84787878407141,8.9198458246979e-19,3.6929090864856e-17
"MSTRG.1766",311.105614430581,-1.4412852738912,0.172897028122237,-8.3360905016379,7.67871561073092e-17,2.65961265314597e-15
"MSTRG.1774",463.445731666775,1.68066517112757,0.248772936015257,6.7558199780401,1.42029681226901e-11,2.87275810705505e-10
"MSTRG.1783",50.3805374821662,1.2449100160462,0.36628014463096,3.39879197465234,0.000676841756894365,0.00344996160663886
"MSTRG.1800",49.583823619295,2.08831370941478,0.58198176274165,3.58828032613422,0.000332866286624646,0.0018522604916901
"MSTRG.1806",792.86235627288,2.50581323660741,0.339948903298537,7.37114669967579,1.69166563677187e-13,4.36592537230506e-12
"MSTRG.1794|PBGD2",42.2763582462761,-3.02231762660357,0.48545097415181,-6.22579372074435,4.79124119982376e-10,7.86892072260312e-09
"MSTRG.1799",137.47667225469,-1.20573039863936,0.252922868247627,-4.76718616625394,1.86816673779837e-06,1.6676089161998e-05
"MSTRG.1803",33.9075990769809,1.50829484141926,0.405420536358375,3.72032175520086,0.000198969127659952,0.00116680604630687
"MSTRG.1826",7.99501797621565,3.93025606358322,1.12772223980848,3.48512774231597,0.000491902145262686,0.00261722232442643
"MSTRG.1828",69.371156648539,1.68856060808198,0.346299431920039,4.87601321988847,1.08251357051006e-06,1.02135315987946e-05
"MSTRG.1827",47.2263418409403,1.19994415475382,0.421033662787117,2.84999576235912,0.00437198115881236,0.0171788819730101
"MSTRG.1824",14.611278719624,-2.34150348869946,0.940543262774847,-2.48952236582017,0.0127914869965656,0.0423047764242561
"MSTRG.1825",65.6757313655013,4.09291091680308,0.444248894809805,9.21310320547981,3.16830148154434e-20,1.49464857429056e-18
"MSTRG.1836",90.1808423681447,1.14078666697005,0.292304704725909,3.90273111765257,9.51133448911513e-05,0.000599330938200366
"MSTRG.1832",341.486765573969,1.0509645399064,0.233989302311668,4.49150678908619,7.0721046107781e-06,5.65554925061118e-05
"MSTRG.1844",354.770149797365,-1.20930232486371,0.190959357656638,-6.33277331733668,2.40793210155394e-10,4.08551809503783e-09
"MSTRG.1821|POC1",26.6305059186363,-5.72472369642543,0.983645451007024,-5.8199056281556,5.88808630245791e-09,8.06277312975675e-08
"MSTRG.1852|HDA1",142.911464122418,-1.46267148591253,0.216549699086187,-6.75443785922964,1.4339010665772e-11,2.89658947349991e-10
"MSTRG.1847",30.0904798735699,-2.16459730481499,0.616781057487025,-3.50950678290006,0.000448938607964437,0.0024055362283177
"MSTRG.1846",167.569230991319,1.24603768016918,0.2938519514938,4.24035870388109,2.23162875858195e-05,0.000161706627182934
"MSTRG.1950",101.057109086147,1.67557780396198,0.327787933136027,5.11177390799996,3.19147654031335e-07,3.30326133059255e-06
"MSTRG.1953|GDH1",252.1688848117,1.15907289358454,0.381462949721836,3.03849402525131,0.00237763819517601,0.0102271894012198
"MSTRG.1956",22.4896576282679,1.8137625385938,0.485345996211995,3.73705058401587,0.0001861914769198,0.00110039855021226
"MSTRG.1968",81.54687672422,-1.19318976101376,0.357879747355408,-3.33405220561088,0.000855905917950359,0.00425490690543302
"MSTRG.1965",25.4331528271282,-3.98905380974904,0.657052582260203,-6.07113329655756,1.27010706383321e-09,1.93968896261483e-08
"MSTRG.1974",1123.36985186238,2.00491648965204,0.216957543111057,9.24105454414074,2.44079660054842e-20,1.16527880947504e-18
"MSTRG.1926|OPR37",2192.3717515227,1.73276338968191,0.289272137559058,5.99008049756659,2.09737200265187e-09,3.07318157586723e-08
"MSTRG.1928|CGL142",128.769485821348,-1.05392243661087,0.241106205903081,-4.37119580835063,1.23567914208148e-05,9.42650048023582e-05
"MSTRG.1928",191.007098041887,-4.6116761973646,0.519753467025066,-8.87281468993489,7.1319955634004e-19,2.99167455057888e-17
"MSTRG.1931|FER1",721.325810671566,-2.26599465120738,0.509423092261755,-4.44815848678303,8.66096173000608e-06,6.81306133516262e-05
"MSTRG.1937",119.563025382646,-1.05622188150927,0.329775332531584,-3.20285290413017,0.0013607346490522,0.00632925864068375
"MSTRG.1859|MOT11",37.8203728569578,-1.91543250397619,0.474440219326154,-4.03724732000307,5.40820453643301e-05,0.000362019518821945
"MSTRG.1874",82.4826908545499,1.28743738578836,0.316069179334009,4.0732772126062,4.63561936232354e-05,0.000314944771889828
"MSTRG.1905",197.950597258194,1.53099502502172,0.224222046642515,6.82803073090595,8.60881482241003e-12,1.80796483549108e-10
"MSTRG.1870|PHR2",39.3795513749149,1.30295328657884,0.356734983969747,3.6524404533572,0.000259759843354286,0.00148870295228783
"MSTRG.1875",597.628161489875,1.10374862664485,0.243695118083217,4.52921927745775,5.92020339080762e-06,4.7971148576483e-05
"MSTRG.1880|FTSZ1",237.565017668813,-4.37067701725611,0.541681412595639,-8.06872252882487,7.10374998136814e-16,2.28614204865973e-14
"MSTRG.1881|PHC47",52.9297498591008,-3.82775277129093,0.613198089677791,-6.24227771698089,4.31244380831293e-10,7.1415866317249e-09
"MSTRG.1888|PRPS17",787.650376231901,-1.09308317302123,0.206810409858667,-5.28543593994247,1.25405752633599e-07,1.37876947120951e-06
"MSTRG.1901",38.3981569877986,-4.07704627882387,0.714716437925865,-5.70442494740377,1.16736515197447e-08,1.53378274265207e-07
"MSTRG.1907|RBCS1",4057.73421056177,-3.45538404303135,0.197148069324827,-17.5268469778325,8.93909648457352e-69,3.46618916857926e-66
"MSTRG.1908|RBCS2",11534.8629944301,-3.50524297756528,0.261899851994579,-13.3839059123937,7.5095013692034e-41,1.02919011006548e-38
"MSTRG.1977",134.400059075717,1.30178201812567,0.234204912864715,5.55830363335558,2.72409199593971e-08,3.37812906017546e-07
"MSTRG.1975",18.7286087341523,2.15886837816337,0.794167455660415,2.71840449111339,0.00655975909404724,0.0241737087532642
"MSTRG.1983|RHM1",838.618256418733,-1.14402425218473,0.343753808282933,-3.32803368171888,0.000874612915343328,0.0043316498841521
"MSTRG.1984",752.392921962372,1.40051294209658,0.274089868988473,5.109685181963,3.22696064894417e-07,3.33781525028721e-06
"MSTRG.1988",24.8829800860526,1.59477508533482,0.515274553276273,3.09500066555733,0.00196812455456184,0.00867458945617526
"MSTRG.1992",21.9111399531335,-7.89669666638348,1.36611485159641,-5.78040466887214,7.45211561092431e-09,1.00742971073533e-07
"MSTRG.1995",33.2872822396548,1.54684383941825,0.373608518523766,4.14027989921181,3.46882302101878e-05,0.000241662350517777
"MSTRG.1996|AST1",980.837092635924,-2.30482446340268,0.233808587047956,-9.85774086616389,6.34611476187702e-23,3.65545407551887e-21
"MSTRG.2000",458.422579757907,-2.3931058979799,0.525359377871422,-4.55517879527716,5.23410390820231e-06,4.28044156031895e-05
"MSTRG.2031",98.7394577562774,-1.11690608148754,0.312220961393561,-3.5772937105259,0.000347170009078115,0.00192042755891575
"MSTRG.2028",9.522487818886,-4.20202112583552,1.10983649074162,-3.78616234092972,0.000152991745007453,0.000922709697317335
"MSTRG.2032",114.733700281715,1.1251586377506,0.280605144846931,4.00975769123682,6.0781088433279e-05,0.000402456369809358
"MSTRG.2006",240.705236821249,1.15556269195511,0.237648169737494,4.86249354763195,1.15916158667385e-06,1.08786014787136e-05
"MSTRG.2013",281.063078603014,1.07286341004625,0.226726111845811,4.73197992640506,2.22340405149664e-06,1.9615803335568e-05
"MSTRG.2012",39.0717955594307,1.42612578467933,0.410751485187196,3.47199179092288,0.000516612133905343,0.0027284984379016
"MSTRG.2021",474.508661035266,-1.20437077434756,0.24498930893423,-4.91601359907051,8.83242648153097e-07,8.44365100441247e-06
"MSTRG.2022",71.2715615913902,1.18307173398531,0.393058336700809,3.00991385633897,0.00261321794150264,0.0110875203720333
"MSTRG.2037",28.6808758829687,-1.78663367342778,0.544613916261832,-3.28055090051872,0.00103604568455773,0.00502166289423744
"MSTRG.2042|ASD1",1494.17240618992,-1.86905292240724,0.230051880558836,-8.12448443310695,4.49267979692504e-16,1.47571535974203e-14
"MSTRG.2045",326.007986253159,2.05879980716148,0.275919860289386,7.46158614679713,8.54870400392946e-14,2.27269726178045e-12
"MSTRG.2061|CGL66",482.812971697826,1.85148255139421,0.36615777054653,5.05651579817813,4.26985513991243e-07,4.32645997541924e-06
"MSTRG.2064|LIP1",1022.45609874118,-1.12975055216854,0.18505570838739,-6.10492138833975,1.02851291128699e-09,1.58904745030521e-08
"MSTRG.2071",17.6078019086914,2.83297111449279,0.62788003586605,4.51196240152023,6.42305758468445e-06,5.18081022228886e-05
"MSTRG.2072",43.4920520842579,-2.13518223724931,0.496419409624496,-4.30116590095543,1.69901793829182e-05,0.000125749474781021
"MSTRG.2092|VSP4",238.817706727896,-1.75232534860386,0.436599392977889,-4.01357715284913,5.98054421551687e-05,0.000397154101663689
"MSTRG.2093",184.687591253924,1.42586114991343,0.400887748604403,3.55675910495453,0.000375458151928583,0.00205121432967718
"MSTRG.2080|ATG1",353.550662873677,-1.23303244895465,0.421082205307215,-2.92824639325485,0.00340879793158993,0.0138849780979802
"MSTRG.2078",261.234617258004,-2.66945644636307,0.369906997603042,-7.21656109146586,5.33187159207649e-13,1.30409376262818e-11
"MSTRG.2082",58.810436877245,1.28714842257297,0.313133124800614,4.11054698666119,3.94722945065893e-05,0.000271775893488851
"MSTRG.2102",2664.24577847773,2.3125558466699,0.540006377336614,4.28246025181359,1.84838158134118e-05,0.000135855618955904
"MSTRG.2121|ELIP8",719.165819313755,-1.40505753093524,0.195553547826923,-7.18502705038519,6.7193881852226e-13,1.62594875751399e-11
"MSTRG.2124",24.2014295878664,4.30275583464948,0.892478606544463,4.82113050452725,1.42746927865304e-06,1.31635189048874e-05
"MSTRG.2135",78.0948229756764,1.05340863917884,0.361356062884968,2.91515418551086,0.00355512856637437,0.0143930462946502
"MSTRG.2145",7.61471456870891,2.03368634384716,0.792933761000292,2.56476195600708,0.0103246610895508,0.0353448453922651
"MSTRG.2144",246.755668534932,1.30120893406006,0.192189892999381,6.77043372964596,1.28396887269263e-11,2.61699194077788e-10
"MSTRG.2140",88.9077875853065,-1.02512261952527,0.294259073722544,-3.48374174687932,0.000494456349397026,0.00262905252264679
"MSTRG.2141",47.7635014204758,-1.9899105268682,0.344895753366585,-5.76959996591537,7.9459930833508e-09,1.07055422067043e-07
"MSTRG.2160",394.481852176374,-1.70717470622615,0.380688822153005,-4.48443612442083,7.31070011532618e-06,5.83461397758311e-05
"MSTRG.2167",155.044916807155,5.74472479128108,0.415818066892075,13.8154766439528,2.05588910910887e-43,3.19415431411442e-41
"MSTRG.2166",124.146824689159,-2.16502819267854,0.257959439026047,-8.39290161605576,4.74288484682743e-17,1.65719523724973e-15
"MSTRG.2165",122.648674691045,1.14200726522222,0.237264345037289,4.81322747858615,1.48512076276235e-06,1.36555522766893e-05
"MSTRG.2176|RPS27E2",125.995543906668,1.30393881960347,0.302105582959564,4.31616922411526,1.58760288077597e-05,0.000118385134139664
"MSTRG.2181|FAP39",548.862726474841,-1.33599430985616,0.428022110946744,-3.12132078153876,0.00180041798175372,0.00807192472473792
"MSTRG.2182|CMK1",83.1135161929675,-3.2399611127443,0.507802909149748,-6.38035161745963,1.76681844211591e-10,3.05979080531141e-09
"MSTRG.2190|FAP1",54.2649348871504,-1.41338248475815,0.414756008854963,-3.40774444392052,0.0006550220967974,0.00335593798226373
"MSTRG.2189",182.696132714749,-1.46214008474203,0.263018746357562,-5.55907175815642,2.71213181808836e-08,3.36592284496243e-07
"MSTRG.2202",71.911050920214,1.14904006215001,0.275135068842215,4.17627628126519,2.96319890066487e-05,0.000209094257091745
"MSTRG.2206",10.066229737944,5.78477604780336,1.32469332680335,4.36687943598445,1.26034249863481e-05,9.58704547526134e-05
"MSTRG.2224|SMP11",29.6608220443685,-1.12034957436939,0.43366331370303,-2.58345481152828,0.00978162800788973,0.0337694510465648
"MSTRG.2218",24.3465278075228,-1.58461265365113,0.498430193225983,-3.17920678800587,0.00147678695268151,0.00678946182004936
"MSTRG.2225|TRXZ1",151.343972883251,-1.22958997430773,0.261952658211826,-4.69393967101273,2.67993096896459e-06,2.3193000840827e-05
"MSTRG.2238",15.7349166641834,-3.85384074492262,0.819698280019138,-4.70153572218383,2.5821207897177e-06,2.24442626106791e-05
"MSTRG.2240",223.499357124013,7.20978279547008,0.536483470004755,13.4389654082095,3.57398490482288e-41,4.94080104494558e-39
"MSTRG.2235|MOT19",68.4460035918065,-1.31725223196331,0.422261471810619,-3.11951792882038,0.00181147236349892,0.00811406584111777
"MSTRG.2237",42.9188078540203,1.59892722889756,0.439667138072965,3.63667668205897,0.000276178230472549,0.00156922141102666
"MSTRG.2255",19.2417034063709,1.85265622505543,0.551090307463765,3.36180150505958,0.000774357664777015,0.0038847390831887
"MSTRG.2246|PCK1",6360.04029667121,-2.74353136558169,0.295526153906839,-9.28354844169412,1.63926264880739e-20,8.06842030673063e-19
"MSTRG.2267",10.8081393240484,-6.87813124870666,1.3909779942084,-4.94481672416463,7.62155340826211e-07,7.36580280149246e-06
"MSTRG.2266",105.995323425018,-1.82422632283806,0.298601556736507,-6.10923245938666,1.00111423529812e-09,1.55227086297341e-08
"MSTRG.2289",43.349245445595,1.58505561353973,0.347181747640756,4.56549235180375,4.98323365922663e-06,4.09423507567881e-05
"MSTRG.2295|MMP13",42.6780308213415,-1.36157578099751,0.369109308050071,-3.6888145362425,0.00022530137322548,0.00130819621312589
"MSTRG.2292",138.877535850191,-2.25439384762989,0.236862628991813,-9.51772703539407,1.77008175479781e-21,9.2873794514111e-20
"MSTRG.2304",98.1872629248226,-3.43713754847573,0.390944106920712,-8.79188990863295,1.47064843041591e-18,6.01037756985914e-17
"MSTRG.2284",96.7190867466494,1.25673807010001,0.289637706295417,4.33900021573226,1.43132382229791e-05,0.000107691368324147
"MSTRG.2282",12.7807522166593,-2.39335003129439,0.928638694904605,-2.57726718090316,0.00995849425064266,0.0342758479317422
"MSTRG.2302",1271.58507856108,2.81621582718453,0.223876892810903,12.5793054916268,2.74431893135296e-36,3.09426825323755e-34
"MSTRG.2309",50.3750376099701,1.07201928413796,0.440581171280043,2.43319359523096,0.0149662964374031,0.0483311356412419
"MSTRG.2306",56.1485411629213,2.03134601235341,0.327118340380989,6.20981999965987,5.30453264574305e-10,8.65826078049518e-09
"MSTRG.2307|MAS1",4622.32832183063,-4.35374530496229,0.254891593529887,-17.0807724361133,2.06368681481878e-65,7.29077621821977e-63
"MSTRG.2323",494.553623449735,4.20540892128487,0.300296548399079,14.0041866738212,1.46952414715427e-44,2.40850462798543e-42
"MSTRG.2319|CPLD33",146.2805802103,-1.46762399467996,0.217173390453601,-6.7578444652662,1.40059761460637e-11,2.84014041798624e-10
"MSTRG.2322|TEF11",133.661065284571,-2.65128628399502,0.301267385012262,-8.80044245044019,1.36277788322902e-18,5.58387700710693e-17
"MSTRG.2350",121.307436470736,1.71990742355484,0.259597735832487,6.62527898419213,3.46592954395003e-11,6.65475216059391e-10
"MSTRG.2359",4.51957041712879,-5.61651475577696,1.55446305104649,-3.613154234831,0.000302494646006347,0.00169631741876857
"MSTRG.2357|HHL1",676.468535434972,-2.1822417596042,0.189943869507587,-11.4888770312065,1.50049744326566e-30,1.23600561414702e-28
"MSTRG.2330",20.2797758385053,-2.44799510741646,0.660440379205815,-3.70661029290819,0.000210051782990845,0.00122862518248288
"MSTRG.2329",12.3119617921255,2.11403210526105,0.843856676593991,2.50520279556689,0.0122381201994892,0.0407203086922309
"MSTRG.2337",2897.28604720243,1.41994421840718,0.183733012239697,7.72830206775652,1.0899048003549e-14,3.22068894350226e-13
"MSTRG.2373",264.865062123595,-3.37136036462951,0.395335031381468,-8.52785636741715,1.49084484814179e-17,5.52481384516508e-16
"MSTRG.2378",99.6504725780436,1.04434816704857,0.334550844799699,3.12164259418876,0.00179845128715442,0.0080653818231822
"MSTRG.2389",159.757822495469,1.37224208356896,0.308590364857002,4.44680793648515,8.71556967097507e-06,6.85262742973105e-05
"MSTRG.2391",17.7978505825377,2.75451229941249,0.795643025720181,3.46199515406954,0.000536186809400824,0.00281329963559548
"MSTRG.2396|SRRP1",194.973276211169,-2.01020338753301,0.294323794373815,-6.82990443164744,8.49712195969845e-12,1.78686831898526e-10
"MSTRG.2394",59.7500404332492,-1.03553583732914,0.331155328723773,-3.12703963218696,0.00176576122414216,0.00793668983359121
"MSTRG.2404|RWP11",305.917182265838,3.17528917741026,0.301859056777999,10.5191118375008,7.05353297434364e-26,4.73152182388672e-24
"MSTRG.2400",15.9653506660717,-2.95173643979049,0.631566224142935,-4.67367684805523,2.95854719230437e-06,2.53694623857901e-05
"MSTRG.2403|RWP4",73.0043334007664,3.80159292530684,0.464159476513029,8.19027320925576,2.60633853290312e-16,8.77872245679954e-15
"MSTRG.2408",84.5689316085899,-1.58015861157624,0.265968618652151,-5.94114681492881,2.8303498218587e-09,4.07950149301084e-08
"MSTRG.2417|NRT2D",54.2544418363427,-1.11713327634322,0.360842450698543,-3.09590314049969,0.00196214444659935,0.00865543074695795
"MSTRG.2398",106.159474611278,2.64161841749232,0.505304598962856,5.22777434227648,1.71562720410403e-07,1.85166607541384e-06
"MSTRG.2398|CIS2",2281.67325522621,-1.67531831209739,0.324088890447462,-5.16931731224826,2.34950681191393e-07,2.47859716627788e-06
"MSTRG.2413",21.8439798506245,-1.94319135661131,0.545860515295153,-3.55986795557214,0.000371041313668928,0.00203069372987616
"MSTRG.2409",954.924086586498,1.81435344328956,0.350523478243201,5.17612529803415,2.26541346180179e-07,2.39783909558755e-06
"MSTRG.2453|LZY1B",57.732463414376,4.55909388021558,0.700044252036868,6.51257955043601,7.387106904042e-11,1.34988765012023e-09
"MSTRG.2437",81.5190552558582,1.29627656870712,0.363121295405506,3.56981698707462,0.000357230712461489,0.00196581996078669
"MSTRG.2438|SSA15",57.2916331410464,-1.56777036967623,0.429100398078422,-3.65362133593197,0.000258567513339203,0.00148240401264574
"MSTRG.2440|CGLD16",690.252796378599,-2.93377982434821,0.24753618116167,-11.8519232646322,2.10307875114717e-32,1.91055691347073e-30
"MSTRG.2454|MCS1",56.3526983068533,1.82021716698595,0.396341621602238,4.59254609603602,4.37870751181512e-06,3.64464356140507e-05
"MSTRG.2456",533.519223752167,-1.27863682568835,0.334314409030327,-3.82465365282046,0.00013095605333011,0.000801362330963083
"MSTRG.2493",96.1124663764439,-3.78224959415471,0.399195190406867,-9.47468728343086,2.67560919731593e-21,1.37215596835254e-19
"MSTRG.2497",146.663188801992,-1.96921630330745,0.229723710869353,-8.57210731907153,1.01608331631251e-17,3.8008688382909e-16
"MSTRG.2509",149.057066092834,1.7383452153996,0.212813885342098,8.16838249348817,3.12551620367505e-16,1.04389614718542e-14
"MSTRG.2485",89.4932084485562,2.01810211775013,0.292051834995436,6.91008196466791,4.84373757408076e-12,1.05199098296087e-10
"MSTRG.2472",52.3806653514027,-1.79342486620312,0.382008524895317,-4.69472472294848,2.66965983991539e-06,2.31343084577047e-05
"MSTRG.2478",460.310501375713,-1.90007965781245,0.218690592950409,-8.68843799899214,3.67456664264842e-18,1.453190559324e-16
"MSTRG.2479",15.6660254142234,1.68106838442205,0.623894923741981,2.69447357311289,0.00704999170065567,0.0257361120682029
"MSTRG.2481",53.369231158739,1.95267056681812,0.435868992994123,4.47994832897978,7.4661111175449e-06,5.95565652517455e-05
"MSTRG.2484",53.9320382652621,1.47761907128933,0.461824677692875,3.19952385106622,0.00137654796838373,0.00638959404419404
"MSTRG.2505",123.038669333389,-1.37991935289669,0.467793068819071,-2.94984993339095,0.00317928311379012,0.0130943634567449
"MSTRG.2508",736.227079542516,-1.7446567236619,0.318385071620703,-5.47970642838536,4.26032129117473e-08,5.12722088471581e-07
"MSTRG.2507",153.331836475179,-3.36931961458746,0.443021039763906,-7.60532641154701,2.84185713195664e-14,7.98230471446054e-13
"MSTRG.2517",306.701908952346,-2.39132267754191,0.334681850733284,-7.14506231007912,8.99550752345921e-13,2.14730598510442e-11
"MSTRG.2520",422.065193774117,1.03473453778231,0.370324403845333,2.79413003042184,0.00520395491114664,0.0199355361873275
"MSTRG.2553",24.7433755256668,1.73321355445883,0.495979153299096,3.49452904004139,0.00047489894240219,0.00253183882840712
"MSTRG.2579|AMT1A",1980.28849298762,7.52008047612096,0.307884524240933,24.4250031555213,9.27919474414962e-132,3.68801595106227e-128
"MSTRG.2568",5.80613238136238,3.40797662864561,1.19385422877786,2.85460029080295,0.00430910239570281,0.0169611561987827
"MSTRG.2522|RRF1",294.72820001191,-1.46454218263664,0.29661335885421,-4.93754626660792,7.91116416735634e-07,7.61329830100673e-06
"MSTRG.2533|GTRBP1",387.949745250085,-1.29868489494299,0.257151887623279,-5.05026390024221,4.41200116311389e-07,4.45628935776268e-06
"MSTRG.2538|LHCBM5",4805.95870169573,-3.9442068642616,0.517794948046285,-7.61731430394148,2.59008128210085e-14,7.3604524622423e-13
"MSTRG.2556",82.5882998561254,-2.13411614368837,0.464641852094959,-4.59303468696621,4.3684641698324e-06,3.63802217768441e-05
"MSTRG.2558|GSA1",993.510487509571,-1.2825003900856,0.301874946522406,-4.24844924979691,2.15255396429488e-05,0.000156390012858059
"MSTRG.2561|HDA2",199.067632325784,1.34456718324483,0.243058122871187,5.53187512255007,3.16825438534278e-08,3.89249677111124e-07
"MSTRG.2584",29.673856588795,-3.67020893372401,0.634372674323286,-5.78557223896692,7.22658961584036e-09,9.77772950745788e-08
"MSTRG.2596",36.9990166558414,-1.27375022019131,0.448698700311662,-2.83876512079614,0.0045288479586916,0.017712084833279
"MSTRG.2585|EFG6",1132.16670934829,1.10757005399132,0.20786598986488,5.32828893611348,9.91423186898307e-08,1.10435376333677e-06
"MSTRG.2611",94.9169337465649,4.50787169729953,0.415633845389463,10.8457762699173,2.08855271287802e-27,1.53721347358032e-25
"MSTRG.2613",16.3297566337188,-2.53405117941168,0.912769993667823,-2.77622095050363,0.00549948209107298,0.0208565759264977
"MSTRG.2604",24.821487695663,-1.32606582258303,0.469386756683564,-2.82510276163798,0.0047265454702604,0.0183722787007824
"MSTRG.2605|MTP3",102.885600623236,-1.1376891532247,0.252006641817131,-4.51452051033743,6.34601806683157e-06,5.12386974233054e-05
"MSTRG.2636",27.4558451255247,-2.8596035277021,0.502060214759792,-5.69573816772209,1.22839272711813e-08,1.60864807048797e-07
"MSTRG.2638|PGP3",66.6415090283609,-1.20219911832258,0.328412827681748,-3.66063386381356,0.000251592066508677,0.00144449645119355
"MSTRG.2615",1433.66356035431,-3.40261412408954,0.58074168316868,-5.85908369022863,4.65428110690969e-09,6.48499220312448e-08
"MSTRG.2619",16.4017274152023,-7.47835414220045,1.28793618929559,-5.80646324278735,6.38062721743259e-09,8.68486399852255e-08
"MSTRG.2649|CDT1",13.1781886260738,-3.11403866075747,0.890313544794615,-3.49768761686743,0.000469310484264341,0.00250456464546307
"MSTRG.2654",20.2929238575391,1.61904905074949,0.473927907389298,3.41623488616288,0.000634934546369653,0.0032709622223541
"MSTRG.2655",5.77629629689401,4.02347538650871,1.32118216162097,3.04536005963952,0.00232401901861801,0.0100318366434942
"MSTRG.2645|POC5",22.6038790545772,-6.07726730538293,1.17044493240052,-5.19227102202815,2.07744291130835e-07,2.21065511405489e-06
"MSTRG.2647",84.9602912083961,-1.52083717747855,0.308148085032024,-4.93541012049612,7.99825081621211e-07,7.67851397802779e-06
"MSTRG.2642|FAP292",276.605694715106,-1.32189755276446,0.317149063346238,-4.1680638713453,3.07197863591878e-05,0.000216098744928481
"MSTRG.2648",53.7087029584307,-1.41972106168651,0.379243075972636,-3.74356488393463,0.000181427724552692,0.00107584407494916
"MSTRG.2674",264.87600455678,-1.19851587882556,0.306637154535298,-3.90858009572219,9.28401680499294e-05,0.000587998399643641
"MSTRG.2672|PMA3",2075.62463398233,-1.82592211605393,0.206220867582772,-8.85420635387951,8.4281337151116e-19,3.50238065369405e-17
"MSTRG.2675",44.6005177927956,2.88079544478175,0.426649920355626,6.75212933915589,1.4569090566089e-11,2.93933251040207e-10
"MSTRG.2677",9.69108011772289,2.88838337044828,0.836076330184873,3.45468860457944,0.000550928729828472,0.00288019235344066
"MSTRG.2657",54.6822835893359,-2.29651682850648,0.55657935454054,-4.12612650787643,3.68924377847121e-05,0.000255117866855743
"MSTRG.2659|CDO2",523.628564839198,4.33254248973123,1.22704362497821,3.53087893660518,0.000414181271146031,0.00223511671713496
"MSTRG.2660|ANR1",1955.82587847839,-4.63428904253356,0.3601875405812,-12.8663224581718,6.96397207834016e-38,8.45139145812609e-36
"MSTRG.2661|KIN15A",299.149792526022,-1.60049852356052,0.258087655745692,-6.20137572615091,5.59717087100614e-10,9.05227085526507e-09
"MSTRG.2664",15.2400161556923,-4.12298985329121,0.926576941961351,-4.44970046908763,8.59901324722205e-06,6.77103083726281e-05
"MSTRG.2666",732.101991834285,-1.27607337383904,0.195434194889136,-6.52942733262683,6.60216335899976e-11,1.21764725152411e-09
"MSTRG.2669",27.7357585156338,1.13350396040366,0.411946853763096,2.75157814666918,0.00593088672308317,0.0221857028526062
"MSTRG.2695",87.6915863282917,1.22623691802612,0.266778373119802,4.59646298793288,4.29723265046421e-06,3.58809898514075e-05
"MSTRG.2681|PMA4",39.7508308859949,-1.79186579736286,0.400903462437385,-4.46956927353233,7.83772720647793e-06,6.22398537105825e-05
"MSTRG.2686|ATG7",134.46092318165,1.66218533953082,0.35880645924693,4.63254018062953,3.61206202265578e-06,3.05449798064796e-05
"MSTRG.2682|PSAI1",2626.65860096035,-3.21350957418986,0.270046603332658,-11.8998333418447,1.18583733528541e-32,1.10194442904055e-30
"MSTRG.2725|POC3",143.291748633257,-1.10002420460791,0.354921626764052,-3.09934397246297,0.00193949703404202,0.00857456169276975
"MSTRG.2708",228.747553112705,-1.37941178446068,0.317294410722177,-4.34741910934097,1.37748847849115e-05,0.000104084181706523
"MSTRG.2712|FOR1",69.9508390613023,-4.97058921851649,0.631580682247402,-7.87007797773241,3.54420273030735e-15,1.07735630987431e-13
"MSTRG.2717",42.3935826480683,-1.08367472315588,0.422495152295408,-2.56494001710622,0.0103193642776677,0.0353343211902565
"MSTRG.2735|OPR134",58.3851681168348,1.19609372673104,0.350141860510191,3.41602607865342,0.000635421614021791,0.00327241102031695
"MSTRG.2748",41.3845942665,1.04750042362152,0.375689790728301,2.78820572044524,0.00530008756253948,0.0202258262288173
"MSTRG.2750",25.7895522799994,-3.24567189592793,0.608331292510536,-5.33536896077348,9.53504691135947e-08,1.06527179056074e-06
"MSTRG.2746",99.305849626227,1.40706379524558,0.346119083006005,4.0652592253088,4.79791040777708e-05,0.000324721922787739
"MSTRG.2743",570.493044958544,-1.26676356684353,0.449283947797825,-2.81951663987239,0.00480960372491349,0.0186540814878445
"MSTRG.2757|AOX2",8.43885860005062,-3.93847191389572,1.10634661937131,-3.55988968098786,0.00037101061933323,0.00203069372987616
"MSTRG.2754|UXS1",980.624519175674,-1.04649219250932,0.299013689231081,-3.49981365468716,0.000465583504814243,0.00248634415839329
"MSTRG.2770",59.9198761049806,-2.10729173894925,0.324136660600886,-6.50124467575728,7.96581463534737e-11,1.45229955358661e-09
"MSTRG.2775|POC4",70.992300346619,-5.15159093364612,0.761239884731376,-6.76736865339629,1.31145614274659e-11,2.66959407905061e-10
"MSTRG.2764",168.996938753797,-1.29024585737545,0.205309762948555,-6.28438627976379,3.29151367999436e-10,5.51406580448369e-09
"MSTRG.2795|FAP56",144.667202111053,-1.50968925081355,0.259940580712366,-5.80782441385739,6.32898380219861e-09,8.62934686855519e-08
"MSTRG.2788|SEC61A",1049.2195996794,-1.812396983975,0.424771493998108,-4.26675756161516,1.98334488993639e-05,0.000145104542384762
"MSTRG.2776",34.6530440247084,2.3557028379112,0.40424793877139,5.82737130353903,5.63072412795e-09,7.7303326585621e-08
"MSTRG.2781",420.404743950246,-1.91620036281019,0.324266145158571,-5.90934450425944,3.43471720067281e-09,4.86243402104153e-08
"MSTRG.2800",301.385558712139,-1.050629702593,0.164464359046565,-6.38819078299836,1.67859838062031e-10,2.92293067416228e-09
"MSTRG.2829|POB19",48.0626629121962,-3.26199921367405,0.449114334404454,-7.26318214269337,3.78088259295682e-13,9.3919486660668e-12
"MSTRG.2828",40.6181660365579,-3.20048635998001,0.472494127020521,-6.77360029882659,1.25616417699054e-11,2.5768384626833e-10
"MSTRG.2815",314.244233223011,1.60527034827086,0.215213552879758,7.45896495267535,8.72047977032487e-14,2.31063645647708e-12
"MSTRG.2831",39.3916708385256,1.96886312187364,0.380606182184533,5.17296674103695,2.3040603799994e-07,2.43388384858674e-06
"MSTRG.2819",191.387040238757,1.15419790251746,0.284711947192375,4.05391454029003,5.03676229686229e-05,0.000339154794559579
"MSTRG.2825",191.674017744246,1.17574971192724,0.404320806248362,2.90796242428597,0.00363792046840944,0.0146644153408801
"MSTRG.2843",301.463210639456,1.79659972619995,0.365173880039503,4.91984729577482,8.66117586302828e-07,8.28492020881009e-06
"MSTRG.2846",35.7547086355759,1.15912291596501,0.373140894274701,3.10639475262575,0.00189383711219856,0.0084171714872051
"MSTRG.2839",89.1418742073967,1.08989689986495,0.276555271443377,3.94097315222608,8.11517097065448e-05,0.000522539441439712
"MSTRG.2841",1866.57478210228,1.9471627098988,0.28475836086625,6.83794745824293,8.03358482868718e-12,1.69612126967422e-10
"MSTRG.2837",72.4606742786816,1.99031072988579,0.322945786972868,6.16298713335749,7.13853099075177e-10,1.1360196765863e-08
"MSTRG.2850|CYN26B",46.223402798462,-5.7848230616746,0.77930295962943,-7.42307338910321,1.14433325644274e-13,2.99220561034979e-12
"MSTRG.2872",149.729739085686,-3.3191482783623,0.436922470463613,-7.59665273072449,3.03888593616161e-14,8.50567053047488e-13
"MSTRG.2878",57.5722573543792,1.42149329960253,0.397781367580653,3.57355425732532,0.000352168229119319,0.00194334276519921
"MSTRG.2875",67.5965402599256,1.52415560870245,0.356449945831307,4.27593166032846,1.90339609647739e-05,0.000139640937433306
"MSTRG.2876|PLAP5",182.53792141547,1.14783728855034,0.24980349487188,4.59496088771315,4.32830446938892e-06,3.60835786336366e-05
"MSTRG.2889",62.5542716346858,2.20522875451293,0.340678379196501,6.47305167916442,9.60430849219452e-11,1.73510564101032e-09
"MSTRG.2884",800.641337665558,1.16476699800895,0.329359081128108,3.53646541039475,0.000405519600409312,0.00219433308621758
"MSTRG.2896",508.614490373811,2.41373233955555,0.465737929124221,5.18259774138292,2.18816629948313e-07,2.31761944231731e-06
"MSTRG.2897",444.607575686861,1.12041596426372,0.250561647564151,4.47161796370636,7.76300184663978e-06,6.17389711645219e-05
"MSTRG.2899",125.453802913758,-2.85186951773093,0.409513619495433,-6.9640407106478,3.30648990096003e-12,7.34170062087466e-11
"MSTRG.2852|CGL111",1026.03720502773,-2.58073456392945,0.338814509333227,-7.61695409387346,2.59731653750027e-14,7.3604524622423e-13
"MSTRG.2862",262.666270656643,1.97015678063751,0.309448079378221,6.36667962068526,1.93164062029062e-10,3.31991595474382e-09
"MSTRG.2856|TOC75",820.798028734428,-1.56938741533141,0.327584815467099,-4.79078193259244,1.66132606668904e-06,1.50666068500983e-05
"MSTRG.2857|SQS1",130.013659416502,-1.63979357348697,0.42714100539956,-3.83899825293772,0.00012353730954997,0.000762420864606142
"MSTRG.2859",331.928207960023,-4.44469634609149,0.268503448877169,-16.5535912655066,1.50830682535611e-61,4.61135805952144e-59
"MSTRG.2859|PGI1",19126.5499496211,3.53756941815048,0.193903470451878,18.2439716520103,2.31043962238045e-74,1.11307179141225e-71
"MSTRG.2866",78.9039346719039,1.09090570510363,0.305170245946334,3.574744653499,0.000350569868281873,0.00193587647329297
"MSTRG.2868",48.0214144000732,1.37995008755542,0.427251163746849,3.22983342035566,0.00123862362602912,0.00584420502344266
"MSTRG.2919|FAP272",106.403717126151,-1.0384845540484,0.272703051602581,-3.80811489987219,0.000140030209001525,0.000851971015195654
"MSTRG.2924|MCM6",194.550393649038,-3.48988433871411,0.528481178071968,-6.6036114123233,4.0126047835673e-11,7.6398072873237e-10
"MSTRG.2928",12.8422435538144,-7.12703717672382,1.4257709523175,-4.99872519154587,5.77105814259217e-07,5.71284448013265e-06
"MSTRG.2901|NIT2",559.020745979982,2.43818483855607,0.187182219637753,13.0257288500725,8.73628728427776e-39,1.0936180727988e-36
"MSTRG.2906",16.491405254555,-4.21636767484489,0.86037426220502,-4.90062041609534,9.55344807808207e-07,9.10010290864881e-06
"MSTRG.2940",55.0220396756273,1.27587481470643,0.328492191225546,3.88403392466155,0.00010273756337634,0.000644308395486014
"MSTRG.2937",78.9784944236247,-2.84772381837493,0.455014648842589,-6.25853217169738,3.88617735327228e-10,6.46936623689243e-09
"MSTRG.2938",112.270630902655,-1.87538962529779,0.30278880503423,-6.19372180911963,5.87598993999655e-10,9.48390741787463e-09
"MSTRG.2939|LCI24",1827.56489931868,-1.58359976107236,0.332685742378469,-4.76004697331102,1.93547907903531e-06,1.72105442649796e-05
"MSTRG.2946|POLE1",97.9903424820717,-4.37669227764946,0.654453021646812,-6.68755759830753,2.2692590909644e-11,4.43747614122411e-10
"MSTRG.2949",7.37086626311777,-6.32645191520803,1.43233335939691,-4.41688512922147,1.0013340935461e-05,7.78445448371436e-05
"MSTRG.2981",112.372363282532,-1.14425072627185,0.230581039455333,-4.96246668405492,6.96035083948489e-07,6.76379325465347e-06
"MSTRG.2970|CGLD13",88.0983533720606,-2.0366146047485,0.31769774889287,-6.41054150319227,1.45003671736786e-10,2.55856645202156e-09
"MSTRG.2960|METE1",3428.29986268014,-3.55614067278665,1.44586873894641,-2.45951833454673,0.0139123591275936,0.045472591572879
"MSTRG.2957|FPN3",167.529874710513,1.45136105815111,0.31674289626841,4.58214241029487,4.60236282597351e-06,3.80688679538641e-05
"MSTRG.3011",167.125910546552,-1.21688502673409,0.259015014592107,-4.69812542971854,2.62560177652735e-06,2.27848346305851e-05
"MSTRG.3017|GSL3",32.6566507461232,-1.86885294675459,0.500248716571775,-3.73584755911403,0.000187083982968841,0.0011048518429564
"MSTRG.3014",98.1656530832967,-4.23245868139183,0.488910438299606,-8.65692026562575,4.84681489312424e-18,1.87480932289268e-16
"MSTRG.3018|OPR16",123.110868665135,-1.20411034039853,0.338308294716203,-3.55921022098681,0.000371971706001716,0.00203426425249924
"MSTRG.3018|FDX6",251.669195633345,-1.74694511492402,0.257989388528795,-6.77138360180673,1.27556564059528e-11,2.60990251662596e-10
"MSTRG.3042|CALS1",38.9325091997044,-1.38391395168635,0.436706444684283,-3.16897991438357,0.00152974966349461,0.00699854968352153
"MSTRG.3029",167.13904335454,-4.8246888640293,0.521303896121058,-9.2550408694987,2.14148467620305e-20,1.04114138783719e-18
"MSTRG.3040|SSS2",1128.82897584667,-1.65792188552611,0.332901528542865,-4.98021710138419,6.35129830974499e-07,6.22521211641959e-06
"MSTRG.2999",424.212129509525,3.84921333697278,0.276964413014672,13.8978625270853,6.52613136526647e-44,1.03752436445006e-41
"MSTRG.2988",1197.11615209985,-2.41946624701542,0.178320814417068,-13.5680529214981,6.1945776274628e-42,9.03499037811042e-40
"MSTRG.2996|PCY1",7125.34687084259,-3.31439076435826,0.290071434108517,-11.426119136979,3.09640623521114e-30,2.51156460854014e-28
"MSTRG.3004",1575.00972977645,1.16902014578333,0.209481107254386,5.58055168365952,2.39756894147814e-08,3.01246178025245e-07
"MSTRG.3075",16.8399836020782,-2.8781519425647,0.655876197587199,-4.38825490718018,1.14263805631069e-05,8.78416819111571e-05
"MSTRG.3046|SBP1",2713.83884124706,-2.46332277002396,0.234523641350021,-10.5035157898965,8.32215798846073e-26,5.53580199583886e-24
"MSTRG.3056",17.2305048224055,4.26976557995478,0.885828471839109,4.82008167008916,1.43499463518187e-06,1.32175809444504e-05
"MSTRG.3049",24.1774689822625,1.76979521259394,0.461122277135928,3.83801716019078,0.000124031816284009,0.000764582324654197
"MSTRG.3055",134.407939127578,-1.20683398427608,0.219078586424417,-5.50868071577794,3.61532965491072e-08,4.38417321539059e-07
"MSTRG.3065",670.045271865787,2.63517357952411,0.165907908766042,15.8833511863509,8.26425612818504e-57,2.22686684620145e-54
"MSTRG.3067",34.9514283276415,-3.23605989073274,0.773880526645905,-4.18160139622356,2.89463110625379e-05,0.000204619143295788
"MSTRG.3086",68.2511774651677,1.10099956370447,0.42938823280585,2.56411210086024,0.0103440129700102,0.0353958498056872
"MSTRG.3076",620.180867088567,1.19043865649173,0.324069451248757,3.67340596870375,0.000239338776412581,0.00137912572214832
"MSTRG.3079",56.5041270114184,1.09305487692014,0.347830173989385,3.14249584612949,0.00167514090010742,0.00757654425720215
"MSTRG.3082|RPI1",798.566599591675,-1.47412062121892,0.229566162576167,-6.42133232823383,1.35086752334318e-10,2.39421314226419e-09
"MSTRG.3097|PLAP6",18.5700494066261,-2.73311883462504,0.686757885056026,-3.97974146944388,6.89902535475955e-05,0.000451918850803327
"MSTRG.3092|RBO2",64.9628847085486,1.45515025205965,0.450666289623449,3.22888639679592,0.00124273250510881,0.00586086068413524
"MSTRG.3090|AGP4",1922.8392604945,-1.6678387707491,0.161082280053106,-10.3539555697824,4.01545044710794e-25,2.56376028948281e-23
"MSTRG.3114|CYN38",994.814797190216,-4.52351983977405,0.19257830604791,-23.4892492960691,5.25314326317146e-122,1.19306387997e-118
"MSTRG.3140|LCI35",105.536770833756,-3.36004250239696,0.422564721190493,-7.95154525188641,1.84199313254431e-15,5.7988132319187e-14
"MSTRG.3155",21.4975266360645,3.93135259308237,0.735427005864808,5.34567341385484,9.0081504761251e-08,1.01622142895048e-06
"MSTRG.3157|PHC51",65.744101391158,-3.67507652442944,0.452969466432825,-8.11329857036723,4.92638266666541e-16,1.61483776566282e-14
"MSTRG.3158|PHC69",318.643439945851,-1.23781858200381,0.188861522850235,-6.55410675146033,5.59759150229075e-11,1.04326506100139e-09
"MSTRG.3181|PGD1",1412.88049054107,2.48030104917405,0.423855332986103,5.85176322237137,4.8638874304062e-09,6.74159392925874e-08
"MSTRG.3138|LCI34",1092.40798010654,-2.33562156213422,0.392927466706822,-5.94415448151124,2.77887444308855e-09,4.0089424588223e-08
"MSTRG.3139",1850.88093177021,-2.3447330407154,0.417869057829689,-5.61116693562663,2.00966779533569e-08,2.54985623385849e-07
"MSTRG.3195",67.5239660679086,-1.09746726601668,0.357404271650528,-3.07066074210157,0.00213585684414222,0.00933109428638997
"MSTRG.3185|GCST1",639.268104326251,-2.37648017894873,0.229744535696501,-10.3440117596013,4.45488635910589e-25,2.83295133348262e-23
"MSTRG.3188",8.17159459709979,-4.51287808431243,1.35182476080848,-3.33836027800929,0.000842744018100651,0.00420261744032752
"MSTRG.3197",711.749934159032,-1.60519323292613,0.415676676304113,-3.86163892378642,0.000112628938866894,0.000701635920887882
"MSTRG.3198|CGL24",31.990973859298,-1.79532748615072,0.432984539076192,-4.14640090840471,3.37742247211743e-05,0.000235811429344413
"MSTRG.3202",196.173195666413,1.47552606789941,0.222030180665355,6.64561035566301,3.01963115568436e-11,5.81892074097818e-10
"MSTRG.3201",25.6426992787555,1.18674746665423,0.41048756744102,2.89106799032286,0.00383935048557496,0.0153323270584453
"MSTRG.3229",9.10827942183812,1.83065509297695,0.689350774196202,2.65562201639875,0.00791622894329263,0.0283259526762247
"MSTRG.3233|MRPL5",103.342456269287,-1.17515618317713,0.256183711435739,-4.58716198852441,4.49312053816183e-06,3.72621963044845e-05
"MSTRG.3233",1127.37277100461,1.52430550415491,0.213689213439092,7.13328239466511,9.80031960190833e-13,2.32198928511384e-11
"MSTRG.3248",118.035199148925,2.92737887154616,0.360229214802299,8.12643381285098,4.42104731042225e-16,1.45519275654437e-14
"MSTRG.3247|LRL1",816.003290660513,2.83471040228145,0.338972985714361,8.36264399154849,6.13280642913689e-17,2.12880691289123e-15
"MSTRG.3258",63.352276914277,-1.15647723865982,0.449835155210274,-2.57089119261751,0.0101437191446877,0.0348425548722495
"MSTRG.3205|AGL1",87.8459183848268,1.75412249875893,0.603901833414301,2.90464840757576,0.0036766585334716,0.0147903637057519
"MSTRG.3209|MDH1",2460.45934878321,-1.51215835262961,0.353140921252937,-4.28202528119513,1.85199934441501e-05,0.00013605862096816
"MSTRG.3218",22.8472610244796,-7.95712226490425,1.30128018662552,-6.11484163571155,9.66528974705904e-10,1.50645859214456e-08
"MSTRG.3221|POC11",11.064711152923,-2.69918572402732,0.730204125829896,-3.69648106405812,0.00021860855664756,0.00127212255987662
"MSTRG.3206",973.894883243811,1.75835198834609,0.377592649757892,4.65674315819845,3.2125080652362e-06,2.73700178033897e-05
"MSTRG.3207",223.031380769886,1.69807677335608,0.305778740892005,5.5532859099443,2.80348968621455e-08,3.46847307637657e-07
"MSTRG.3215|CGL76",74.3781857567078,-1.22818709647986,0.292250555028079,-4.20251416241745,2.63966727921917e-05,0.000188419586086838
"MSTRG.3216",17.1911208921622,2.04639419296607,0.561696093487031,3.64324092101474,0.000269226626248773,0.00153355962167789
"MSTRG.3219",1662.33420927915,-3.80842487403943,0.367755432695461,-10.3558629878711,3.9362066190583e-25,2.52329890442697e-23
"MSTRG.3221",168.059197003313,1.28030230751142,0.342131512703968,3.74213499771714,0.000182463444791616,0.00108037387161904
"MSTRG.3264",377.524397891054,-1.31418357502072,0.407302302754477,-3.22655572073431,0.00125289834248532,0.005905300281302
"MSTRG.3270",155.843139253296,-1.10427944728712,0.262771255781661,-4.20243623680316,2.64057641087857e-05,0.000188419586086838
"MSTRG.3277|CYCA1",154.344014439299,-4.41187939722722,0.558567353786684,-7.89856293483294,2.82137314772876e-15,8.69267253926199e-14
"MSTRG.3282|NSG6",226.580362318469,1.62901926725465,0.280579217271778,5.80591564512325,6.40151872024243e-09,8.70584641697298e-08
"MSTRG.3284",807.327249861849,1.20974103934533,0.285755146615175,4.23348819321347,2.30094267740264e-05,0.000166274484933396
"MSTRG.3280|FPS1",327.6223768175,-1.27547478922466,0.341402862604826,-3.7359815307144,0.000186984392841903,0.00110467405328895
"MSTRG.3285",568.396778388712,-1.6425228417563,0.223645880713709,-7.34430178867862,2.06835958594463e-13,5.30367430602384e-12
"MSTRG.3294",126.999647339653,-1.80727920714313,0.291056888318968,-6.20936758302227,5.3198254225343e-10,8.67431636589233e-09
"MSTRG.3310",67.579028107462,2.10493467267815,0.323291188232554,6.51095591001387,7.46740617437671e-11,1.36299452767211e-09
"MSTRG.3311",139.372703893074,2.28090237322954,0.345247310643288,6.60657535312763,3.93312118350025e-11,7.50645385057467e-10
"MSTRG.3306",42.9392807879233,-2.6423722827595,0.744626025493379,-3.54858975149129,0.000387299982380087,0.00211083137465843
"MSTRG.3307",23.1084636592759,-2.4213715793981,0.70808112305536,-3.41962453249695,0.000627076226071499,0.00323424763904714
"MSTRG.3320",23.3347382735995,-2.68504111799557,0.691742182358798,-3.88156337212189,0.000103787097800272,0.000650377327878883
"MSTRG.3324",67.1498935671856,1.03262088237044,0.293025112588535,3.524001315957,0.000425082137986849,0.00228695628755158
"MSTRG.3328",71.4051113442556,1.61022606041618,0.369254718252283,4.36074606720676,1.2961972352817e-05,9.84094730014732e-05
"MSTRG.3330|DGTT4",17.8768288105594,-1.59186755868883,0.52701943760512,-3.02051014649969,0.0025234925294601,0.0107787437488868
"MSTRG.3317|DCA1",4436.08647852024,-3.34410346311801,0.254618940881009,-13.1337576519133,2.10924670352266e-39,2.72624423517099e-37
"MSTRG.3359",628.125445117784,4.08933987653123,0.208604396917045,19.6033254186747,1.44841972430426e-85,9.59457365707879e-83
"MSTRG.3348|SAH1",6477.90839790938,-2.77611934360856,0.588227747761235,-4.71946342921484,2.36467551487311e-06,2.07013278278924e-05
"MSTRG.3339",643.262868868979,1.69906593032057,0.269073251049336,6.31451072782049,2.7101752395903e-10,4.5787849053142e-09
"MSTRG.3341|FAP278",926.361124398318,-2.17340287416173,0.303123113693488,-7.17003348137759,7.49794269979967e-13,1.80063886769509e-11
"Cre03.g204500_4532.v6.1",5.23053902829516,3.23786444704509,1.24815752906849,2.59411522314939,0.00948346986585031,0.0329200836737974
"MSTRG.3343",910.481840892339,-3.8754842349727,0.505700265591025,-7.66359936640201,1.80793270848927e-14,5.23543063744307e-13
"MSTRG.3347",76.4842516555329,-1.42945116879425,0.295026656088094,-4.84515937559019,1.26510083296181e-06,1.17755111489618e-05
"Cre03.g203451_4532.v6.1",7.70189776491048,5.38999632366996,1.35090180566721,3.98992458301426,6.60943073262046e-05,0.000435460960576875
"MSTRG.3354|ATS1",4160.73807035589,-2.16733258515085,0.28873527611636,-7.50629647441283,6.08235821136238e-14,1.65012509973104e-12
"MSTRG.3356|COG3",170.739048831343,-1.15347102829822,0.240344799082774,-4.79923440282545,1.59273298079069e-06,1.45274061552556e-05
"MSTRG.3388",176.37396464895,-1.69842145735086,0.321218937110257,-5.28742630378571,1.24049311972661e-07,1.36479997352344e-06
"MSTRG.3381",39.2212061179174,-1.61496318175131,0.366618833419413,-4.40501969494782,1.05774267374579e-05,8.18694889348128e-05
"MSTRG.3389",18.1413764713049,-2.18466278741346,0.662660655337729,-3.29680473680762,0.000977914629516943,0.00478071549202348
"MSTRG.3392|MMP20",35.319316349224,2.77780887269508,0.453973673405772,6.11887656800796,9.42373620208276e-10,1.47025081590492e-08
"MSTRG.3394",137.75759743713,1.47057662157429,0.269023402796063,5.4663520210139,4.59391591555473e-08,5.50658352009687e-07
"MSTRG.3406",74.6075861455399,-4.33824665758249,0.578144123611856,-7.50374600450843,6.20194240355836e-14,1.67970153887173e-12
"MSTRG.3415",159.006065386792,2.76902951603354,0.319696831270481,8.66142308958573,4.65910821982891e-18,1.81545349212843e-16
"MSTRG.3403|BSD2",7.39663542733797,-3.81795060924392,1.15326229102893,-3.31056572207662,0.000931075847442156,0.00457990217284511
"MSTRG.3412|KIN14A1",44.5134285973641,-4.8444249201071,0.794237225620865,-6.09946847595837,1.06421744699803e-09,1.63626005535539e-08
"Cre03.g200200_4532.v6.1",43.2443853950733,-2.3312308232681,0.374245873594667,-6.22914235733958,4.68995487377641e-10,7.71851993615914e-09
"MSTRG.3425|HYDA1",619.717211642238,-1.45078920325025,0.350620582280583,-4.1377753519594,3.50689473025196e-05,0.000243780552783322
"MSTRG.3433",13.5319194906436,-4.73490041543494,1.16801564083645,-4.05379881047152,5.0392559785138e-05,0.000339179049730789
"Cre03.g199200_4532.v6.1",10.2933393868129,-2.70554628387607,0.883670540465814,-3.06171379488319,0.00220073767048995,0.00957769709429214
"MSTRG.3435",13.2035959174033,-1.73388390037402,0.628005182200113,-2.76093884177777,0.00576354681539718,0.0216719175192016
"MSTRG.3431|MINE2",67.9697445819253,-6.22596624287314,1.48239863107953,-4.19992713993482,2.67000885376556e-05,0.000190348882319125
"MSTRG.3442",358.760905296752,-4.33063683615794,0.232354622092926,-18.6380490181339,1.57895270246268e-77,8.09748066572635e-75
"MSTRG.3440|CGL30",717.644117903562,-2.89794120828684,0.256072739367724,-11.3168672910761,1.08272187172121e-29,8.73762046529125e-28
"MSTRG.3443",262.333143522942,1.14571460386367,0.31897796071247,3.59182998507043,0.000328364052785718,0.0018310528625701
"MSTRG.3455|FAP181",24.7459705787209,-1.27280292830541,0.467465650723562,-2.72277316276674,0.00647364903557126,0.0239200541917784
"MSTRG.3449",2439.37663578736,1.31104551268261,0.498009163769486,2.63257306905592,0.00847407929030836,0.0300448065471281
"MSTRG.3460|FAP165",62.3635795294872,-1.28315937204105,0.420594386219392,-3.05082382001105,0.00228214442574719,0.00988597604374083
"MSTRG.3461|MRPS106",80.8579629161721,-1.26817952155776,0.341637406541474,-3.71206283994491,0.000205576929122783,0.00120333653136745
"MSTRG.3465",434.530067497552,1.27631270046105,0.179782056432718,7.09922183440313,1.25461290184703e-12,2.93321116375943e-11
"MSTRG.3467",73.3108332844113,-1.22440676102983,0.43755204652358,-2.79831112837418,0.0051370603270321,0.0197077666696806
"MSTRG.3473",47.8566043567115,-3.4604167531625,0.507772231513645,-6.8148995522011,9.4329651780035e-12,1.96804829921128e-10
"Cre03.g208833_4532.v6.1",22.5923557527737,-2.07367363522185,0.549872728427875,-3.77118836417043,0.000162471970260854,0.000974186237517508
"MSTRG.3483",36.9039808245977,3.10044826575727,0.474040638104283,6.54046935333676,6.13260637088921e-11,1.13499622915479e-09
"MSTRG.3488",3.11916148002172,-5.08587075301216,1.6393381355814,-3.10239275389542,0.00191963089075217,0.00849861946590578
"MSTRG.3486|ISA3",702.761064585499,1.10948669632651,0.256035666582567,4.33332867695884,1.46871584513895e-05,0.000110295911695886
"MSTRG.3492|EGY1",669.299763997072,-1.63735956272451,0.221927706407211,-7.37789611415236,1.60810363034867e-13,4.15701325451758e-12
"MSTRG.3494",18.9886532551143,-2.52417735940772,0.585952500668993,-4.30781907496908,1.64872157933818e-05,0.000122712432904112
"MSTRG.3503",183.955979812022,-1.2090472194471,0.263328759313077,-4.59139830606061,4.40286161556541e-06,3.66091495628969e-05
"MSTRG.3506",6.30171870507361,-6.09814822788527,1.42020740229739,-4.29384343302296,1.75606333461003e-05,0.000129729994858876
"MSTRG.3509",418.871359521298,1.08888659121706,0.20072072468068,5.42488371815781,5.79922807360434e-08,6.80414228148795e-07
"MSTRG.3502",12.5978984882055,-7.09929100335416,1.36817604410635,-5.18887246559796,2.11571228873374e-07,2.24686666441476e-06
"MSTRG.3505",8.22402117230495,-6.48387981204687,1.38907461420096,-4.66776928018127,3.04487542776604e-06,2.60254997584003e-05
"MSTRG.3508",402.782875856017,1.80412919114631,0.467459345978663,3.85943549244743,0.000113649251227416,0.000706607663673623
"MSTRG.3510",44.1700042386392,1.08689628760701,0.328541635053845,3.30824520133917,0.000938825713191709,0.00460957592973364
"MSTRG.3517",267.530403279225,1.52568529429573,0.28672706039666,5.32103698962032,1.03177419240381e-07,1.14643835013083e-06
"MSTRG.3521",155.135342424948,-2.17495673928892,0.355386257034865,-6.11997987045274,9.35871792180494e-10,1.46317432316029e-08
"MSTRG.3551",61.6531304799332,1.11998013870229,0.382926087827255,2.92479456037357,0.00344683693318507,0.0140219584349478
"MSTRG.3553",21.7626161513052,1.25858194223947,0.504470427209401,2.49485772476618,0.012600764273816,0.0417783004014864
"MSTRG.3554",43.880658546774,1.27116110371258,0.433822204822761,2.93014301615086,0.00338806031795932,0.0138146660515305
"MSTRG.3559",25.0716256996387,-1.62600429597043,0.424998007559911,-3.82591039733574,0.000130289677729701,0.000797898804524955
"MSTRG.3561",101.08105446365,-1.74330745108339,0.254250653959756,-6.85664883819463,7.04946301722561e-12,1.4982936236344e-10
"MSTRG.3562",5.17678627821148,-5.81282584396799,1.44489056977816,-4.02302151149098,5.74562463691257e-05,0.000382993461122164
"MSTRG.3547",498.249650577362,-1.29368862986181,0.251413224499612,-5.1456665910739,2.66572512622132e-07,2.78813803004385e-06
"MSTRG.3575",19.8973092406973,-1.53345644983219,0.54938631703414,-2.79121704033429,0.00525102480817375,0.0200817662932057
"MSTRG.3576",45.0920966183731,-1.35343161108496,0.444926850602079,-3.0419193834975,0.0023507484332371,0.0101279670979955
"MSTRG.3580",89.6996086845219,1.23500078222349,0.304524887902061,4.05550032620218,5.00271026602379e-05,0.000337217406185085
"MSTRG.3581|KUP4",344.107680787031,4.90408949711228,0.359466236819014,13.6426985201991,2.23147804111396e-42,3.31551756052614e-40
"MSTRG.3587",39.1214744918879,1.33892813694178,0.417248383890154,3.20894744865991,0.00133221839203995,0.00623112915464876
"MSTRG.3590",391.138707681985,1.15804451764199,0.404609138636255,2.86213139313957,0.00420802417781499,0.0166044101213459
"MSTRG.3565",63.0558268792007,3.86799733271411,0.460327316890945,8.40271083375758,4.36288084897744e-17,1.52777708671902e-15
"MSTRG.3566",112.897346190646,3.75715374214495,0.446726136394584,8.41041845562922,4.08550517600441e-17,1.44016322146603e-15
"MSTRG.3568",32.0412286331222,1.25432182675225,0.409436398745801,3.06353277479612,0.00218740242928333,0.00953009696375621
"MSTRG.3568|PHO5",34.6869942733091,1.70412270500847,0.466784233887847,3.65077177267712,0.000261453491819862,0.00149560558919885
"MSTRG.3569",10.5668916407708,2.27325100697428,0.820317166192734,2.77118546418445,0.00558526041725432,0.0211314778946952
"MSTRG.3570",5.71211961731962,2.55149562552611,0.954367246391437,2.67349454329409,0.00750654974108316,0.02708276459485
"MSTRG.3603",62.3666035175317,1.27388564117855,0.42892576016605,2.96994435746968,0.0029785369373983,0.0123895291027625
"MSTRG.3601",36.8127289980122,-1.13641089125449,0.372652510335236,-3.04951894791257,0.00229208174018423,0.00992631857952845
"MSTRG.3602",383.827774939591,1.56149972947442,0.265787589561723,5.87499112373643,4.22866005823707e-09,5.92832783120396e-08
"MSTRG.3616",2.95799245460125,5.00926740225043,1.62414109851579,3.08425629203529,0.00204061720528488,0.0089469752701652
"MSTRG.3608",19.5148077108128,1.80210535769194,0.490026952292817,3.67756375289147,0.000235472233742399,0.00135930921279472
"MSTRG.3621",129.431900830668,5.10639412077334,0.419912842271184,12.160604789209,5.03842852066875e-34,5.03779475607495e-32
"MSTRG.3619",86.9274970618178,4.15385730816161,0.52605325807787,7.89626762001107,2.87379295353548e-15,8.83705229696462e-14
"MSTRG.3631",22.9614656852533,1.5560162715147,0.472084817753736,3.29605234694585,0.000980537430795906,0.00478764867161957
"MSTRG.3636",106.961347639346,10.1819472035162,1.20462540444438,8.45237628722645,2.85432935034318e-17,1.01973321374732e-15
"MSTRG.3640",212.575976972628,-1.4802010763923,0.250825135302185,-5.90132673349905,3.60589987367084e-09,5.09569743925502e-08
"MSTRG.3643",96.2007563736936,-1.83061258263594,0.526376789037319,-3.47776083741062,0.000505620841077878,0.00267766826497539
"MSTRG.3654|FAP26",166.677761826389,-1.01024589579003,0.265856157784053,-3.79997177500257,0.000144712569136532,0.000877399902543947
"MSTRG.3656|CHYB1",49.4316011795715,-3.5783900256975,0.423252829576204,-8.45449758547503,2.80291595730147e-17,1.0036206731797e-15
"MSTRG.3655|SSS1B",1238.78717305659,2.20019020613279,0.287366494302686,7.65639087977775,1.91231094651099e-14,5.52762171411485e-13
"MSTRG.3658",9.25830204359682,-4.16681824375583,1.22290975602068,-3.40729822723353,0.000656093975160019,0.00335928567378228
"MSTRG.3665",43.1449191221227,3.50430946271758,0.44296270110319,7.91107118949329,2.55183545500742e-15,7.92136579911586e-14
"MSTRG.3667|GSL1",485.859866490686,2.3579798922565,0.308519209872986,7.64289488887015,2.1239137524479e-14,6.09356721634845e-13
"MSTRG.3669|PNP1",384.399610850559,-1.29428812175376,0.282613343456005,-4.5797134202025,4.65613463892454e-06,3.84536251894142e-05
"MSTRG.3669|UGE1",618.674156422087,-1.85932226484184,0.478770627788681,-3.88353452973834,0.000102948904034025,0.000645379209910463
"MSTRG.3677|SIRB1",706.631645477528,4.44728018901913,0.187832339383676,23.6768609900284,6.24394896600077e-124,1.654438344358e-120
"MSTRG.3678|MOT1",385.456686291133,3.92943517454344,0.222581604235797,17.6539080488462,9.49523411041425e-70,3.77388079718414e-67
"MSTRG.3680",147.097104934839,1.5217629997938,0.451542547266762,3.37014309948245,0.000751291576918744,0.00378454800058751
"Cre04.g213751_4532.v6.1",9.73638943680583,-1.96731490522613,0.712967904330261,-2.75933165192641,0.00579197208624824,0.0217274120403904
"Cre04.g213652_4532.v6.1|TERT1",29.4012936003708,-3.65430990066357,0.687174522914569,-5.31787745151589,1.04984737000857e-07,1.16391028510434e-06
"MSTRG.3689",955.711863137064,-1.65234496969808,0.16982429375492,-9.72973261459662,2.25184089870644e-22,1.26500942076449e-20
"MSTRG.3691",60.0355318648887,-1.36342135557996,0.447380728126381,-3.04756389773413,0.00230704471349725,0.00998024404222565
"MSTRG.3692",107.895940443859,-1.87328541035551,0.24492777381269,-7.64831762929476,2.0362573975233e-14,5.86456885975097e-13
"MSTRG.3694",90.3199654630163,1.89307269498646,0.265024842871683,7.14300091445777,9.13150184297786e-13,2.17324275897698e-11
"MSTRG.3698",62.6740670675474,1.52813488924959,0.433771823118441,3.52290030796291,0.000426851887129459,0.00229570071095539
"MSTRG.3671",493.91935209382,1.89144148790329,0.357680330058581,5.28807800975107,1.23608264845719e-07,1.36088933138313e-06
"MSTRG.3672|POLA1",90.3977551700299,-2.57631777416364,0.482043624268073,-5.34457390257049,9.06299942996373e-08,1.02114503853695e-06
"MSTRG.3675",1085.29089338393,1.80707523780958,0.233757715923296,7.73054797644643,1.07084622957041e-14,3.17617786524447e-13
"MSTRG.3703",919.428224127607,1.6280889592779,0.294705858458688,5.52445400234934,3.30511808323185e-08,4.03879840793389e-07
"MSTRG.3709|ELIP5",153.558645658632,1.10573171396843,0.311968323438274,3.5443717547407,0.000393549910447429,0.00214122398230432
"MSTRG.3711",151.13541531105,1.74665814148564,0.263049777508761,6.64002896344388,3.13621519501779e-11,6.02896604236914e-10
"MSTRG.3720",327.026050307953,1.96787375790572,0.232639182733417,8.45890934959447,2.69889729975477e-17,9.6855686843118e-16
"MSTRG.3725",25.4833337236926,-1.4399678776612,0.464023425656078,-3.10322237638164,0.0019142574294532,0.00848421093210121
"MSTRG.3723|FAP25",41.3474778755613,-1.92159338161822,0.589873131600354,-3.25763842880052,0.00112343449279398,0.00538936679735626
"MSTRG.3739",33.7820847254882,-1.3309643323287,0.412976778735433,-3.22285513583649,0.00126919724258935,0.00596796739505633
"MSTRG.3738",220.960603603452,1.7857676121314,0.257323894748447,6.93976598588762,3.92749984912258e-12,8.61233001397941e-11
"MSTRG.3737",80.5773230254265,2.27047794108352,0.300749678839848,7.54939439949517,4.37286783447576e-14,1.19894366953818e-12
"MSTRG.3752",55.6541399114985,-1.30445172256193,0.315654310515587,-4.13253258107344,3.58787888707942e-05,0.000248540734408665
"MSTRG.3771|ALK2",50.7219060438479,-3.73238777968513,0.618400361888772,-6.03555238597427,1.58419824281061e-09,2.36651974446743e-08
"Cre04.g220768_4532.v6.1",9.61103885726808,-1.95383063608969,0.740529271946933,-2.63842458374785,0.00832922245288755,0.0296104603211105
"MSTRG.3773",36.7322554287426,-1.78973872827466,0.463674016243489,-3.85990731759016,0.000113430038890614,0.000705520640955783
"MSTRG.3776",35.7525539932433,1.22925119565964,0.424155746407955,2.89811279481604,0.00375415548035751,0.0150537275905965
"MSTRG.3796",111.616041945329,1.2012829180111,0.230664776607173,5.2079165951588,1.90972724514194e-07,2.04725851269498e-06
"MSTRG.3792|POB2",67.1361053298029,-1.63083880867563,0.373369292441072,-4.36789752583367,1.25448324636711e-05,9.550349729088e-05
"MSTRG.3780|CGL109",103.765484322053,1.26240815554034,0.292029362195894,4.32288091186362,1.54004871963934e-05,0.0001152173860933
"MSTRG.3786",432.437687184912,2.57846301941485,0.62572771564649,4.12074286457142,3.77652732471465e-05,0.000260813342347148
"MSTRG.3789",83.5123596969501,2.0164850434341,0.605127611827283,3.33233024575591,0.000861219926172794,0.00427197328745556
"MSTRG.3794",31.2224028143425,1.99131173541974,0.519775444033305,3.83110006114899,0.000127571607846658,0.000783953204956018
"MSTRG.3838",309.726434283655,1.24720505548693,0.215045608380933,5.799723439493,6.64243770337999e-09,9.02576706054145e-08
"MSTRG.3835|CGL84",34.6203001288985,1.97585484160813,0.464504250483633,4.25368516983625,2.10280896318997e-05,0.000153139976622969
"MSTRG.3841|NRT1",219.581966220569,1.57920573554042,0.29457436573704,5.36097474601761,8.2774090052689e-08,9.41303636378863e-07
"MSTRG.3855",47.2714489192251,-3.07806672686296,0.603194988852091,-5.10293816054519,3.34420304490775e-07,3.45010642491521e-06
"MSTRG.3868|CPLD71",15.0158286378465,-2.8556382434563,0.802034418731504,-3.56049338627235,0.000370158634807113,0.00202783665615558
"MSTRG.3843|VAMP4",109.290764471258,2.33982938444897,0.465180207257046,5.02994183317874,4.90628655101901e-07,4.9180418403594e-06
"MSTRG.3852",181.722333701964,1.19816617595934,0.209379282982362,5.72246766200012,1.0498783262814e-08,1.38975567287442e-07
"MSTRG.3853",483.074466439728,-2.27294812401814,0.263447359968199,-8.62771266446744,6.2591083066181e-18,2.38055750857929e-16
"MSTRG.3863",88.2515582136099,1.0704330106495,0.33085330551629,3.23537045815249,0.00121484997154661,0.00574983174982079
"MSTRG.3864|CGL104",139.796761266749,-1.3633309292554,0.298792173547901,-4.56280669291641,5.04742837044843e-06,4.14483554924531e-05
"MSTRG.3865",938.950791331116,1.43499406256665,0.300242941362423,4.77944312713908,1.75781385920416e-06,1.58422475814216e-05
"MSTRG.3876|AOC1",142.019554229133,2.24303586430789,0.331889006968934,6.75839156226662,1.39532019892923e-11,2.83305242944788e-10
"MSTRG.3892",55.024707775587,1.96915086866205,0.481150222088583,4.09259058452543,4.2658051558746e-05,0.000291563931075212
"MSTRG.3896|FRE1",397.682147725525,-6.89591879523333,0.740980528812399,-9.30647773739171,1.32141832496792e-20,6.58555126342945e-19
"MSTRG.3898",184.760331283468,1.96211055566664,0.218462571752813,8.98144949921553,2.67222757509607e-19,1.16391983531171e-17
"MSTRG.3882|ARS11",27.0649296150025,-3.38392425198501,0.903708052351356,-3.74448832582644,0.000180761781170099,0.00107269533297582
"MSTRG.3883|ARS12",192.532693182216,-3.45748278289039,0.498595706962622,-6.93444154173109,4.07829004418806e-12,8.9061339453986e-11
"MSTRG.3887|ASP1",2560.64867242158,-1.20260929505381,0.261536009461404,-4.59825512184885,4.26044089433724e-06,3.55924799464916e-05
"MSTRG.3906",62.5677210957471,1.44522925122974,0.337151557681325,4.28658630904432,1.81439727500963e-05,0.000133481202582615
"MSTRG.3903",359.925286191625,-3.04878731002692,0.276996718599545,-11.0065827690708,3.55222727022177e-28,2.71506293951854e-26
"MSTRG.3914",138.789084668474,1.70825657060343,0.278722623904473,6.12887661099553,8.85017261016415e-10,1.38894416738785e-08
"MSTRG.3922",5.17736260971679,5.80637908767954,1.52637253739755,3.80403796938023,0.000142356345481133,0.000864799839686302
"MSTRG.3921",58.4561171179184,1.70445004442395,0.343278043121062,4.96521720098147,6.8624223804507e-07,6.67270892993304e-06
"MSTRG.3920",308.47276501289,1.25799962239676,0.27588386634454,4.55988832933671,5.11808300575688e-06,4.19635294613321e-05
"MSTRG.3929",4.29134793480374,-5.54344037330653,2.0478136338838,-2.70700432968261,0.00678933719168839,0.0249046798969686
"MSTRG.3939",33.8204577535717,1.75699063434618,0.403312023874485,4.35640529004653,1.3221586313983e-05,0.000100189122602336
"MSTRG.3940",44.3771227024433,1.1951318354466,0.353911481039757,3.3769230428338,0.000733015556075669,0.00370186826889803
"MSTRG.3937|RCA1",5551.75330237716,-1.56352073823075,0.522922450447826,-2.98996674725242,0.00279007818940902,0.0117438874914548
"MSTRG.3949",24.6745799400146,1.17071297246482,0.471027855471584,2.48544318316954,0.0129390239806498,0.0427171477652233
"MSTRG.3956",92.9133530580411,-1.0856324993131,0.297940957708639,-3.64378401567321,0.000268658890457985,0.00153087420806489
"MSTRG.3955",143.350340011738,-1.3346797060361,0.270536110728792,-4.93346231096704,8.07846361022601e-07,7.74616492613831e-06
"MSTRG.3802|BICD1",13.960781037401,-4.2537196311593,1.08931697352948,-3.90494202745861,9.42479757049463e-05,0.000595057314438934
"MSTRG.3804",37.9008619101063,-1.51069364101588,0.412235584686808,-3.6646366716828,0.000247689947487175,0.00142466526235569
"MSTRG.3806|EF3",32738.5262919005,-2.56564583154795,0.342809411699363,-7.48417559141572,7.199764201938e-14,1.93021671639815e-12
"MSTRG.3807|CCP2",18437.7816230824,4.13731877668404,0.938952074248867,4.40631517853962,1.05143941555083e-05,8.14609348363891e-05
"MSTRG.3808|LCID1",4512.10865809932,3.55528644864222,0.954959555152966,3.7229707053643,0.000196892374385231,0.0011563335677785
"MSTRG.3811|CAH2",532.592352960339,-2.9913203184432,0.545634355214989,-5.48228001014447,4.19878957941571e-08,5.05699672223871e-07
"MSTRG.3812|CAH1",10670.3974458861,-2.63821689658913,0.554820517128016,-4.75508171587749,1.98366164859594e-06,1.76081814011046e-05
"MSTRG.3815|LCIE1",240.550623687833,2.59385677941233,0.691763027998007,3.74963199019044,0.000177094266889723,0.00105250267477115
"MSTRG.3821",121.478280900748,-3.90386892586987,0.411698731243548,-9.48234383447848,2.48634467520109e-21,1.27922031217951e-19
"MSTRG.3972",231.308787057729,1.46367330046267,0.19231794664824,7.61069534056436,2.72625181240505e-14,7.69839277328873e-13
"MSTRG.3976",293.058253491594,1.8851990759262,0.387755778703432,4.86182071155685,1.16310947211236e-06,1.09027797096947e-05
"MSTRG.3992",29.2920043545814,-1.46042401969204,0.594637663333561,-2.45598977283889,0.0140497155796553,0.0458085271298933
"MSTRG.3990|CHLD1",916.196405480032,-1.59257774243395,0.197640105743756,-8.05796847983249,7.75728137480404e-16,2.48139354721599e-14
"MSTRG.3998|PGR5",950.409852465643,-1.21800738362357,0.330846744683752,-3.68148516857203,0.000231879280252512,0.00134197917635764
"MSTRG.4004",41.2360274121787,2.49280414577419,0.431639998172817,5.77519265203996,7.68650864660074e-09,1.03735241480186e-07
"MSTRG.4005",79.0053928936002,3.91121486921558,0.654273276065086,5.97795296292446,2.25958951945221e-09,3.30174211215545e-08
"MSTRG.3960|SRP43",233.507213417273,-1.15338963599278,0.204766908165554,-5.63269546981812,1.7741457870431e-08,2.27279369237802e-07
"MSTRG.3968",20.5110406995974,1.70255812269516,0.584112636224449,2.91477707741447,0.0035594269035718,0.0143952604713774
"MSTRG.3970|LHCBM3",15448.1322376317,-3.14897754237719,0.36525747205481,-8.62125427486027,6.62246693085227e-18,2.51274413524318e-16
"MSTRG.4009|TRXF2",167.874736564354,-1.9586336613855,0.314255753332414,-6.23261035196926,4.58726176968498e-10,7.56517506373982e-09
"MSTRG.4012",124.297050356581,1.01443065709217,0.233403357702351,4.34625562836087,1.38481172632366e-05,0.000104488546868029
"MSTRG.4016",48.4817906732997,1.96544329779151,0.348621889452894,5.63775068994078,1.7228569074364e-08,2.21243773137512e-07
"MSTRG.4018",376.079406374185,-1.2699006571305,0.217007398549916,-5.85187724297058,4.86055334522777e-09,6.74159392925874e-08
"MSTRG.4030",57.1581427007723,1.13171585392946,0.312649261715717,3.6197617986333,0.000294874339220246,0.00166296993434674
"MSTRG.4031",24.9928852426878,1.94971646638811,0.514688791389959,3.78814634980245,0.00015177544121963,0.000916765184084225
"MSTRG.4019",121.164015488258,1.75254632127361,0.386766010510734,4.53128318840461,5.86264860709089e-06,4.752900946228e-05
"MSTRG.4023|GOX1",845.996621423024,1.81929728495055,0.270171265552702,6.73386668722422,1.65212562364253e-11,3.30383561819734e-10
"MSTRG.4038",4.57535528594676,-5.63384004072389,2.04227389353732,-2.7586113980852,0.00580475169148694,0.0217702152373813
"MSTRG.4034|PSB27",552.593909322749,-2.73010188570114,0.226817790066545,-12.036542128817,2.28327131642653e-33,2.1999665083969e-31
"MSTRG.4047",32.6637459386977,-1.87381561092206,0.412728600641296,-4.54006726941272,5.6236283406072e-06,4.5778004792101e-05
"MSTRG.4053",31.8608316752344,-1.1001655398922,0.37715317584803,-2.91702578778098,0.00353386554433898,0.0143283331864068
"MSTRG.4044",581.441662058162,4.16269322221794,0.308463053453323,13.4949491539279,1.67470659968959e-41,2.37718620730938e-39
"MSTRG.4045",228.383301858391,1.83864184532189,0.302905834407593,6.07001132519553,1.27901230106519e-09,1.95141435339102e-08
"MSTRG.4046",294.517289318265,-5.80529805026773,0.361090442343972,-16.0771301854001,3.69084943515657e-58,1.0478057914307e-55
"MSTRG.4055",526.482053062806,-1.52963966792175,0.199208140897823,-7.67860018685847,1.60836346666387e-14,4.68310666538869e-13
"MSTRG.4056",404.777923782369,-2.70970362295599,0.538329230329229,-5.03354354601701,4.81495377494872e-07,4.8325842875085e-06
"MSTRG.4065|FAP175",16.063921583946,-3.16337327292802,1.09066842500125,-2.9003986916779,0.00372688289349694,0.0149621172325289
"MSTRG.4080",65.5289900591092,1.21562201852789,0.37898756119924,3.2075512311836,0.00133870214527181,0.00625225813911025
"MSTRG.4086",31.439391531066,-1.69881126567024,0.532540822919199,-3.19001134290131,0.00142267209743093,0.00656535297676544
"MSTRG.4088|GUN4",170.314927676512,-1.74353551723497,0.300186393065291,-5.80817637812033,6.3156964221125e-09,8.61862160675919e-08
"MSTRG.4089",258.871680834244,-1.3894439048503,0.254301530460328,-5.4637654061113,4.66139475781363e-08,5.5803353810031e-07
"MSTRG.4118|PCC1",20.8625431081045,-1.24045424403247,0.456708881884609,-2.71607208275376,0.00660615330946664,0.0243164113717937
"MSTRG.4107|LESV1",289.78148663386,1.19534383604921,0.319860690352037,3.73707639639501,0.000186172371035801,0.00110039855021226
"MSTRG.4110",854.562359230007,-1.14863275408565,0.230612046622318,-4.98080118063739,6.33215696987907e-07,6.21027955010102e-06
"MSTRG.4103",101.260202320355,-1.24074751507928,0.244241243848941,-5.0800081735854,3.77418629472835e-07,3.84875007784421e-06
"MSTRG.4108",194.859183156951,-1.84829073441321,0.288089259491943,-6.41568775480467,1.40188519075687e-10,2.47910687015047e-09
"MSTRG.4154|ZNG2",1017.72068509057,1.629063175493,0.199004123513562,8.18607748789681,2.69878004032678e-16,9.07086788184253e-15
"MSTRG.4157",2903.91593758134,3.04400830205933,0.180213049610794,16.8911646999675,5.22610732433199e-64,1.69560518861694e-61
"MSTRG.4162|BCS1",2042.76849227344,2.85385072298362,0.482040980391002,5.92034876509617,3.21259600842197e-09,4.58884558327874e-08
"MSTRG.4165",28.1399542430801,1.88023558303326,0.430464899508089,4.36791846485482,1.25436301253546e-05,9.550349729088e-05
"MSTRG.4166",183.99994210059,1.8032852894749,0.213497191971302,8.44641221191002,3.0039169222612e-17,1.06837295816798e-15
"MSTRG.4167|CGLD25",95.9395196800371,-1.12112270924195,0.297034003058534,-3.7743918127145,0.000160398497303021,0.00096336052516941
"MSTRG.4174",60.7334444317978,1.53795235682674,0.326416929599354,4.71161945771143,2.45755969761784e-06,2.14924687834839e-05
"MSTRG.4180",577.476335590907,1.69296476985958,0.305966123851455,5.5331771653306,3.14481534279527e-08,3.86968067490396e-07
"MSTRG.4177|MSH6",140.638662289976,-1.62255823343654,0.4664253672442,-3.4787092370708,0.000503834935573416,0.00267177044888131
"MSTRG.4127",85.8319679695527,-1.56662148876799,0.284897838757225,-5.49888863882532,3.82192398478409e-08,4.61358751025797e-07
"MSTRG.4137|FBA3",6435.89649724196,-3.17879469635017,0.1987678997569,-15.99249526829,1.44139949441245e-57,3.95092571761537e-55
"MSTRG.4189",33.1816564790501,1.07726660960152,0.403412576938034,2.67038429435728,0.00757644788104658,0.027296380414664
"MSTRG.4196",95.4113906797858,-1.96749287540564,0.270807421299314,-7.26528418595675,3.72254816157541e-13,9.27602988600718e-12
"MSTRG.4197",101.662254558546,1.33463851861401,0.364563406034574,3.66092289166136,0.000251308389060556,0.00144338900624448
"MSTRG.4198",36.5176700772692,1.66323757541112,0.483908116048126,3.43709377927793,0.00058799198215446,0.00304988467611472
"MSTRG.4202",49.4385349289263,-4.55890466355199,0.77100316905655,-5.91295191319456,3.36030305277984e-09,4.76983017259767e-08
"MSTRG.4203",39.6657878653791,1.03709388572199,0.330597626326444,3.13702762250908,0.00170670047110443,0.00770608466049936
"MSTRG.4205",20.4667068781481,1.25824001527042,0.482192659645668,2.60941345767275,0.00906975840651354,0.0317112423898729
"MSTRG.4208|PSRP1",1499.31694152852,-2.45701718999297,0.206514874299894,-11.8975313440376,1.21899982042232e-32,1.12021151127596e-30
"MSTRG.4229|PSAD1",7372.57349168769,-2.7783347617073,0.166290433069495,-16.7077246142368,1.15146098480778e-62,3.58939739930864e-60
"MSTRG.4226",1248.54823020232,2.61254174017418,0.32330880139411,8.08063909460205,6.44282233217321e-16,2.07764684456166e-14
"MSTRG.4242",81.4345728224346,-2.5748142688925,0.341744860508281,-7.53431745853603,4.90895684261555e-14,1.34324605652155e-12
"MSTRG.4237|PHC5",906.186367883532,-6.34686749184644,0.293082604911342,-21.6555584858623,5.38742951977643e-104,6.5884118850312e-101
"MSTRG.4231",28.648547069632,-1.76479435791053,0.630641985291393,-2.79840923863497,0.00513550000731341,0.0197065361130265
"MSTRG.4234",52.6865207379529,2.2741014200844,0.469048927591281,4.84832452717173,1.24508595751522e-06,1.16164181646579e-05
"MSTRG.4236|PHC36",44.002928308208,-5.70085503846271,0.724303809344629,-7.87080637284099,3.52362633158661e-15,1.07315347547057e-13
"MSTRG.4238|PHC35",3886.58165506303,-1.20436430492797,0.253470480217614,-4.75149731003776,2.01915846072805e-06,1.78933005622377e-05
"MSTRG.4255",700.657148262412,1.63743381452378,0.407385579217831,4.01937107756147,5.83537021536653e-05,0.000388324469166585
"MSTRG.4259|ARS14",28.4825819170766,-3.49359468098329,0.719143325684351,-4.8579950007305,1.18580402876817e-06,1.11089643190079e-05
"MSTRG.4259|ARS15",22.4436171147405,-2.51050510530455,0.573210525791944,-4.37972610819742,1.1882856776102e-05,9.09112882706786e-05
"MSTRG.4250",41.0523040503109,-8.80200073591875,1.37310194061866,-6.41030390791885,1.45229840993152e-10,2.55971619967753e-09
"MSTRG.4252",3.93727306093067,-5.42157687335483,1.60507009465125,-3.37778199931687,0.000730729856352219,0.00369267109227196
"MSTRG.4258|ARS13",65.4887173522026,-1.00657286112122,0.373612165388567,-2.69416511123067,0.00705651988326569,0.0257481186835341
"MSTRG.4290",16.4773147260477,-7.48560008565353,1.31415488940815,-5.69613227937293,1.22555804578217e-08,1.60625901169373e-07
"MSTRG.4291",101.217694624647,-1.20657299188174,0.398511330179636,-3.0277005959601,0.00246422103400268,0.0105653144548475
"MSTRG.4288",46.6472543874856,-3.18329764143875,0.569925324704559,-5.58546445201207,2.33076461870938e-08,2.93384765702626e-07
"MSTRG.4293",72.1412764569332,-1.09956128463901,0.353346200631287,-3.11185257595678,0.00185917317904524,0.00830023454098883
"MSTRG.4267",74.2364869650607,1.03646910137081,0.267141738579854,3.87984710618699,0.00010452214544296,0.000654467533773994
"MSTRG.4271",22.0690022961693,2.85820373233598,0.525609990534087,5.43787938549586,5.39184531836115e-08,6.36846633516386e-07
"MSTRG.4298|RBD3",412.414027981204,-3.63704287644092,0.207697629897535,-17.5112391905252,1.17605793888121e-68,4.45165931246036e-66
"MSTRG.4316",44.0949756762762,3.6245523312083,0.465918234680765,7.77937427946291,7.28841348170795e-15,2.19453025629153e-13
"MSTRG.4313",112.022477540539,1.15205810866271,0.27845537608219,4.13731681130358,3.51390786052204e-05,0.000244161307546239
"MSTRG.4315",202.933472405081,1.80180469374785,0.231747227241608,7.77487055700296,7.55245940190192e-15,2.26545282210258e-13
"MSTRG.4303",92.9678430766832,1.78462272281609,0.568707839106458,3.1380308131853,0.00170086995747494,0.00768849319986824
"MSTRG.4332|ACX2",324.852684934467,-1.39350326862488,0.220905570307549,-6.3081400196691,2.82408674655425e-10,4.76111676529368e-09
"MSTRG.4334",102.435811258969,1.20002446132166,0.288698692134575,4.15666746686292,3.2292348455254e-05,0.000226259918793137
"MSTRG.4322",2034.01109991348,4.50259959606869,1.22894202481416,3.66380146919427,0.000248499424022541,0.00142880428322255
"MSTRG.4320",1444.20308614235,1.71374313653346,0.189271313639694,9.05442617572691,1.3728771419501e-19,6.13089910188839e-18
"MSTRG.4326",20.435934896757,-1.57961618049216,0.486803719606728,-3.24487286532707,0.00117503071517233,0.00559635659371172
"MSTRG.4327",141.510802447122,2.08696779789463,0.257445792462879,8.10643583617921,5.21262252923139e-16,1.70164831560001e-14
"MSTRG.4328",67.1721588257763,2.15423523246446,0.304082700193407,7.08437287321603,1.39675363427572e-12,3.24643118095255e-11
"MSTRG.4340",110.886061492577,-4.41274755575658,0.370838211970173,-11.8993874237305,1.19219047549991e-32,1.10194442904055e-30
"MSTRG.4344",187.710115801752,1.04598814037681,0.275112495021839,3.80203792740775,0.00014351075101063,0.000871146971961433
"MSTRG.4352|KIN14B",148.004122451766,-2.00372728153247,0.448445751031158,-4.46815980957583,7.88953575109434e-06,6.25887422010468e-05
"MSTRG.4353",308.588298380329,-1.7725219502742,0.175503735669753,-10.0996251932185,5.5453723211664e-24,3.4170670217792e-22
"MSTRG.4356",55.0845827746292,-4.30893783693995,0.702379884800672,-6.13476827879657,8.52834102581063e-10,1.34241154087463e-08
"MSTRG.4378",49.7274257384683,1.20653189187311,0.402623999562508,2.99667156747768,0.00272944601084589,0.0115161180149756
"MSTRG.4376",196.286804692048,1.08622016219544,0.299468616283448,3.62715858401446,0.000286557309417092,0.00162124131854553
"MSTRG.4392",3.96538388091556,5.43332529826777,2.05402019334684,2.64521513267825,0.00816389945640017,0.0291073499793339
"MSTRG.4393|DMC7",91.8219830310311,3.24646660760618,0.367091441657376,8.8437545504977,9.25548077362565e-19,3.82191255426235e-17
"MSTRG.4387",22.1884181250974,-7.91510932397846,1.41431724481209,-5.59641717797909,2.18826783843242e-08,2.75884869907999e-07
"MSTRG.4409",26.2875515384274,1.21210854115801,0.459835660362002,2.63596029112616,0.00838995490913532,0.0297997102648421
"MSTRG.4407",1061.78704724114,-1.72626980703889,0.229640603225253,-7.51726734207194,5.59329705577768e-14,1.52264103754715e-12
"MSTRG.4402|METM1",7071.80279395539,-2.90490419382125,0.436322412245607,-6.65770107675805,2.78143739025355e-11,5.38978190950009e-10
"MSTRG.4422|MME6",433.471280147094,-1.72530542826475,0.181413355295252,-9.51035509737858,1.90012801286496e-21,9.93691945675234e-20
"MSTRG.4425|PTC1",324.571172026568,-1.09271446425398,0.203865579861529,-5.3599752591692,8.32333499287918e-08,9.4584974779695e-07
"MSTRG.4427",43.4058358781422,-4.02626842663338,0.573545513780381,-7.01996324597719,2.21926616758615e-12,5.07226857353439e-11
"MSTRG.4430|ALB3A",191.516017857105,-2.31965835710397,0.383864274396717,-6.04291285181347,1.51356418256499e-09,2.27006069569983e-08
"MSTRG.4436|TOC34",228.50817054881,-1.15574447341966,0.36030833108929,-3.20765403876618,0.00133822373641812,0.00625186040598745
"MSTRG.4447",271.926992495595,1.15919510076379,0.217250764247611,5.33574694099854,9.51520320629143e-08,1.06455102444491e-06
"MSTRG.4450",35.1274221691201,-1.85243461471381,0.427777334252119,-4.33037112158458,1.48858248333081e-05,0.000111577012352632
"MSTRG.4412",387.777843313496,-1.01751290548352,0.269138164385678,-3.78063403904848,0.00015642947250936,0.000940900684331947
"MSTRG.4413",6.86885427878678,2.5283182094706,0.943003609040221,2.68113312105337,0.00733733210525842,0.0266078708506839
"MSTRG.4453",50.4916114242684,-4.36658422350179,0.565323489118132,-7.72404527240392,1.12694786280126e-14,3.31168523527068e-13
"MSTRG.4464",261.739235101142,-1.02610412532034,0.252215647522104,-4.06836029168417,4.7345134689279e-05,0.000320977804388127
"MSTRG.4469|CGLD28",19.937996668301,-2.32254295754551,0.585194562291558,-3.96883892504175,7.22236790675842e-05,0.00047135141618081
"MSTRG.4466",200.475320127699,1.1414446287347,0.257288604962094,4.43643677458187,9.1460181428241e-06,7.15920218781967e-05
"MSTRG.4474|EZY1A",22.8104211770435,1.29450843326418,0.466407592533204,2.77548747916668,0.00551190216472226,0.0208926466758957
"MSTRG.4473",54.9184988714269,-2.60649045672018,0.50364517664691,-5.17525150160927,2.27604178097453e-07,2.40588512193704e-06
"MSTRG.4479",69.9495813224501,1.75737081968365,0.411617068891727,4.26943135379527,1.95971950308708e-05,0.000143508155965354
"MSTRG.4475",111.646521643216,1.8816128493348,0.350001707340658,5.37601048758148,7.61543579477755e-08,8.74784669547496e-07
"MSTRG.4476",105.616338459227,1.77583211344223,0.372906231530456,4.76214115852658,1.91549612980071e-06,1.70698192105222e-05
"MSTRG.4477",74.3328218006916,1.73730494088369,0.392753485173703,4.42339789834159,9.71605595875396e-06,7.57185576628777e-05
"MSTRG.4478",106.872903872053,1.73582725088505,0.382466110077905,4.53851257705286,5.66524174610642e-06,4.60931490683725e-05
"MSTRG.4486|TEF14",993.874306586725,-3.19002386991378,0.16752241234143,-19.0423706614978,7.60081466099777e-81,4.47547227705713e-78
"MSTRG.4488",47.1914226355393,1.53001521845534,0.388598564782794,3.93726420299708,8.24158507552038e-05,0.000529392806184335
"MSTRG.4493|FAT1",662.805198530198,1.83344046116459,0.197309676947834,9.29219736976877,1.51135351979573e-20,7.46195598065608e-19
"MSTRG.4499",430.55974767218,5.15397896922417,0.330025465873836,15.6169129420893,5.58447436333833e-55,1.40923767346592e-52
"MSTRG.4501",21.9106890797417,-2.09759290834628,0.523596569322715,-4.00612424000326,6.17231918466551e-05,0.000407845097247765
"MSTRG.4515",182.137446430244,1.26537974523888,0.243522114444294,5.19615948689677,2.03447734311169e-07,2.16783651479823e-06
"MSTRG.4510",31.411208776999,-3.64680492075363,0.597037727699816,-6.1081649476383,1.00783167278254e-09,1.56012735480982e-08
"MSTRG.4508|MSRA2",51.0034290236062,-1.46998400319285,0.501228046409013,-2.93276486366709,0.00335958225049164,0.0137126158198501
"MSTRG.4521",250.040597146581,2.08787698480742,0.311173201161627,6.70969407716752,1.95032863887941e-11,3.82794132109936e-10
"MSTRG.4524",67.2508380226674,-1.1280114624948,0.351856450574539,-3.20588541336359,0.00134647595212191,0.00628487219225899
"MSTRG.4523",18.7238848488865,-1.33793613346191,0.484622259250787,-2.7607814290873,0.00576632529887924,0.0216721133809887
"MSTRG.4531",43.5057351601608,8.88493625929192,1.22622288094347,7.24577594935736,4.29970387470845e-13,1.06640705460398e-11
"MSTRG.4527|CWP2",8801.52572962395,-2.17341907463171,0.31870396285643,-6.81955459590815,9.13232033878389e-12,1.91033722034192e-10
"MSTRG.4528|EZY7",114.393192826713,-2.99370700915374,0.628515995439282,-4.76313575291171,1.90607516700469e-06,1.6995391477869e-05
"MSTRG.4530",131.17014800617,-1.51753804127679,0.231449305473758,-6.55667571855752,5.50204787240924e-11,1.02786788572928e-09
"MSTRG.4533|POB30",442.207024706863,-1.25814583461103,0.230995385333012,-5.44662757135707,5.13337896271699e-08,6.08579110732847e-07
"MSTRG.4535",68.6495747445795,-1.68515924147858,0.280056106094004,-6.01722013842804,1.77437709447983e-09,2.62654069348606e-08
"MSTRG.4536",39.4840721093723,-2.38994644389897,0.449498389156431,-5.31691881784973,1.05539126659556e-07,1.16924113981437e-06
"MSTRG.4545|ATPC1",3535.36318527735,-3.11191710467352,0.207857376621256,-14.9714056592942,1.12909311641092e-50,2.30132338008985e-48
"MSTRG.4546",17.4976398029126,-2.69740603792569,0.724757825322482,-3.72180326128315,0.000197805117358217,0.00116083638086413
"MSTRG.4537",59.1093756935223,1.1945201561487,0.309322626517648,3.86172899666796,0.000112587414452028,0.000701635920887882
"MSTRG.4544|PRPL29",1010.32869028586,-1.31277017698184,0.178525456293648,-7.35340608693097,1.93218776861918e-13,4.96250745484778e-12
"MSTRG.4549",158.821784784327,-1.57432435277323,0.466192641030834,-3.37698241931088,0.000732857340707741,0.00370186826889803
"MSTRG.4578|ADT1",254.777964687203,-1.36701681174654,0.28358532657543,-4.82047794311014,1.43214691486472e-06,1.31989980594314e-05
"MSTRG.4584|AP1M1",467.428478670207,-1.1282504934653,0.175570534322137,-6.42619502082955,1.30837527400368e-10,2.32148996719983e-09
"MSTRG.4602|FAP325",8.7878769729543,6.57361739277426,1.38187079053333,4.75704200262978,1.96450305767301e-06,1.74576129742233e-05
"MSTRG.4559",266.971621756558,11.5021032753298,1.19553963165482,9.62084649540983,6.52916076954612e-22,3.56703085615959e-20
"MSTRG.4570|DTH1",60.2204207034599,-2.18093880077311,0.413468838209648,-5.27473560091431,1.32947621331247e-07,1.45551716935317e-06
"MSTRG.4564|PSBR1",4769.37054659475,-1.32188474553033,0.159086820057168,-8.30920339632978,9.63466562272624e-17,3.30824868401948e-15
"MSTRG.4571",508.927118029645,-1.50643268212421,0.416869684493492,-3.61367769871433,0.000301884288643307,0.00169468800171303
"MSTRG.4573",3.54723489409347,-5.27103492091056,2.10090085143946,-2.50894035161109,0.0121093930558192,0.0403341987851276
"MSTRG.4577|RBMP1",259.04944810208,-1.19180986034847,0.265636421274801,-4.48662067734885,7.23617384480622e-06,5.77803575011197e-05
"MSTRG.4642|CTPC1",46.8064294017538,-1.56853013784776,0.391127557437389,-4.01027774193293,6.06473655862936e-05,0.000402073318636737
"MSTRG.4621",173.422294401823,-1.01917299173832,0.193583104721248,-5.26478275676946,1.40355226133748e-07,1.53253254469391e-06
"MSTRG.4617",212.217877199074,-1.06089913136112,0.370742469138596,-2.86155274799262,0.00421571346547043,0.016626497810481
"MSTRG.4622",158.195346340061,-2.2211773361186,0.426916158791689,-5.20284203438271,1.9626368753318e-07,2.09550040591168e-06
"MSTRG.4626|PRPS15",1272.36445985098,-1.03193528562415,0.195362039351049,-5.28216888527586,1.27663428879691e-07,1.40165275713351e-06
"MSTRG.4627|PRPL13",1312.07665776516,-1.20091754978134,0.192826343210872,-6.22797450692737,4.7250392692536e-10,7.76821864556294e-09
"MSTRG.4630|CGL81",214.480336129486,-1.34590829169822,0.365957290821891,-3.67777422517116,0.000235278071655533,0.00135868172291306
"MSTRG.4604",915.819276822064,-1.439348013687,0.362198376773688,-3.9739217677012,7.06987931735424e-05,0.000462348586537629
"MSTRG.4603",408.138793729281,-1.13187815361293,0.286630864423997,-3.94890534865293,7.85093846487503e-05,0.000508615402259915
"MSTRG.4645",24.0386770648109,-1.59149002988011,0.456948832613833,-3.48286266708788,0.000496082779581209,0.00263505647503577
"MSTRG.4648",16.8891020917152,-1.85238937233913,0.549173683012669,-3.37304832630955,0.000743409036692125,0.00374840369975623
"MSTRG.4649",30.9527874337344,-1.5406050158701,0.419245827536433,-3.67470566117018,0.000238123769929563,0.00137262207916613
"MSTRG.4651",232.925224852687,-1.61023801090737,0.232048616632354,-6.93922693561476,3.9425137774891e-12,8.63334490833633e-11
"MSTRG.4654",235.162231813781,-1.56082326830109,0.229719030895868,-6.7944883025761,1.08697635105021e-11,2.25009766002555e-10
"MSTRG.4657",236.472631860153,-1.57299331184641,0.22550427677298,-6.97544780239344,3.04898070177072e-12,6.81753800235596e-11
"MSTRG.4662",9.16338532133246,-6.64037455651618,1.40618584628288,-4.72225956054768,2.33238749344792e-06,2.04637397190039e-05
"MSTRG.4671",84.9504923094345,1.38392128500685,0.493611359903324,2.80366579342481,0.0050525247835736,0.019439748066131
"MSTRG.4678",81.0398761591442,-1.23032765420412,0.317988726960172,-3.86909204601527,0.000109241398634071,0.000681601159923255
"MSTRG.4679|MML1",243.785162675727,1.83024313255388,0.237924119258249,7.69254978545189,1.44231328966304e-14,4.20732049157119e-13
"MSTRG.4675|LCYE1",580.232979316497,-1.67803496481699,0.242117528682042,-6.93066286423504,4.18873219004525e-12,9.13476877329758e-11
"MSTRG.4702",37.1357691056545,2.5746123349156,0.410438105940453,6.27283943096923,3.54522469551965e-10,5.92660170445546e-09
"MSTRG.4712|TRXM1",2658.18387264294,3.16281297054755,0.242942450123725,13.0187744831618,9.56944046856987e-39,1.18855441069784e-36
"MSTRG.4714",55.2670226654161,1.44345921139849,0.330194378183501,4.3715438746698,1.23371051809816e-05,9.41600087216734e-05
"MSTRG.4710",19.4585593363649,-1.73067502694243,0.494396568349009,-3.50058058194428,0.00046424585935874,0.00248086745280176
"MSTRG.4711",829.559540551507,-1.46856743343419,0.265339706166676,-5.5346689519272,3.11816733512772e-08,3.83986245498532e-07
"MSTRG.4694|MME1",527.003036577844,-1.04179183448037,0.185418680549029,-5.61859156475282,1.92520359806134e-08,2.45641146083301e-07
"MSTRG.4700",779.616264856529,-3.33887661049487,0.249909911840512,-13.3603208688484,1.0311868321489e-40,1.40118019294899e-38
"MSTRG.4692|NAB1",1653.01787333479,-4.28870289811696,0.217739596991448,-19.6964766968196,2.31157358481403e-86,1.67042712960789e-83
"MSTRG.4693|POB28",56.1701998102609,-2.70620836760016,0.49329532587628,-5.48598015355792,4.11183062841429e-08,4.95601844810693e-07
"MSTRG.4696",604.011856191984,2.55415560559639,0.323202366103769,7.90265132148305,2.73032561104942e-15,8.42848865329392e-14
"MSTRG.4698",1600.20959867825,1.24325465880435,0.336788604353409,3.6914985920953,0.000222936631029201,0.00129624165768807
"MSTRG.4699",88.1346392418208,1.02544370292267,0.390934856284186,2.62305518793963,0.00871451552592979,0.030705533650539
"MSTRG.4717",2.03111231080961,-4.4599030106221,1.82289804824658,-2.44660035426118,0.0144210644430222,0.0468398672567198
"MSTRG.4721|CDC45",80.2741494564459,-5.27168430161721,0.73560542745402,-7.16645650625889,7.69638355063863e-13,1.84550687312297e-11
"MSTRG.4725",2609.89891350395,2.42470374024344,0.187771158405111,12.9130786689413,3.79806395312589e-38,4.64474005590734e-36
"MSTRG.4740",18.8678459552115,2.0396515104273,0.520342389680099,3.91982577410473,8.86130054376698e-05,0.000563733317506232
"MSTRG.4786",134.068825701797,1.85224429475611,0.451633834499678,4.10120799919261,4.10998910273675e-05,0.000282126972173181
"MSTRG.4783",276.972996755028,1.03605470105523,0.233153374229192,4.44366162179911,8.8440662972645e-06,6.94335634537832e-05
"MSTRG.4782|HCF136",1497.82058010475,-1.05112438412509,0.148088127534956,-7.09796525637731,1.26607000643035e-12,2.95565065524666e-11
"MSTRG.4794|NUOAF4",445.186967504072,-1.40147171161993,0.205751854060302,-6.8114657727905,9.66092846734939e-12,2.01033299442304e-10
"MSTRG.4795",72.5143753822089,-2.28642425473593,0.38166730538528,-5.99062120982007,2.0904100832428e-09,3.06580622725037e-08
"MSTRG.4808",21.7478193277276,-4.14964257027995,0.857297078837844,-4.84037875867398,1.29591899112918e-06,1.20341823136517e-05
"MSTRG.4814|HON3",4.1797781971678,-5.50768295232117,2.06551440760852,-2.66649457008535,0.00766468445581558,0.0275623509338512
"MSTRG.4812",425.642931578815,1.14349628159973,0.175238709014898,6.52536353427774,6.78367972451955e-11,1.24967485817395e-09
"MSTRG.4801|GGH2",861.112454035498,-2.67643376136684,0.228153417019865,-11.7308510927707,8.8563655904886e-32,7.61072973824799e-30
"MSTRG.4830",114.935446301219,1.27832662851014,0.270684033494218,4.72257861687823,2.32873024650142e-06,2.04429339916508e-05
"MSTRG.4832",80.9793761945466,1.22949584791373,0.293908438479626,4.18326147515141,2.87356564488874e-05,0.000203310843891594
"MSTRG.4839",75.0191442751205,1.49400839665586,0.314221260362824,4.75463816461931,1.98802146936878e-06,1.76370342187638e-05
"MSTRG.4842",97.1771461768137,1.37490545386657,0.386740590607602,3.55511029164659,0.0003778205690005,0.00206341168188593
"MSTRG.4855",122.917474248001,-1.83613404694424,0.444024285116035,-4.13521086231672,3.54628860746083e-05,0.000245981222868291
"MSTRG.4820",1545.34359398654,1.36741509111599,0.162456806610647,8.41709941026484,3.8592018571222e-17,1.36644969096946e-15
"MSTRG.4823",371.037588094719,1.23456242431818,0.188004765890862,6.56665493807138,5.14581020660171e-11,9.68143084787622e-10
"MSTRG.4826",1268.98869804316,1.3216718728081,0.174093313139116,7.5917440421848,3.15628032195981e-14,8.818724878474e-13
"MSTRG.4846",22.5029607936167,1.56333474877991,0.446636909933503,3.50023635308749,0.000464845806155785,0.00248323878570722
"MSTRG.4852",43.4992330561542,-1.34633363167902,0.380155631107205,-3.54153278686895,0.00039780941550559,0.00215922638706312
"MSTRG.4758",263.825645374973,-2.70433148325372,0.379580595214201,-7.12452511363928,1.04440146935816e-12,2.47081764283571e-11
"MSTRG.4766|LHCA8",4428.93254001777,-4.63569782724397,0.238104197757796,-19.4691982371495,2.00383295116511e-84,1.27427745030492e-81
"MSTRG.4769",1100.73050000393,-1.314920383397,0.326866499571922,-4.02280559530901,5.75089633442703e-05,0.000383091356780226
"MSTRG.4771",378.123546343604,-1.12920590997933,0.204158970099848,-5.53101296223758,3.18386794370639e-08,3.90865888564048e-07
"MSTRG.4772",111.373697307801,-3.77865561237307,0.437351254491632,-8.63986457925061,5.62796904195866e-18,2.14564632683594e-16
"MSTRG.4777|POB11",23.5425121327968,-8.000640816826,1.32561064296554,-6.03543797666534,1.58532112709637e-09,2.36651974446743e-08
"MSTRG.4860",84.0279954098592,-4.08272510850988,0.598283422397968,-6.82406524343595,8.849965719519e-12,1.85615771779569e-10
"MSTRG.4873",40.4172417781735,1.19729801532804,0.417080289948283,2.87066553894576,0.00409608664065233,0.0162271580894819
"MSTRG.4876",237.017686252805,1.74950069336374,0.403717505886637,4.33347741391972,1.4677234488283e-05,0.000110273475375578
"MSTRG.4879",147.036936894652,1.94586936595566,0.320630020806848,6.0688932404364,1.28794722852031e-09,1.96128209185975e-08
"MSTRG.4871",218.919344303362,1.10169831968153,0.289145861735024,3.81018186831648,0.000138864600068936,0.000846174554195454
"MSTRG.4872",251.142123631578,1.90021011038335,0.211230119475027,8.99592404296304,2.34253241291557e-19,1.02593885125432e-17
"MSTRG.4866",195.402498484817,2.01696951579695,0.37960176360527,5.31338289011298,1.07608601364639e-07,1.19050907758874e-06
"MSTRG.4867",247.013206000219,-1.25501407466908,0.179099696377185,-7.00734897967676,2.42875944152502e-12,5.50722973344217e-11
"MSTRG.4868",156.248399085609,-1.82426961152865,0.262551873283345,-6.94822546384921,3.69909500023719e-12,8.1564788229918e-11
"MSTRG.4869",16.6049182478049,-1.61545832591114,0.63022599151355,-2.5633000664277,0.0103682397129382,0.0354634842849164
"MSTRG.4870",142.794104783325,2.43585786832353,0.48874866100538,4.98386606996089,6.23262280957609e-07,6.12778215378112e-06
"MSTRG.4897",867.721922130258,1.61207469252353,0.267398997238899,6.02872377671363,1.65259458530744e-09,2.46231946740559e-08
"MSTRG.4904",314.272197778477,-1.54414492936478,0.242587800538776,-6.36530330847351,1.94904195038027e-10,3.34620614763991e-09
"MSTRG.4908",27.2684786303413,-5.35215151929873,1.08167157733025,-4.94803749258971,7.49654714470633e-07,7.25381049948516e-06
"MSTRG.4910",35.0573105000579,-4.66812233884701,0.784064448576054,-5.953748250319,2.62069833907456e-09,3.79107026338556e-08
"MSTRG.4939",42.2261535434381,-1.61426546020015,0.413290469411928,-3.90588600433272,9.38807646347793e-05,0.000593210014373498
"MSTRG.4952",23.2211062016272,-6.09000083734895,1.11246843777197,-5.47431336528153,4.39211255614931e-08,5.27385237293518e-07
"MSTRG.4957",49.7501610225985,1.33254715126975,0.331001398176669,4.02580520387565,5.67806803291134e-05,0.000379185040970168
"MSTRG.4944",27.6031553971463,1.25815585724624,0.433640212156459,2.90138188750883,0.00371520806600222,0.0149190143554694
"MSTRG.4945",46.0353883821856,1.27303180205847,0.344083457972817,3.6997762390514,0.000215789644140221,0.00125848267151183
"MSTRG.4955",38.1509579688404,-2.96723311706147,0.639146880867555,-4.64249017852338,3.44235006824066e-06,2.9187456738608e-05
"MSTRG.4911",229.997345250224,1.08489612257014,0.27880040927864,3.89130032261133,9.97084261171638e-05,0.000626795001348624
"MSTRG.4914",88.0672583713632,-1.10485548555964,0.279046544880506,-3.95939496772039,7.51398811820864e-05,0.00048877816327038
"MSTRG.4917|ARG9",923.901087555904,1.16356777918593,0.222632883201332,5.22639675889068,1.72845257739958e-07,1.86297892037278e-06
"MSTRG.4919",36.7299171131834,-3.70790192994074,1.01727952772479,-3.6449194433645,0.000267475570250733,0.00152577201860286
"MSTRG.4915",86.1856497505359,-1.54966046425825,0.58686645105275,-2.64056747745316,0.0082767308855471,0.0294436043003866
"MSTRG.4916|PHC3",7376.53109416767,-1.034821665911,0.184270751726188,-5.61576732181925,1.95691852454137e-08,2.49287585762489e-07
"MSTRG.4920",99.5371355468859,-2.18744126641378,0.643700309820261,-3.39822932044971,0.000678235421535418,0.00345595728575964
"MSTRG.4923|FAP237",635.934360015889,-1.70805755029566,0.247964846440329,-6.88830523687433,5.64609649071099e-12,1.21135819175875e-10
"MSTRG.4980",43.2170495230154,1.78200664614821,0.41233661758113,4.32172785575511,1.54812065602291e-05,0.000115766802396295
"MSTRG.4981",238.464185459751,-1.10572758460238,0.188536222783536,-5.86480183106192,4.4966941844075e-09,6.27642178610276e-08
"MSTRG.5005",37.1335832157474,2.18812912049687,0.552191685557949,3.96262598247187,7.41298667938795e-05,0.000482800746533837
"MSTRG.5008",22.1823407266128,3.08689717951968,0.564718418812744,5.46625907121912,4.59632427422855e-08,5.50658352009687e-07
"MSTRG.5010",280.574562895845,1.50075607184443,0.456359008792025,3.2885426669168,0.00100707518665014,0.00489766941491708
"MSTRG.4984|SDHAF3",393.728422482592,-1.20222144043274,0.197994402116763,-6.07199712506901,1.26329195160523e-09,1.93113610063653e-08
"MSTRG.4985|TOM9",84.7387591684859,-1.26843511243852,0.306265739725671,-4.14161608012274,3.44867259026957e-05,0.000240363861640095
"MSTRG.4988|PAO5",258.420906018312,1.94560053448601,0.293725577381087,6.62387168265478,3.49910542383889e-11,6.70226241303502e-10
"MSTRG.4989",311.447773039521,1.80671575110701,0.253896771314283,7.115946145178,1.11147692122265e-12,2.61394380082805e-11
"MSTRG.4994|GOX18",109.552340849736,-4.43639137020336,0.412408548329053,-10.7572730686068,5.47668337459698e-27,3.93974263752682e-25
"MSTRG.5014",24.9898040359855,-1.69822645734478,0.546520769910938,-3.10734111280259,0.00188778433003683,0.00839731261301776
"MSTRG.5019",32.3874792201599,-2.02275709108429,0.461765951880941,-4.38048124346297,1.18417485953907e-05,9.06840651105594e-05
"MSTRG.5023|UCP1",437.882911542462,-1.35206066236997,0.189437643564785,-7.13723332346869,9.52281274208308e-13,2.25960711900951e-11
"MSTRG.5025|MND1",28.017188629983,-1.60270896529968,0.625507665603907,-2.56225311603866,0.0103995495959593,0.0355399912890287
"MSTRG.5028",23.9343078494413,1.31694046249741,0.47390668434885,2.77890248437177,0.00545428962646466,0.0207197841055042
"MSTRG.4959|PGM1",892.501349984907,-1.17576074333055,0.331903755688584,-3.54247495901715,0.000396391055381809,0.00215373376570745
"MSTRG.4961|CGL46",66.9176679794259,-6.10046596426734,1.44334266622238,-4.22662345334383,2.37224146298976e-05,0.000170573924824112
"MSTRG.4962|LHCA6",3989.96963074818,-5.11085742216318,0.337910436216119,-15.1248877643258,1.10989707580794e-51,2.41714297413625e-49
"MSTRG.4963",21.5378113560358,-3.90317149366218,0.890808548546743,-4.38160534048509,1.17808061398902e-05,9.02608462708307e-05
"MSTRG.4958",294.262927813499,-1.44866351906144,0.301308675196259,-4.80790510966151,1.52520125727907e-06,1.39836502815587e-05
"MSTRG.4964|HIBCH1",195.276792591586,-1.08050520044406,0.288126676821719,-3.75010468438031,0.000176760762368949,0.001051096175489
"MSTRG.4966",10.8727392780163,1.62428730736367,0.639185872090055,2.54118149084313,0.0110478554894673,0.0373487769047661
"MSTRG.4969|TSPSP1",471.09496078328,-1.34863677370348,0.180016122830483,-7.49175547444412,6.79584468779166e-14,1.82500572375864e-12
"MSTRG.4972",180.381677442981,-1.15317746238917,0.420920304622287,-2.73965748319975,0.00615032420393235,0.0228894716373027
"MSTRG.4977",42.3075681725078,-1.50614737084443,0.393374600813998,-3.82878652492512,0.000128776646142919,0.000789849969282457
"MSTRG.5039|OPR24",51.7180612692309,1.48426024767915,0.505324808064851,2.93724001669964,0.00331147700781609,0.0135440857911655
"MSTRG.5040",309.26461857193,-2.02241380495961,0.261688841403112,-7.72831502526406,1.08979389260125e-14,3.22068894350226e-13
"MSTRG.5043",198.793151873538,-1.54391518693239,0.213584193856053,-7.22860226245449,4.87990304452709e-13,1.2028015287115e-11
"MSTRG.5055",34.9606435173102,1.81466378415705,0.464465236521129,3.90699592018766,9.3450730904733e-05,0.000591197660136667
"MSTRG.5056",107.895623540757,-1.9109079588868,0.317713786900345,-6.01455787465145,1.80378317319531e-09,2.66510640218021e-08
"MSTRG.5088",2.00905754651482,4.4463651007166,1.7969130855159,2.47444639173521,0.01334428459167,0.0438230606152385
"MSTRG.5082",19.2019701266223,-3.51532643527529,0.893457092314034,-3.93452183156403,8.33624916867468e-05,0.000534393908401573
"MSTRG.5080",237.106834451311,-1.10205318502574,0.349540992332017,-3.15285820319161,0.00161680322100795,0.00734398217359554
"MSTRG.5081",7.38974550893253,-3.71714871555859,1.27338297815169,-2.91911292936711,0.00351029031945898,0.0142363764027446
"MSTRG.5057",51.1249166893849,-3.63476671128997,0.585589639285944,-6.2070201851968,5.39986649843235e-10,8.78680425712154e-09
"MSTRG.5071",80.7629191991534,-4.45279522506341,0.768207154360323,-5.7963469876445,6.7774963654985e-09,9.19356972855761e-08
"MSTRG.5076|OPR25",128.688010975183,-1.1230934253184,0.260089172127842,-4.31810911669313,1.57371628324075e-05,0.000117514990469523
"MSTRG.5079",40.7917670697889,2.10911212958885,0.455349341213929,4.63185501480273,3.62403913981875e-06,3.06136951354083e-05
"MSTRG.5120|HST1",193.374556489191,-1.54833683070311,0.227426461743763,-6.80807685627889,9.891202271715e-12,2.05555991785261e-10
"MSTRG.5121",70.4466007779414,-1.23548757277342,0.294739901871071,-4.1917893197707,2.7676295126305e-05,0.000196339910717535
"MSTRG.5103|ICL1",7365.74144442132,-5.91650346765975,0.347761414696268,-17.0131107639621,6.56571201267571e-65,2.26916716472866e-62
"MSTRG.5104",53.8696327528744,-4.87077066020744,0.822757448811501,-5.92005659413163,3.21830851877467e-09,4.59287871018669e-08
"MSTRG.5106|CGLD39",19.461198437695,-2.2706890084396,0.605507204551137,-3.75006109154864,0.000176791494103509,0.001051096175489
"MSTRG.5107|LHCA1",6121.37474799268,-5.44281737471627,0.270949320480896,-20.087953588723,9.40596466536958e-90,7.47680131250228e-87
"MSTRG.5113|CGL101",1182.2452953448,1.609441697909,0.229113345535225,7.02465277240498,2.14599254069577e-12,4.92308649523541e-11
"MSTRG.5151",77.0938959080639,-5.22336972061887,0.505086095879139,-10.3415432799179,4.57115948003461e-25,2.89531049456535e-23
"MSTRG.5156|ORC6",24.4260583881889,-1.85652294471548,0.565216252582813,-3.28462413497827,0.00102118502133701,0.00495870478595474
"MSTRG.5162",35.2373596071821,1.44420626141664,0.501683171561918,2.87872175763902,0.00399290446871207,0.0158697988108961
"MSTRG.5164",60.4862394237669,-5.29578578905066,0.638356934046028,-8.29596344397008,1.07708655606183e-16,3.69041423885152e-15
"MSTRG.5165",327.214346941499,-1.02668808480987,0.20250750170802,-5.06987680036746,3.98073296953552e-07,4.04639979217876e-06
"MSTRG.5166",166.461467659445,1.16716654768057,0.248679062664438,4.69346528483387,2.68615591243488e-06,2.32215914605164e-05
"MSTRG.5204",32.4746694591602,-1.27057995692789,0.384611218513936,-3.30354367154752,0.000954710979016472,0.00468023285365522
"MSTRG.5202|RRA2",474.282351989911,-1.48581583577178,0.318380647037525,-4.66679067838146,3.05940721351963e-06,2.61356560346777e-05
"MSTRG.5212",4.2834376906916,5.53420624456851,1.57836328957044,3.50629432472082,0.000454392459549222,0.00243148142777298
"MSTRG.5211",75.6554741147736,-3.18629068806805,0.500443461173326,-6.36693439973731,1.92843602643701e-10,3.31799523249953e-09
"MSTRG.5213",124.713047478218,-1.0888638704262,0.232676014463827,-4.67974265819944,2.87235218501171e-06,2.47103111673788e-05
"MSTRG.5184",3.01664016391067,3.98824270546531,1.56981998843903,2.54057327262794,0.0110670901429495,0.0373634740056512
"MSTRG.5186",388.867221957004,1.6052017513809,0.16794251518281,9.5580428197922,1.20004577759403e-21,6.40417538428728e-20
"MSTRG.5218",82.2054571764818,-2.2835451093932,0.466231129511861,-4.89788211221341,9.68751226845513e-07,9.21124820836721e-06
"MSTRG.5233",97.7590815004718,1.96746988221849,0.302734791767563,6.49898834135025,8.08619273998336e-11,1.47255775693305e-09
"MSTRG.5234|HEN2",64.4676782572945,2.19231455372868,0.370384967859689,5.91901600758048,3.23873445664013e-09,4.61374555480867e-08
"MSTRG.5236|GIP1",163.114335486929,3.70607680105719,0.356503709395175,10.3956191854068,2.59595351755453e-25,1.67766134236105e-23
"MSTRG.5247",34.2891871393433,1.127273163406,0.402300922933445,2.80206457192863,0.00507767093388574,0.0195270470505359
"MSTRG.5127|RHP1",42.2607938979054,-4.21340072482724,0.733721352466163,-5.74250798435302,9.32844789754916e-09,1.24311537866921e-07
"MSTRG.5128|LHCBM9",1139.6164430398,-3.75215806395997,0.407598651096604,-9.20552129862344,3.40016754675004e-20,1.58987834288918e-18
"MSTRG.5146",62.7691651837309,1.19413752755863,0.290502025203916,4.11059966525332,3.94632896275519e-05,0.000271775893488851
"MSTRG.5124|LHCBM4",3111.01526482674,-4.65372860091779,0.462848815732625,-10.0545328036577,8.77365963274704e-24,5.3647554169774e-22
"MSTRG.5129|LHCBM8",2451.56512633866,-4.0183302156851,0.435783659954547,-9.22092906398606,2.9453698894777e-20,1.39361578877728e-18
"MSTRG.5132",22.5011027274458,-1.48571538734339,0.584789753760273,-2.54059750156368,0.0110663233441217,0.0373634740056512
"MSTRG.5137|RBD2",633.983173387946,-4.8613701431949,0.277872447979212,-17.4949700070969,1.56494842274669e-68,5.7859418662388e-66
"MSTRG.5138",178.222728463127,-1.50743361546611,0.210156829400301,-7.17289854328166,7.34262702174518e-13,1.76600732816497e-11
"MSTRG.5141",56.7546141979623,-4.82358848589553,0.851726287847054,-5.66330821852209,1.48482104307278e-08,1.9269946892058e-07
"MSTRG.5142|CYN20A",857.857463043841,-1.77323143683643,0.172801756080918,-10.2616517161207,1.04896935183112e-24,6.59150780846289e-23
"MSTRG.5145",92.3239238882995,1.02165365856054,0.272578319594939,3.74811048831306,0.000178171768810373,0.0010581153457405
"MSTRG.5147",93.9261532996141,-1.35862296769588,0.252663824013884,-5.37719625276165,7.56546956293701e-08,8.70302714266082e-07
"MSTRG.5149|LHCBM6",14704.3343958316,-4.05331487584755,0.443642565646795,-9.13644268993472,6.45404077223735e-20,2.95695504890575e-18
"MSTRG.5304",239.141005416016,-2.10362077698405,0.444999238982078,-4.72724578539959,2.27585721111404e-06,2.0023009375922e-05
"MSTRG.5310",40.102876051518,-5.05594755690202,0.77595920884727,-6.51573884201066,7.23327281123248e-11,1.32482224830615e-09
"MSTRG.5313",164.918654472513,1.50979160459994,0.243814445533374,6.19237962417315,5.92626065167664e-10,9.54566280044126e-09
"MSTRG.5289|PRI2",50.3113691648646,-3.91536177259225,0.858675087441561,-4.55977101217428,5.12094300591973e-06,4.19653360351092e-05
"MSTRG.5292",367.346992094045,2.94968274072256,0.399455280091127,7.38426273912228,1.53300457920887e-13,3.96933335509163e-12
"MSTRG.5293",724.713425160092,-1.32648366784743,0.238938446809891,-5.55157064740957,2.83114255022646e-08,3.49724197851595e-07
"MSTRG.5296",201.467671116134,1.12186343664703,0.304768073531553,3.68103989255581,0.000232284654809428,0.00134334719612961
"MSTRG.5308|SHMT2",1151.58193554659,-1.50367495938524,0.570046450901907,-2.63781128188094,0.00834430039492669,0.0296574307351989
"MSTRG.5309|CGL113",281.72173662851,2.6934150928302,0.24151612549146,11.1521128758975,6.99259393797327e-29,5.39651739931549e-27
"MSTRG.5319|AGT1",1166.56677405539,-4.2732022067223,0.448835335139918,-9.52064570716161,1.72106307423912e-21,9.06008634246805e-20
"MSTRG.5320",245.672008279046,-1.01853285423344,0.256454335807886,-3.9715953759364,7.13929067988845e-05,0.000466504082321687
"MSTRG.5320|CHLG1",414.377171794358,-2.01743969955491,0.221600126191042,-9.10396457904396,8.70931920436255e-20,3.95602162031302e-18
"MSTRG.5339",196.16029075872,1.22832293924892,0.341901750570637,3.59261962595641,0.000327370285583393,0.00182615185972098
"MSTRG.5258",74.1223892193277,-1.56363295381548,0.289780111446281,-5.39592916163726,6.81698401902794e-08,7.88765734603393e-07
"MSTRG.5271|MMP21",27.339685110281,-5.02082714113085,1.00062492003723,-5.01769148518112,5.22960679142084e-07,5.2125572896557e-06
"MSTRG.5273",111.48445139391,1.06295552113317,0.227645167594291,4.66935245042219,3.02150619264522e-06,2.58674773563133e-05
"MSTRG.5283|OPR26",31.0339111178742,1.15092377449691,0.384003576312428,2.9971694158403,0.00272499229819882,0.0115034327022743
"MSTRG.5286|UBC17",521.02016001568,1.75465276806575,0.254924624673719,6.88302579757274,5.85944110280265e-12,1.25206175608006e-10
"MSTRG.5287|CDC6",34.2853381882438,-1.8897160865308,0.600610187704404,-3.1463270607405,0.00165335006330592,0.00749286183193772
"MSTRG.5343",38.0502479983402,-6.20543092771289,0.993072397965323,-6.24871957012099,4.13831158903928e-10,6.86752376227000e-09
"MSTRG.5350|HYDG1",368.99280059136,-1.77017444401911,0.527411496472338,-3.35634406124849,0.000789802462353816,0.00395597969328953
"MSTRG.5351|HYDEF1",114.462411433535,-2.66535215870862,0.603199090202394,-4.4186939304141,9.92991544814027e-06,7.72337552810832e-05
"MSTRG.5334|MCM3",191.37041459695,-4.46411023662819,0.468187358765811,-9.53487990020926,1.5005915794413e-21,7.925715923574e-20
"MSTRG.5330",126.946084014285,-2.19898085107874,0.513103701332295,-4.28564605043579,1.82208894922395e-05,0.000133985060660325
"MSTRG.5331|HPR1",814.635809694401,-1.25411971007,0.3803535107524,-3.29724762521357,0.000976373777159911,0.00477465097178968
"MSTRG.5331",151.087367230401,1.74056878500866,0.362454394123463,4.80217322021422,1.56952825750624e-06,1.43404369182955e-05
"MSTRG.5421",83.7682515149482,1.63847795332392,0.555981957431327,2.94699842580107,0.00320874836944082,0.0132088766383662
"MSTRG.5422|TIC100",713.444085114296,-1.52928399984905,0.320143246632773,-4.77687415222365,1.78041119850316e-06,1.60186628374665e-05
"MSTRG.5429",52.8641201505209,1.6395723150905,0.319268849191655,5.13539707754662,2.81548930342512e-07,2.93512452103951e-06
"MSTRG.5424",138.929786804455,-1.45359570997692,0.330328557268518,-4.40045426891542,1.08024492697347e-05,8.34081294270243e-05
"MSTRG.5425",342.181936289089,-1.90982472067804,0.273210016548619,-6.99031735660457,2.74265131716868e-12,6.17601567143736e-11
"MSTRG.5445",63.9913519898521,1.26216207408291,0.375350531680078,3.36262231582154,0.00077205914105432,0.00387687815049955
"MSTRG.5439",209.309142396395,1.65336499845963,0.254732816608562,6.49058499989144,8.55037083781812e-11,1.55175565730174e-09
"MSTRG.5463",48.8637267299413,-4.20468668516109,0.760380622996738,-5.52971309104379,3.2075495596562e-08,3.93159030637868e-07
"MSTRG.5459",228.411724000934,-1.59985370658394,0.282550249609625,-5.66219180055342,1.49451640371873e-08,1.93641579350615e-07
"MSTRG.5465|NIT3",677.511196942766,4.86881542720014,0.513291135320734,9.48548512172886,2.41258236316726e-21,1.24529981849458e-19
"MSTRG.5467",309.906121816862,1.06826492384254,0.176582345654322,6.04967002722787,1.45142809069799e-09,2.1809833446046e-08
"MSTRG.5470",54.5117871968589,-2.73720495650495,0.693873434850276,-3.94481877966056,7.98603504352603e-05,0.000515895916789828
"MSTRG.5473|ADF3",124.530737051025,-1.01626873398399,0.273431972513908,-3.7167150741024,0.000201829835998404,0.0011822736671712
"MSTRG.5474",27.5762086201917,-2.37175925216829,0.545240763765724,-4.34993017724436,1.36180886501918e-05,0.000103046346197406
"MSTRG.5471|CYN37",171.989404210736,-1.04400948487587,0.25821713041245,-4.04314571697189,5.27388212239294e-05,0.000353772902876806
"MSTRG.5480",35.9015390463985,-1.31626779850926,0.408832936663856,-3.21957376832263,0.00128381324699067,0.00602956070920464
"MSTRG.5481",20.3131759285401,-7.78578385739447,1.27566909856638,-6.10329423683954,1.03904306928685e-09,1.60375793354585e-08
"MSTRG.5383",102.029308651061,-1.04594746615885,0.428247424639545,-2.44239055737281,0.0145903527102688,0.0472996385374905
"MSTRG.5397",37.5426436995009,-3.82484859211361,0.596624040755654,-6.41081875827404,1.44740185087799e-10,2.55675495836204e-09
"MSTRG.5375",15.2827348469635,1.57551984353077,0.540842953570123,2.91308194574915,0.00357880672981137,0.0144493978305769
"MSTRG.5387|ARS73A",107.845489966851,1.14165281642358,0.466552847241865,2.44699571157421,0.0144052553019938,0.0468045675027788
"MSTRG.5388|LTH6",493.267141982074,1.336745272933,0.346846941873013,3.85399180893572,0.000116207484553928,0.000721948647689858
"MSTRG.5394|PHC26",123.150500388083,-2.81213028000713,0.417269038129605,-6.73936962256394,1.59075260917689e-11,3.18912799252134e-10
"MSTRG.5399|FBB15",269.782350036658,-1.21996756342386,0.218614357344784,-5.58045490809098,2.39890339275356e-08,3.01246178025245e-07
"MSTRG.5491",82.5048676663286,1.07096162594112,0.271587364558283,3.94334113327756,8.03542280377357e-05,0.000518360951821712
"MSTRG.5492|ZYS4",429.001426007094,-1.35171462953079,0.433551727946804,-3.11777013537042,0.00182224865881969,0.00815599920549419
"MSTRG.5507",98.1682802279319,-1.54356633371746,0.391724072415463,-3.94044288419516,8.1331314141953e-05,0.000523483899687761
"MSTRG.5535",317.921853825645,-1.13633067172939,0.300290110193083,-3.78410954326382,0.000154259874271585,0.000929652570572276
"MSTRG.5517|GOX3",35.4481873278632,-1.48551928205621,0.468218592730608,-3.17270459806562,0.00151026104196646,0.00692533315407638
"MSTRG.5524|CHLI1",1489.66413397423,-1.68934215818759,0.208970280976219,-8.08412636617856,6.26113866613534e-16,2.02728273959714e-14
"MSTRG.5582",10.796524793012,-2.12433168316757,0.698884098000283,-3.03960512085755,0.00236888516665285,0.0101978165121709
"MSTRG.5583",44.629946147974,-2.68598461025929,0.780545920737046,-3.4411615497561,0.000579222595209722,0.00301029121237142
"MSTRG.5585",126.805768550278,-1.64913336791883,0.330843288043773,-4.98463601202223,6.20785646506269e-07,6.10720928722566e-06
"MSTRG.5618|XPF1",62.674277891492,1.04561116063589,0.363172369655101,2.87910438128563,0.00398806313462202,0.015858486171641
"MSTRG.5620",83.1831125331681,1.32131318266833,0.485802765356194,2.71985521058022,0.00653105067198058,0.0240962273342184
"MSTRG.5635|LFO1",188.552695752409,-1.72901798123102,0.284070584694441,-6.08657873919199,1.15348942179193e-09,1.76668350940733e-08
"MSTRG.5636|POLA4",160.045776710931,-1.34716326060249,0.321683092336533,-4.18785846286611,2.815990338074e-05,0.000199503629209895
"MSTRG.5615",87.2032364681968,-1.2765934506462,0.391118172635302,-3.26395841452388,0.00109867290102741,0.00528173625053939
"MSTRG.5595|CPL13",74.4136968187303,-1.82874768759044,0.314711517093772,-5.81086991819731,6.21490420692286e-09,8.48836315134532e-08
"MSTRG.5604",129.02656870425,1.60003034184283,0.555858808271461,2.87848338109168,0.00399592334249884,0.0158757890887939
"MSTRG.5610",1003.63350482583,3.32886724806072,0.966279708569783,3.44503482639397,0.000570985819495034,0.00297039677955892
"MSTRG.5614",120.479405245044,1.39572689531948,0.25288816287719,5.51914680165273,3.40649533064407e-08,4.15064270839027e-07
"MSTRG.5646",401.643470065212,1.25725932493033,0.268593200709229,4.68090525601724,2.85610919859932e-06,2.45971961209816e-05
"MSTRG.5648",99.5493808682482,1.03365350148788,0.337572781921832,3.06201671711563,0.00219851173923332,0.00957062969067122
"MSTRG.5653",230.497510735958,-5.04201395314099,0.565929034457745,-8.90926891208558,5.13701758601898e-19,2.1894988091831e-17
"MSTRG.5654",174.979262315082,1.12487096123509,0.211401754599792,5.32101052502901,1.03192431691862e-07,1.14643835013083e-06
"MSTRG.5544|CCR5",56.3615467488648,-1.62340564743512,0.380135173432732,-4.27060098852545,1.949469197205e-05,0.00014282332395007
"MSTRG.5561",13.0923432341162,7.15303004397558,1.29965683876197,5.50378363783278,3.71725707416027e-08,4.49748500494672e-07
"MSTRG.5569",114.055267741435,5.73433133314759,1.85043021235744,3.09891791371158,0.00194228825651451,0.00857930306043745
"MSTRG.5548",168.926332313091,-1.10806275331213,0.217382297980673,-5.09729984274362,3.44532388836861e-07,3.5452271312158e-06
"MSTRG.5551",208.710877996202,-4.12472103964421,0.407993898400666,-10.1097615817616,5.00058187027237e-24,3.09335605344709e-22
"MSTRG.5555|FAP141",18.4747048075874,-1.32045206397612,0.496966300174877,-2.65702536270863,0.00788335118934124,0.0282400895016104
"MSTRG.5558",49.5865090140682,1.32977002774983,0.357569505993961,3.71891340133543,0.00020008162692439,0.00117289738379202
"MSTRG.5566|PSRP6",114.634437077172,-1.4249613525577,0.26541159437078,-5.36887378991825,7.92298386818016e-08,9.06592097469886e-07
"MSTRG.5567",136.439342615214,-1.48122111692918,0.299632854149569,-4.94345361803947,7.67506165728904e-07,7.41300912682753e-06
"MSTRG.5571",23.7360189340623,-1.85286794939206,0.533698404297617,-3.47175096360005,0.000517075769411675,0.0027284984379016
"MSTRG.5574",504.054997494418,1.20859671773244,0.237709777175738,5.08433743067676,3.68911586936122e-07,3.76925219094503e-06
"MSTRG.5656",1838.69689555257,2.77073802816883,0.200095219400774,13.8470975791744,1.32456921607715e-43,2.0849506333856e-41
"MSTRG.5663",57.415273509179,3.94746231220638,0.428618201302061,9.2097402775121,3.26914971850709e-20,1.53312513937539e-18
"MSTRG.5668",71.0149944081191,1.31792208723261,0.398555917942193,3.30674323953648,0.000943873641754437,0.00462996086288554
"MSTRG.5664|TSX2",331.458872939368,-1.11696620327927,0.237255148752875,-4.707869182821,2.50319652362711e-06,2.18418322352491e-05
"MSTRG.5688|RBD1",454.204195404014,-1.32038293610552,0.218113096312273,-6.05366187739189,1.41589648646757e-09,2.1353272187089e-08
"MSTRG.5676",108.131427723858,1.27813409487214,0.362018726934189,3.53057452495956,0.000414658181830837,0.00223625523812976
"MSTRG.5680",23.5092619907182,-1.82950767765241,0.573917279551257,-3.18775500030753,0.00143381968498149,0.00660912303619478
"MSTRG.5686|GGH1",165.705429700919,4.42979896377491,1.24181234293441,3.56720481075849,0.000360809470974365,0.00198276839597319
"MSTRG.5687",163.588068631025,-1.18862619432844,0.29207687221824,-4.06956629363073,4.71007362791846e-05,0.000319457126862831
"MSTRG.5697|FKB16A",117.887350255121,-1.32068255101665,0.3003860504107,-4.39661745014774,1.09950877325706e-05,8.48131512723956e-05
"MSTRG.5704",91.6535644913118,-1.33629258490441,0.28469939537077,-4.69369660291736,2.68311880159171e-06,2.32079557713302e-05
"MSTRG.5708",11.3739603064009,-3.42998047750676,1.14765328900765,-2.98869049595336,0.00280175784826392,0.0117805729361809
"MSTRG.5718|MCM4",133.662841893198,-5.87653711386393,1.25747537120324,-4.67328207648383,2.96424206485178e-06,2.54045931789831e-05
"MSTRG.5726",56.5539526226267,-1.47739816701048,0.414889246258316,-3.5609459158906,0.000369521198077211,0.00202504240159652
"MSTRG.5717",252.169026736892,1.33383360739651,0.218264244049773,6.11109535234887,9.89496197240409e-10,1.53773319098026e-08
"MSTRG.5732",77.7093275496654,-1.04310882777966,0.396394212875997,-2.63149358365122,0.00850104723559452,0.0301135581442695
"MSTRG.5728",229.178373001298,1.74142900287809,0.30973296601313,5.62235600973862,1.88370560388614e-08,2.40732730631686e-07
"MSTRG.5731",213.367933181199,1.495357071562,0.252741669882612,5.91654345030059,3.28777648446344e-09,4.67522992397136e-08
"MSTRG.5734",81.9494661608064,1.38209806175123,0.296333458152842,4.66399599412896,3.10127419997685e-06,2.64506744802747e-05
"MSTRG.5749|SEC61B",107.228516060386,-1.48771900590807,0.395065553709735,-3.76575227057415,0.000166048369977314,0.000992793150018554
"MSTRG.5756",35.5848726095954,1.18504107645234,0.430764713454499,2.75101706207306,0.00594105488206216,0.0222080626651832
"MSTRG.5770",36.4290095669971,-3.75161664247144,0.53360248909793,-7.03073302527814,2.05451286306154e-12,4.74058715485521e-11
"MSTRG.5767",18.4008094471681,1.36015945523658,0.488656517015501,2.78346733927512,0.00537812769536194,0.0204793949942189
"MSTRG.5786|ELIP4",128.17607353686,4.07346074602753,0.35525134934937,11.4664187862704,1.94544854865326e-30,1.59426500136544e-28
"MSTRG.5787|ELIP10",100.243880454777,2.9665777454921,0.363073805955959,8.17072919287367,3.06531010182374e-16,1.02594315786934e-14
"MSTRG.5773|FXL5",239.580673388777,1.84230077274569,0.265322719416872,6.94362238105621,3.82171230442646e-12,8.40200303553771e-11
"MSTRG.5812",167.527898909683,1.79607423634192,0.538046613923358,3.33813872230364,0.000843416303623219,0.00420465111163435
"MSTRG.5820|CNX6",59.156093901195,4.51383268902138,0.524230512611288,8.61039672516802,7.2808165622657e-18,2.75596242159286e-16
"MSTRG.5823",66.8521810238312,-2.47732641961325,0.43116929026876,-5.74560033732706,9.15954222437544e-09,1.22368405279933e-07
"MSTRG.5832|NADK1",540.06340151498,1.04430220748583,0.213916633947329,4.88181862352491,1.05111915309625e-06,9.9468406523358e-06
"MSTRG.5830",21.927109393766,2.32252699705211,0.502677001308151,4.62031680583763,3.83154529200187e-06,3.22979358707559e-05
"MSTRG.5839",11.3227179462113,-3.92038718017417,1.19933508410567,-3.26880054801162,0.00108004405312937,0.00520319404746993
"MSTRG.5845",4072.97718737271,3.13424090977825,0.360490227906378,8.69438522087273,3.48712707562525e-18,1.38595865620725e-16
"MSTRG.5844",21.10122093374,-1.88865705013797,0.485141863207516,-3.89299953966272,9.90123403013982e-05,0.000622665421721372
"MSTRG.5846",2015.28175755566,3.25913630718355,0.371503972458044,8.77281684397498,1.74251344557091e-18,7.08503293035454e-17
"MSTRG.5847",235.291547143201,1.28037599595553,0.225128211336463,5.68731918738501,1.29049120518245e-08,1.68303766858003e-07
"MSTRG.5805|FAP113",3857.51505728216,-2.88571184138492,0.222111837648181,-12.9921568879,1.35552251274967e-38,1.67055014788327e-36
"MSTRG.5794",62.3672541929485,1.06328716295565,0.285248514547559,3.72758177073127,0.000193325845793807,0.00113875298126341
"MSTRG.5795",186.547658124677,-1.19559418780044,0.270163593916433,-4.42544522919792,9.62435743449349e-06,7.50407231454524e-05
"MSTRG.5802",93.3672508103156,-1.25103508879301,0.348427224681448,-3.59052048799223,0.000330018286915617,0.00183898728544847
"MSTRG.5803",69.0514787166549,-3.0751637925738,0.404296024941364,-7.6062182234411,2.82232588657164e-14,7.94147556543646e-13
"MSTRG.5804",160.807414899813,-2.15162719603577,0.285007930750289,-7.54935903141913,4.37405540528459e-14,1.19894366953818e-12
"MSTRG.5806",69.3671462700931,1.98459870951309,0.294608418517695,6.73639510879725,1.62364404245508e-11,3.25096889004418e-10
"MSTRG.5807",69.1731134869868,2.0012859031256,0.292442701561584,6.84334364454694,7.73657595728064e-12,1.6399477942513e-10
"MSTRG.5808|SOR1",579.676597227953,1.22318607855505,0.305965321283832,3.9977931924525,6.39357729886423e-05,0.000421763866793957
"MSTRG.5852",101.425564029125,1.43658994401775,0.245788825834136,5.84481389315556,5.07134916385903e-09,7.00471841937714e-08
"MSTRG.5850|NUP160",148.631528432957,-1.05285668445324,0.310029783488862,-3.39598561339854,0.000683819536748086,0.00348106403945599
"MSTRG.5866",206.640657169361,1.07149492150002,0.21006865360696,5.10068924183612,3.38418817266111e-07,3.48683237647222e-06
"MSTRG.5863",313.329857518334,2.5101758680098,0.276910822180221,9.06492512010279,1.24689866756793e-19,5.58399859633659e-18
"MSTRG.5885",145.789220247348,1.46650468421403,0.263785830882016,5.55945207257914,2.70622896322204e-08,3.36122094197687e-07
"MSTRG.5886",87.2625457798894,1.43373228708082,0.413997262383581,3.46314436676739,0.000533901852972624,0.00280501376687335
"MSTRG.5889",637.182789844993,1.00039485572076,0.159972095749284,6.25355847865256,4.0120423607504e-10,6.67190893841107e-09
"MSTRG.5899|FAP340",278.343084986902,-3.28981033372426,0.270690588575278,-12.1533975415971,5.50302440588094e-34,5.46794262529345e-32
"MSTRG.5901",624.645629788837,-2.81196053504115,0.32720369274289,-8.59391442519791,8.40556340954248e-18,3.15914059302379e-16
"MSTRG.5871",73.7623152936662,-1.48398948837174,0.321368875590157,-4.6177137896337,3.87990875525177e-06,3.26363965031707e-05
"MSTRG.5869|KIN10A",395.189347914553,1.06476119853979,0.221813620579329,4.80025165162925,1.58466377289092e-06,1.44621037091963e-05
"MSTRG.5870|LEU3",1100.21408622057,-1.25140609733067,0.17949699425949,-6.97173845441434,3.13048148449117e-12,6.9703633950197e-11
"MSTRG.5872|CHLH1",4208.63950549801,-1.65613089571298,0.278557743897904,-5.94537733016669,2.75820742941794e-09,3.98274129998968e-08
"MSTRG.5875",29.9234775723892,1.29000944555172,0.411538613064323,3.13460123691988,0.00172087863124831,0.00775688360634693
"MSTRG.5876",75.2801990734565,1.46410658549724,0.353712403517356,4.13925712227787,3.48432262643746e-05,0.000242529602080134
"MSTRG.5906",5.7805998354056,5.97452902486967,1.42583193962694,4.19020563281313,2.78701765316097e-05,0.000197627148304876
"MSTRG.5905|PTB3",157.640528644722,-1.30004705983654,0.214672749184505,-6.05594825041897,1.39592876982141e-09,2.10955091089552e-08
"MSTRG.5905|PTB2",1163.91095746196,-1.29066719850749,0.152329597814454,-8.47285896519988,2.39442417352265e-17,8.69099440882718e-16
"MSTRG.5917",115.994363635285,1.87181670603468,0.274724110808115,6.81344167619157,9.52910021087492e-12,1.98549980540615e-10
"MSTRG.5919",164.483753130065,1.9249858085992,0.338917433592292,5.67980758084847,1.34846354373798e-08,1.75576358872616e-07
"MSTRG.5931",311.103675520673,-1.24250329365893,0.351228122295516,-3.53759626518038,0.000403786963002617,0.00218719084763735
"MSTRG.5968",126.025859873543,-3.2387893050013,0.377723917560573,-8.5744882821245,9.95283174290606e-18,3.73184243039435e-16
"MSTRG.5953",246.273103277389,-1.28965742261742,0.231543136887966,-5.56983653219412,2.54978445893254e-08,3.17933124142036e-07
"MSTRG.5960",956.964690508023,7.30470010163192,1.1814544731447,6.18280286517422,6.29733356663241e-10,1.01126271759921e-08
"Cre07.g327950_4532.v6.1",2.16663894300145,4.55645120163437,1.74627762468945,2.60923643366538,0.00907445203372934,0.0317206768760398
"MSTRG.5975|NSG13",1689.7424544055,3.41397444455643,0.578203237100203,5.90445404919929,3.53816468472051e-09,5.00442545886892e-08
"MSTRG.5985|MSC1",341.06977771325,3.1789160667431,0.269052387952218,11.8152308215442,3.25653296332491e-32,2.89231067323684e-30
"MSTRG.5980|AOC5",364.492258806991,1.37792123650004,0.271377000999026,5.07751663341944,3.82400039069871e-07,3.89455209553671e-06
"MSTRG.5991",189.970577661014,1.79407661185707,0.209857001368718,8.54904339696006,1.24112848718485e-17,4.63179828386497e-16
"MSTRG.5999",83.2816703270686,1.36466324201759,0.340319100837529,4.00995194997619,6.07311052263571e-05,0.000402310655622354
"MSTRG.5997|VGK1",151.499991177012,1.69119985986661,0.245573947924674,6.88672342550505,5.7092064379851e-12,1.22258636494531e-10
"MSTRG.6002|STT3B",396.526492123711,-1.19777592993888,0.432418575185543,-2.76994560056753,0.00560656557213408,0.0211970567116057
"MSTRG.6015",636.823768479646,-2.11313038702086,0.342675551637997,-6.16656302709676,6.97902706418429e-10,1.11286431561085e-08
"MSTRG.6023",171.432201916794,3.47763281449443,0.362477266638775,9.59407150341388,8.46760409259905e-22,4.59446996123344e-20
"MSTRG.6018",80.240695759355,-1.6232843997778,0.517986002304358,-3.13383835191746,0.00172535874888253,0.00777267027195649
"MSTRG.6005|PSAH1",3465.77380454769,-3.864998009812,0.213537294112539,-18.0998734945806,3.19400535001335e-73,1.41050825151423e-70
"MSTRG.6013",80.7670766343127,2.07134964546289,0.511967084251977,4.04586487916365,5.21302973176767e-05,0.000349986261299166
"Cre07.g331700_4532.v6.1",8.92085896227966,2.96842363983683,0.891995164975719,3.32784723100784,0.000875198456820166,0.00433241345778311
"MSTRG.6042",102.752328436888,1.62923348947859,0.272640663510687,5.97575383106685,2.29028624192079e-09,3.34352347787481e-08
"MSTRG.6045",16.3384188321752,2.84441205201672,0.728391162291151,3.90506118040976,9.42015500069068e-05,0.000595000493448472
"MSTRG.6057",44.6189424520427,-2.59387504942427,0.399408672603355,-6.49428824997047,8.34268794668749e-11,1.51752921025672e-09
"MSTRG.6058|SFA1",96.5637457491248,-1.35588539389851,0.383359394309546,-3.53685187848479,0.000404926694262771,0.00219224354684381
"MSTRG.6060",93.5288605748763,2.08088763529484,0.423946618374606,4.90837182113371,9.18356200520237e-07,8.7635215341361e-06
"MSTRG.6061",180.529094626543,1.59364186040833,0.304088953325285,5.2407094798462,1.59960384064925e-07,1.73468634779276e-06
"MSTRG.6062",83.4616560762453,1.87228085400203,0.384589955114888,4.86825209317473,1.12589647590964e-06,1.05976922285444e-05
"MSTRG.6066",902.414337649886,1.1163817034208,0.219686614111504,5.08170107648966,3.74069752497469e-07,3.81704809063207e-06
"MSTRG.6083|ATG101",432.015220970784,2.00149280403625,0.332448891473455,6.02045263308109,1.73930000207871e-09,2.57795353045921e-08
"MSTRG.6084",446.749377816607,1.73571883086391,0.608770083547374,2.85118943550852,0.00435560116828505,0.017127219236556
"MSTRG.6089",387.54664004623,1.14747406052963,0.242609820528664,4.72970986099904,2.24840929983368e-06,1.98144185414389e-05
"MSTRG.6087",265.921795492372,-2.94073414166558,0.448331141826342,-6.55929037114413,5.40644364275232e-11,1.01238682017051e-09
"MSTRG.6091",2.80288982848456,-4.93080868482339,1.65530963919498,-2.97878328505437,0.00289395379752598,0.0120914789679548
"MSTRG.6094",51.9962145057086,-1.30629579820349,0.344158546192003,-3.79562214176347,0.000147273664819453,0.000891266358317344
"MSTRG.6079|PSAO1",3562.39808139687,-4.35019491586005,0.239201276390503,-18.1863365509732,6.62211897874878e-74,3.09642492718083e-71
"MSTRG.6103",103.415894100134,-1.0182473017485,0.240494820386288,-4.23396770089673,2.29603935631598e-05,0.000165995605669447
"MSTRG.6104",58.8941291575808,-1.30894512110528,0.43023258758993,-3.04241277593059,0.00234689822832607,0.0101168622651648
"MSTRG.6107",74.1698356548802,-1.54897503018704,0.335585821791248,-4.61573442500973,3.91707599332046e-06,3.29142040918651e-05
"MSTRG.6111",2.17979733099421,-4.56394361127244,1.74750413308529,-2.61169259909823,0.00900952239133639,0.0315492041800586
"MSTRG.6116",1146.23501096656,-1.02397897797172,0.204738141288753,-5.00140800109907,5.69131242053732e-07,5.64092798389665e-06
"MSTRG.6147|MCM2",201.229571118675,-4.14119357208963,0.593768706467173,-6.97442207207089,3.07130728477597e-12,6.85781505805736e-11
"MSTRG.6124",27.7877949102498,8.2377961630355,1.23872107412186,6.6502430088027,2.92609496325454e-11,5.64929823283184e-10
"MSTRG.6127|PHOA2",15119.0948635741,2.87856045532538,0.316502172579243,9.09491531090412,9.46602143802715e-20,4.28748743081925e-18
"MSTRG.6130",214.505344671598,-1.74960913063654,0.428698871181612,-4.08120769204298,4.48022975798584e-05,0.000305039369132586
"MSTRG.6149|MEI2",524.105926746517,1.71104185994874,0.228361074581561,7.49270366275854,6.74691188879546e-14,1.81493071418054e-12
"MSTRG.6160",27.6887421762796,2.17445907486692,0.464692720238053,4.67934826642644,2.87788245124506e-06,2.47311217350778e-05
"MSTRG.6165",23.8683533656775,1.09001246790775,0.443547221606645,2.45748911234172,0.0139912051669535,0.0456552093071072
"MSTRG.6158",520.437877137093,1.01430568138234,0.203559967322312,4.9828347622807,6.26594562329341e-07,6.15293412718459e-06
"MSTRG.6155|FBP1",1192.63855668843,-2.25022848423852,0.305819618767979,-7.35802527419189,1.86650712562371e-13,4.80157447947666e-12
"MSTRG.6156",352.438113127725,-2.23912132630398,0.332809464694602,-6.72793764551943,1.72084630388537e-11,3.40697565867618e-10
"MSTRG.6186",14.3013167247785,2.50074416608539,0.83066490014697,3.01053308698,0.00260789533084871,0.0110678910757695
"MSTRG.6183|SUFC1",265.187464507533,-1.1680411032019,0.176535379201472,-6.61647035560425,3.67876603424452e-11,7.02944980918502e-10
"MSTRG.6168",66.8653367613926,-3.79844373758789,0.534333835644243,-7.1087464132009,1.17101677261925e-12,2.74584434382019e-11
"MSTRG.6173|SCO2",92.5500935870611,1.64739766166268,0.343688028043892,4.79329370603589,1.64065157193731e-06,1.48961043350424e-05
"MSTRG.6177",12.1496743370892,1.5147366333015,0.609926028176996,2.4834759681086,0.0130107113044374,0.0429226578788017
"MSTRG.6194|PKHD1",1608.8353885081,-1.10914734310533,0.212498584929753,-5.21955166652985,1.79356775999822e-07,1.92923817648523e-06
"MSTRG.6212|IFT70",238.849283831431,-1.01991962067745,0.241253675876687,-4.22758168127877,2.3621643471067e-05,0.000170002658539333
"MSTRG.6191|PGRL1",1248.00449846407,-1.34440469494031,0.145736215425327,-9.22491839805709,2.8377689377211e-20,1.34671195736985e-18
"MSTRG.6207|UBC37",256.678224939792,3.71287730523886,0.483679435063713,7.67631831349162,1.63725992414447e-14,4.74984640037387e-13
"MSTRG.6211|PFD2",171.726067019451,-1.06328364990273,0.297103577536388,-3.57883152643124,0.000345133856156079,0.00191115919371973
"MSTRG.6219",43.4087491519604,-4.50161542719046,0.700334224361244,-6.42781013778994,1.29455287688207e-10,2.29953090912527e-09
"MSTRG.6213|GLTR1",2767.42358880524,-1.47765567017404,0.226841088469135,-6.51405651483239,7.31479552985324e-11,1.33821196011055e-09
"MSTRG.6221|CGE1",693.763125532734,-2.17356090685742,0.359056484528459,-6.05353475153611,1.41701485453384e-09,2.1353272187089e-08
"MSTRG.6225|TRP11",137.188860278665,1.45446222113857,0.26654282797991,5.45676742518914,4.84880784238344e-08,5.77858673749715e-07
"MSTRG.6255",112.245360820215,-3.70999932098451,0.502136346287717,-7.38843015131737,1.48572436164423e-13,3.85318856466883e-12
"MSTRG.6259",30.039737431836,1.89748572804094,0.44498211167393,4.2641842857525,2.00633806643357e-05,0.000146651781977751
"MSTRG.6237",95.2785720563862,-4.06903447153349,0.526895803965621,-7.72265491755367,1.1393131772471e-14,3.34184518300265e-13
"MSTRG.6243|OGD4",8.71804219776013,-4.69777820996492,1.8032050509841,-2.6052379386366,0.00918104771139058,0.0320228820789134
"MSTRG.6233|CYP743A2",480.299307283484,1.78193014389322,0.484254809804826,3.67973659283098,0.000233474990433236,0.00134924950850875
"MSTRG.6234",166.33257271206,1.03313600908001,0.383628319118957,2.69306502568089,0.00707984594168121,0.0258036200781403
"MSTRG.6260",162.854908745027,-2.18490272267078,0.240871514829076,-9.07082236029943,1.1812208978888e-19,5.30481633746786e-18
"MSTRG.6262",40.3794743934321,1.95792820748167,0.484167562014936,4.04390620332651,5.25679566341911e-05,0.000352775590785297
"MSTRG.6266",59.5228819821559,2.40079260951425,0.345366753790277,6.95142940994293,3.61603340054963e-12,7.99255767252295e-11
"MSTRG.6268|PGDH1",120.077145626878,-1.0303767103385,0.323964774376905,-3.18052082150063,0.00147010574284834,0.00676070034706476
"MSTRG.6298|CHL27A",202.843497673402,-2.67932208340311,0.490755838236746,-5.45958269804746,4.77254997531472e-08,5.70052588336239e-07
"MSTRG.6285",23.8527808697547,-3.89920928376558,0.633894711068305,-6.15119390599463,7.69018278499324e-10,1.21650274543107e-08
"MSTRG.6286",6.01170431141222,-4.08302684388449,1.24935591073986,-3.26810543639768,0.00108270023256903,0.00521441026882231
"MSTRG.6296",119.714510182746,1.093333429997,0.254170148675353,4.30158079418484,1.69583916988009e-05,0.000125599523966822
"MSTRG.6307",30.6426199474116,-1.20610500476977,0.458741868154655,-2.6291583317247,0.00855964975717804,0.030260465163357
"MSTRG.6309",387.700031378919,1.3104936254766,0.267229831038685,4.90399451432087,9.39071129328183e-07,8.95045132737378e-06
"MSTRG.6311",623.134276881751,1.52349864658118,0.218014297062038,6.9880676043354,2.78698098684169e-12,6.26696233787966e-11
"MSTRG.6318",84.4059408722458,-3.09051182963834,0.448195672545277,-6.89545218517507,5.36937318990576e-12,1.16043470486529e-10
"MSTRG.6313",105.164879830616,-1.27416079307637,0.321945960828421,-3.95768528916388,7.56795773838726e-05,0.000492087493353295
"MSTRG.6320",70.4076249702683,5.69380670683308,0.578238537162836,9.84681293427813,7.07519643639272e-23,4.06070299443218e-21
"MSTRG.6319",31.9922853197471,-8.44152931422913,1.30533421191859,-6.4669486459117,1.00001614938188e-10,1.80252344023504e-09
"MSTRG.6275",3280.49583380896,-4.38181101564003,0.210120262189982,-20.853824233658,1.40714276369828e-96,1.49138371048501e-93
"MSTRG.6276|LHCA9",2394.75942376947,-4.46856260304626,0.241117556505701,-18.5327135352776,1.12469525500291e-76,5.58762661376133e-74
"MSTRG.6279",57.3731754089261,1.47440175748852,0.3085006525443,4.77925004478492,1.75950263497298e-06,1.58484832242496e-05
"MSTRG.6329",9.42931435512712,3.74597373990449,1.0228659317808,3.6622333616907,0.000250025937536751,0.00143706158892237
"MSTRG.6340|SPH3",7.68532739573098,2.98756390561768,1.17139836582773,2.5504251950246,0.0107591610572908,0.0365177503178499
"MSTRG.6342",653.729217825982,3.74299165622621,0.242654564961995,15.4251854145519,1.10836384499354e-53,2.59128947172166e-51
"MSTRG.6357",46.9333337184304,2.72631384355324,0.444739201785797,6.13014061410835,8.78014372132768e-10,1.37931546325758e-08
"MSTRG.6345",136.107774503213,1.07425163422633,0.232991624663042,4.61068776948503,4.0133894615248e-06,3.36878910556079e-05
"MSTRG.6347",128.886980080516,1.75245394361473,0.261011132287573,6.71409655310767,1.8923498068485e-11,3.72333876599968e-10
"MSTRG.6367",100.391392277556,4.93384529899108,0.421068754479574,11.7174339024256,1.03767721244154e-31,8.82192102855384e-30
"MSTRG.6372",17.4254748903565,-1.59197680842806,0.520288115258485,-3.05979852650901,0.00221485931686037,0.00962894454382456
"MSTRG.6374",46.837155592406,-1.23999846448546,0.489296382344935,-2.53424817600902,0.0112688890536956,0.0379480614648705
"MSTRG.6375",19.8130190362905,2.38239214699978,0.569755746056066,4.18142715275985,2.89685064982961e-05,0.000204685029471072
"MSTRG.6379",99.4875810569929,-4.53490852277998,0.58203720799256,-7.79144092595184,6.62492860473013e-15,2.00234058855512e-13
"MSTRG.6360",822.067641583151,-2.053354057351,0.423145815548244,-4.85259213704049,1.21858138661349e-06,1.13958864025772e-05
"MSTRG.6384",40.0960477405338,-1.14246705689661,0.451703489483518,-2.52924115818303,0.011430945472878,0.0384184615119568
"MSTRG.6388|RAA6",51.766112172948,1.20231650220479,0.335447140158508,3.58422045761565,0.000338086439689027,0.00187474650093343
"MSTRG.6390",23.27910642294,-2.40718908532596,0.535982837217588,-4.49116822065094,7.08335760189765e-06,5.66170030945042e-05
"MSTRG.6402|MCM10",13.1036503012195,-7.15576093838768,1.50330085758254,-4.76003249934605,1.93561788563238e-06,1.72105442649796e-05
"MSTRG.6403",13.0366418723246,-6.16657599437523,1.39835244923551,-4.40988679052019,1.03424673415497e-05,8.02462400175486e-05
"MSTRG.6397|THB5",149.909948718859,1.60764440744549,0.299356369648296,5.37033639649711,7.85899029779743e-08,9.00809140262319e-07
"MSTRG.6432",24.1569902169254,-2.90811603671924,0.651601651612023,-4.46302741793968,8.080970801644e-06,6.39797180301476e-05
"MSTRG.6434|PRPL32",391.174719920783,-1.14662120362669,0.171445209446355,-6.68797458575512,2.26280419971356e-11,4.43030309938992e-10
"Cre07.g352950_4532.v6.1",6.85896441082907,-3.25684436423629,1.16112234827613,-2.80491058420466,0.00503305398733883,0.0193695212516855
"MSTRG.6436",17.6877085940944,2.19981107522305,0.557199992183025,3.94797398794735,7.88153657035689e-05,0.000509974230344053
"MSTRG.6423",28.2093423597324,-1.41370642138163,0.556650097965519,-2.53966796475656,0.0110957752345111,0.0374523640505855
"MSTRG.6429",78.6029073159935,1.43065131187736,0.460942819782435,3.10375007588278,0.0019108467130277,0.00847618332692926
"MSTRG.6443",56.0275122626813,-1.03307262526587,0.304238872292786,-3.39559707633837,0.000684790853980512,0.00348489276459097
"MSTRG.6444",101.95233032072,2.16323471532494,0.403373652707723,5.36285575620474,8.19164195798528e-08,9.3288484131841e-07
"MSTRG.6445|PXN1",68.0068366459971,-1.72179898697521,0.395336551680605,-4.35527395495233,1.32900599770089e-05,0.000100612082625946
"MSTRG.6452",31.8124177749401,3.25022480305384,0.51483513234572,6.31313715566571,2.73434956188277e-10,4.6147228593219e-09
"MSTRG.6453",50.4339986902838,2.82188461876132,0.458398207232174,6.15596783373122,7.4620369126319e-10,1.18394673490042e-08
"Cre07.g353600_4532.v6.1|MMP7",5.96904374803288,-2.61716316630305,1.00481043171722,-2.60463375348355,0.00919725148331615,0.03204424810032
"MSTRG.6468",40.0383125221251,-1.7878809743746,0.543598734252036,-3.288971923076,0.00100554053978629,0.00489170241784655
"MSTRG.6473",19.7159751535216,-6.76680767744267,1.26744598664755,-5.33893179569819,9.34958057256366e-08,1.04823435784638e-06
"MSTRG.6457",27.6560480183514,-1.3777413280017,0.528117165240409,-2.60877967746896,0.00908657251807462,0.0317560628472962
"MSTRG.6466|CYP743B2",56.9844582597679,1.54779599672485,0.384954587788014,4.02072360175946,5.80196481467602e-05,0.000386263134940198
"MSTRG.6465",66.1529155813279,2.44379980821187,0.346423383044673,7.05437313940419,1.73380546941075e-12,4.0180815382933e-11
"MSTRG.6466|CYP743B1",83.0820494492957,3.52448017266991,1.24908176451203,2.82165689453228,0.00477762613890448,0.0185526869458484
"MSTRG.6466|CYP743B3",26.1535208286,2.0054454363611,0.46783071080941,4.28669044170147,1.81354733525049e-05,0.000133480442295427
"MSTRG.6448|ACS3",2873.13618990743,-3.22183093638761,0.281618350308446,-11.440415487339,2.62624793248311e-30,2.14113280157008e-28
"MSTRG.6449",2866.65482397213,-3.12981967190969,0.288366108642615,-10.8536321644809,1.9165466682034e-27,1.43048163995764e-25
"MSTRG.6450|CGLD5A",199.890697227833,1.14351292802898,0.217711587263769,5.25242106954811,1.50112800189321e-07,1.63346563819974e-06
"MSTRG.6488|AMT1F",26.7597166541588,-1.31138063109902,0.494204532062821,-2.65351801940238,0.007965751730882,0.0284775176562991
"MSTRG.6487|NTR3",203.668032403816,-1.22240345143334,0.384975948818021,-3.17527226099824,0.00149695974875964,0.00687028466679583
"MSTRG.6480|WEE1",72.965151145026,-4.24913768618599,0.596762989739334,-7.12031033969116,1.07684319408106e-12,2.54000787826421e-11
"MSTRG.6477",144.763502723019,1.26460273796538,0.33431979504159,3.78261400228502,0.000155189977235916,0.000933841884215211
"MSTRG.6478|ZRT5",128.304779974313,-1.46700108753726,0.31548566146584,-4.64997705671038,3.31971956611642e-06,2.82380426228566e-05
"MSTRG.6490",40.5853900858435,1.63889914520873,0.503692637056226,3.2537683194797,0.00113885117898758,0.00545180554028217
"MSTRG.6492",193.346328866334,2.05823469876081,0.3330803593264,6.17939377429293,6.43482134478241e-10,1.03221859466448e-08
"MSTRG.6496",358.102785935362,1.14725943684193,0.187341538335183,6.12389247487285,9.13165325831213e-10,1.43029579803592e-08
"MSTRG.6498|DXS1",2599.60601643649,-1.68404983054316,0.173188355897905,-9.72380517045797,2.38691105224789e-22,1.33147761082936e-20
"MSTRG.6513",25.2038369507544,-1.73528267758392,0.529345860162225,-3.27816425550607,0.00104484577323574,0.00505898225879217
"MSTRG.6518",28.1080338215547,-1.33178582441249,0.405752829480783,-3.28225887202485,0.00102979017557727,0.00499591217922715
"MSTRG.6519",38.4757020934261,1.63249923256412,0.391449182287446,4.1703988830033,3.04066951119787e-05,0.000214085756815871
"MSTRG.6520",91.0022433534414,1.12092738760672,0.287096427911079,3.90435853125243,9.44756361348567e-05,0.000596021294949187
"MSTRG.6564",18.3518988641181,1.54040573274895,0.510286443575072,3.01870792795681,0.00253855135277102,0.0108314249614476
"MSTRG.6557|CPN20",928.413208614278,-1.21690789326589,0.185207916514115,-6.57049610065208,5.01478974848668e-11,9.46854244910228e-10
"MSTRG.6559|FAP344",36.1800718969434,-1.22644947892942,0.399039654867251,-3.07350275585375,0.00211561733690059,0.00925029824588711
"MSTRG.6565",122.355431632676,1.27161729923845,0.243221888977141,5.2282189920742,1.71150716909285e-07,1.84847425096727e-06
"MSTRG.6569",88.3082109441619,1.29612509059187,0.32208788953531,4.02413481755508,5.71851529744158e-05,0.000381666482782226
"MSTRG.6568",90.7599252013319,1.36571095577416,0.297559660086984,4.58970465074105,4.43873620647238e-06,3.68688757630606e-05
"MSTRG.6570",43.4374056592663,1.76739747459343,0.381914892394243,4.6277259928607,3.69702708024998e-06,3.12136678288976e-05
"MSTRG.6571",62.1794128564836,1.2921559458324,0.36590388866145,3.53140807155499,0.00041335351356096,0.00223140718458137
"MSTRG.6581",892.374794749874,2.29553900347413,0.948564724124293,2.42001304190745,0.0155199504626342,0.0498155001928042
"MSTRG.6585|FAP386",18.9434701869474,2.97909960808591,0.707058930911334,4.21336819018201,2.51590434909781e-05,0.00018008936218801
"MSTRG.6527|MCA1",967.237484083737,1.11761128013773,0.201897936064127,5.53552602827376,3.10295647115726e-08,3.82409317662466e-07
"MSTRG.6529",17.714739601969,-1.35309985758595,0.509151226094814,-2.65755985302092,0.00787086128927407,0.0282017022260264
"MSTRG.6530",24.3049242985264,1.3051229584006,0.416061443252137,3.1368514904893,0.00170772604011872,0.00770852600392032
"MSTRG.6543",865.708882463658,-1.65062129488812,0.218099857518458,-7.56819061538552,3.78458394674963e-14,1.04821107291682e-12
"MSTRG.6545",597.970708772525,-1.11394422453844,0.239934950734537,-4.64269261784584,3.43897782991443e-06,2.9174423447161e-05
"MSTRG.6546",482.59105079162,1.10648781400058,0.346274586978518,3.1954057722094,0.00139634370497429,0.00647203271769131
"MSTRG.6547",23.7375728790153,-1.56432027624077,0.535158387072708,-2.92309774830873,0.00346567699424014,0.0140805859581982
"MSTRG.6576",21.4072115120617,1.58553828311961,0.457280039417782,3.46732449799985,0.000525666882760452,0.00276631979547357
"MSTRG.6594|PHO1",25.1100000529427,-3.67655947000496,0.74964829417541,-4.90437915829458,9.372329823841e-07,8.9382903143026e-06
"MSTRG.6607|DUR1",252.196300988901,7.3819798797492,0.529303119589562,13.9466018743162,3.29955698074624e-44,5.29862190706099e-42
"MSTRG.6609|DUR3A",61.9540325199734,6.19703731553247,0.739095486128171,8.38462341042874,5.08884073683832e-17,1.77417522004946e-15
"MSTRG.6608|DUR2",88.378421749378,2.76381232132457,0.308146831970706,8.96914079450058,2.98836366861918e-19,1.28750692692975e-17
"MSTRG.6615",83.8690596261485,1.4377379937962,0.307618949675413,4.67376276823402,2.95730912167738e-06,2.53694623857901e-05
"MSTRG.6612|ADI1",132.654013738804,1.06757044982098,0.252105441466338,4.23461883096057,2.28939698640198e-05,0.000165590688306727
"MSTRG.6610|DUR3B",217.366225359878,1.53682034661249,0.242234937542949,6.34433811324183,2.23383742679304e-10,3.80638235918068e-09
"MSTRG.6616",53.5012821195293,1.38160007935292,0.358985664598354,3.84862186878326,0.0001187841990245,0.000737380396755757
"MSTRG.6617|NIRK1",485.946178214292,4.13220194907274,0.378749758242109,10.9101111199424,1.03130210973303e-27,7.73379289647908e-26
"MSTRG.6603",22.9275732235997,-3.4076874883964,0.673825855854046,-5.05722281030208,4.25406108235668e-07,4.31320555403741e-06
"MSTRG.6620",10.8311594548657,-2.59298940678419,0.947708073617345,-2.73606343447819,0.00621790384845076,0.0230994215797321
"MSTRG.6637",118.681809224195,-2.11190575512425,0.395463171937248,-5.34033484022973,9.27750651241237e-08,1.04235900024263e-06
"MSTRG.6635",142.745821154391,-1.18161719798722,0.267867237720443,-4.41120462525693,1.02797113624004e-05,7.97982672067587e-05
"MSTRG.6647|FAP153",291.472127092219,1.00381290073183,0.175164404114522,5.73069000980096,1.00022913222412e-08,1.32624209708916e-07
"MSTRG.6631",128.036716412438,-1.42644258937958,0.278105889890375,-5.12913476928467,2.91076910085495e-07,3.03246442761416e-06
"MSTRG.6651",2.85591480324486,-4.95337018659729,1.64887531500446,-3.00409020713849,0.00266376333213066,0.0112629014505886
"MSTRG.6650|FAP154",498.583077531829,-2.709544664385,0.291980393470726,-9.2798856532011,1.69660544199813e-20,8.32488682619948e-19
"MSTRG.6663",51.5888184509767,-1.00753194961859,0.349743320792184,-2.88077538503519,0.00396698234032344,0.0157904569971112
"MSTRG.6657",35.6802857976086,-8.59995792849127,1.33416302877735,-6.44595731030892,1.14872995133027e-10,2.05196727710659e-09
"MSTRG.6668",129.325454849909,-1.79511821913828,0.357262545001678,-5.02464712367161,5.04359033621159e-07,5.03978624544889e-06
"MSTRG.6671",76.326319590392,1.4225766758431,0.280591606524223,5.06991885275901,3.97985352669359e-07,4.04639979217876e-06
"MSTRG.6685",390.420970841399,1.68896044774483,0.176810006230374,9.55240307804868,1.26722142186444e-21,6.73788834943172e-20
"MSTRG.6689",13.2332647894371,-4.65845273303831,1.00407729816337,-4.63953596158324,3.49192370308264e-06,2.95920058803879e-05
"MSTRG.6690",18.0787457183124,-7.6197637472049,1.31035758339022,-5.81502625221634,6.06243711132082e-09,8.28724206326556e-08
"MSTRG.6675",12.2116929024465,2.3718002998232,0.805340460899112,2.94509020095082,0.00322860523770134,0.0132665717417875
"MSTRG.6677",22.1776867672514,-1.26402561257409,0.501597125791029,-2.52000170571291,0.0117354265619748,0.0392959816964347
"MSTRG.6681",1132.71087517711,-1.86033201175616,0.198049389653749,-9.39327313761779,5.8164063631549e-21,2.91701035840494e-19
"MSTRG.6699",43.1288943557144,2.86691457754057,0.920189738954519,3.11556894863643,0.00183590423306543,0.00821018438741891
"MSTRG.6700",38.7910900335871,5.82766043577485,0.807876183310375,7.21355642877757,5.45091199045685e-13,1.33116127226241e-11
"MSTRG.6706",37.0000531628271,1.17123634199494,0.396285798574248,2.9555344809448,0.00312127805533774,0.0128888515646128
"MSTRG.6717",18.7904896084076,-2.60840807963536,0.73809173833694,-3.53398899371586,0.000409338123823248,0.00221198419189055
"MSTRG.6719",729.527044302793,1.59585368647917,0.42884601205965,3.72127440060513,0.000198219903667222,0.00116284133893044
"MSTRG.6720",572.653928738252,2.76221529363016,0.593998052270312,4.65020934508579,3.31598265195083e-06,2.82213555678342e-05
"MSTRG.6711",35.1836582211989,-1.83473963072475,0.470165270199909,-3.90232913193404,9.52714895057402e-05,0.000600089595943842
"MSTRG.6754",17.5985449288131,-5.06078827906493,1.0501929819946,-4.81891268160366,1.44342704665414e-06,1.3287552511701e-05
"MSTRG.6756",47.3450072454964,-3.28896280906345,0.609014030048195,-5.40047133036192,6.64660333956326e-08,7.70734499579698e-07
"MSTRG.6775",62.1823702530193,1.0608744120048,0.3105857301882,3.41572167968555,0.000636132282484296,0.00327501004758269
"MSTRG.6771|PFH16",175.548228585449,-1.31815437311415,0.214609426615004,-6.14210845210838,8.1433224463296e-10,1.28354740061551e-08
"Cre08.g370000_4532.v6.1",29.8009330835404,-1.2636518257523,0.414451019958306,-3.04897747839883,0.0022962169504657,0.00994151881222869
"MSTRG.6785",15.6510198207145,-1.40071353405652,0.521628767818537,-2.68526895077956,0.00724714626682405,0.0263348871657071
"MSTRG.6786",86.7342759614778,1.07350640233462,0.254494816413241,4.21818572756899,2.46275926919683e-05,0.000176682973202577
"MSTRG.6810",17.0003890181422,1.44856050713277,0.567960795744346,2.55045861965587,0.0107581294430726,0.0365177503178499
"MSTRG.6721|LHCSR1",2436.23543481015,-1.16326395951825,0.211003041938332,-5.51301985427405,3.52728423427577e-08,4.28393924801498e-07
"MSTRG.6731",33.3909685808257,-1.41303609124847,0.51235148767122,-2.7579427897655,0.00581663768777188,0.021809647632122
"MSTRG.6732",188.52698913275,-1.07871570864411,0.315540577421097,-3.41862754217038,0.000629378134954635,0.00324444020412088
"MSTRG.6736",39.8342469646102,1.26455884921313,0.35071569631184,3.60565227764639,0.000311369839545231,0.00174301327784862
"MSTRG.6722",123.415817317449,1.23659214130898,0.267815939554018,4.61732092334841,3.88725875369378e-06,3.26809305479766e-05
"MSTRG.6730",11.3478560666837,-3.10879740759815,0.909861406114877,-3.41678126658077,0.000633661693759541,0.00326546308181173
"MSTRG.6733",125.934079448167,2.2133840201313,0.377129718046467,5.86902573362989,4.38363401565391e-09,6.1241533885825e-08
"MSTRG.6745",346.242113847612,-1.66429880949905,0.23185508089652,-7.17818562812453,7.06426052667364e-13,1.70421265330891e-11
"MSTRG.6790|CYCB1",517.85725647982,-4.94728670014201,0.408834455316355,-12.1009534196765,1.04391641456466e-33,1.01817074593552e-31
"MSTRG.6791|MGE1",171.553839519038,-1.41516476617499,0.223602313509528,-6.32893615438683,2.46857217711449e-10,4.18394034880236e-09
"MSTRG.6795|PGL2",32.5184472307985,-2.91137323888461,0.459708429882602,-6.33308647315452,2.40304790491991e-10,4.08158713594197e-09
"Cre08.g800920_4532.v6.1",6.96738727770367,2.57740898649966,0.863875761023724,2.98354127154273,0.00284933605147036,0.0119490225656228
"MSTRG.6798",85.2272697139358,-2.77338673049235,0.460434026602419,-6.02341827548542,1.70771356662299e-09,2.53731124132451e-08
"MSTRG.6805",17.4235860145038,2.26537454336948,0.535235847044193,4.23247911342238,2.31129383483943e-05,0.000166870796486273
"MSTRG.6806",44.9846101460985,1.83565426663499,0.33641183645723,5.4565686093758,4.85423763026693e-08,5.78072433303248e-07
"MSTRG.6808|TATB1",49.9256986468562,-2.04504773819627,0.345696369773924,-5.91573391277922,3.30398983171574e-09,4.69408671533662e-08
"MSTRG.6833|FXL7",369.909806127851,2.56302702632052,0.296406411719848,8.6470026456209,5.28697451850234e-18,2.03516515484625e-16
"MSTRG.6832|CYP97C3",312.616992076054,-1.36079939461013,0.193588209526286,-7.02935058875762,2.07497011119838e-12,4.78085142432346e-11
"MSTRG.6818|FAP188",24.4577209719615,2.73709276153307,0.711045982358522,3.84938925110609,0.000118412706958424,0.000735361412197276
"MSTRG.6812|BAF3",171.868759247139,-1.38506281886776,0.230400598246655,-6.01154176424916,1.837671540205e-09,2.71013934565669e-08
"MSTRG.6815",229.800086370556,1.49355799160832,0.57506430474927,2.59720170296349,0.0093986715232281,0.0326744106442774
"MSTRG.6820|PSBQ1",7910.15499758548,-3.13202836268412,0.16554430519885,-18.9195778068111,7.86822273577832e-80,4.46746446619299e-77
"MSTRG.6822|CDKB1",232.91077782175,-5.1403771526559,0.522733792681664,-9.83364233309917,8.06480110227401e-23,4.56278320014065e-21
"MSTRG.6829|VFL1",23.628918072043,-1.74762659782917,0.559630491916014,-3.12282233201017,0.00179125842702451,0.00803992842259618
"MSTRG.6849|SAG1",45.6648250155839,1.62291716000003,0.481969074170882,3.36726409841107,0.000759179468837055,0.00382186041658375
"MSTRG.6856",167.134284629221,-3.08996129044288,0.352477438931369,-8.7664087091955,1.8445554269225e-18,7.48080157581987e-17
"MSTRG.6884",423.903789179258,3.02327026121277,0.240029847443555,12.5953930038793,2.23842249122264e-36,2.56017559463723e-34
"MSTRG.6876|EIF2X",163.712403601517,-1.28698863964331,0.278649942875525,-4.61865746808431,3.86230819184859e-06,3.25399976862792e-05
"MSTRG.6846|POLD2",43.3832874240321,-1.89658438754661,0.446426618757966,-4.24836761038853,2.15333839568683e-05,0.000156390012858059
"MSTRG.6845",18.6125092491212,-5.73626957483991,1.34669367568377,-4.25952069012828,2.04865736002192e-05,0.000149333125674592
"MSTRG.6886",11.8847121531133,-3.03451865548177,0.923361439910595,-3.28638225977423,0.00101483189300685,0.00492936065842436
"MSTRG.6902",42.7178837653252,1.80469537775331,0.359120498199998,5.02531987675138,5.02594099856743e-07,5.02530880473113e-06
"MSTRG.6907",28.3719369492552,2.21199807842497,0.461080935163382,4.7974182182162,1.60723796709291e-06,1.46177741423588e-05
"MSTRG.6896|MMP14",39.4403084540071,-3.22079870775238,0.542720113316503,-5.93454826663863,2.94655641639163e-09,4.22782977507167e-08
"MSTRG.6900",77.0088675665137,-1.91427942479076,0.293690473220535,-6.51801675348627,7.12430369285345e-11,1.30787736846402e-09
"MSTRG.6904|FAP180",73.9069908571624,-1.31993066980399,0.328649644427745,-4.01622424421695,5.91379876371028e-05,0.000393050053283721
"MSTRG.6908",613.538448161046,1.48799216460419,0.593047654819271,2.50906002664769,0.012105291166336,0.0403341987851276
"MSTRG.6913",43.7417885057393,1.06861766714335,0.325675949120632,3.28122991589879,0.00103355456637772,0.00501111634531044
"MSTRG.6915",411.133224328923,2.22327941801642,0.399491465938389,5.56527387335805,2.61740998221586e-08,3.2559924802244e-07
"MSTRG.6916",174.411295262648,-1.08416824615637,0.246917985656229,-4.3908030566303,1.12932794356656e-05,8.69445794034924e-05
"MSTRG.6918",5.58595808111527,-5.92601666077592,1.4915852037097,-3.97296557115034,7.0983312357499e-05,0.000464018379876447
"MSTRG.6919|GLD2",9316.83755930774,5.66635488840297,0.237624420200585,23.8458441418599,1.11833719583739e-125,3.55586494788455e-122
"MSTRG.6923",682.028050621338,-3.00997368094989,0.5956397799112,-5.05334563349451,4.34137218726354e-07,4.39332495436765e-06
"MSTRG.6949",106.110781325854,-1.44835329349787,0.466783809309419,-3.10283532678786,0.00191676262678963,0.00849294655537948
"MSTRG.6950",69.455148197931,2.71279625172588,0.337534972127611,8.03708200849857,9.20030973672092e-16,2.93119286962704e-14
"MSTRG.6938",283.324437795567,-1.4171899500999,0.410293630865609,-3.45408713050215,0.000552158951630736,0.00288567488922599
"MSTRG.6939|CPLD18",261.263453603265,-3.07163165933826,0.234645766073405,-13.0905053636355,3.73117019820319e-39,4.74545150488275e-37
"MSTRG.6941",708.003738154025,1.19832906131902,0.181896697825813,6.58796490339012,4.45896009843762e-11,8.43911281487634e-10
"MSTRG.6981",277.405791917477,2.5666587204079,0.366350743189991,7.0060147771471,2.45202028978607e-12,5.54512355149629e-11
"MSTRG.6982",305.623483761105,1.13247914741739,0.30612981437404,3.69934287430654,0.000216158414201335,0.00126017105572894
"MSTRG.6958",136.305582746679,1.44638202579524,0.269440438673663,5.36809557212398,7.95723869060097e-08,9.09447740497299e-07
"MSTRG.6957|MAD2",166.402380395096,-1.25253058735708,0.365233496945492,-3.42939680459816,0.000604924421832522,0.00312852584850144
"MSTRG.6987",30.4091160502631,-1.79133835279443,0.460006184325762,-3.89416145659003,9.85390037697524e-05,0.000619933946154145
"MSTRG.6990",56.8768620610168,1.68103825310108,0.331907079566905,5.06478576863927,4.08859881489985e-07,4.15338939036918e-06
"MSTRG.6969",152.173978792608,1.34300427735014,0.259853476614471,5.16831367756787,2.36215617238615e-07,2.48863875603678e-06
"MSTRG.6968",18.9037290373723,-2.32053233910645,0.572212482137067,-4.05536826187337,5.00553776998878e-05,0.000337217406185085
"MSTRG.6994|CNX7",37.6738958583681,2.49174272102242,0.416800460844751,5.9782628742115,2.25529595060171e-09,3.29850000208519e-08
"MSTRG.6999",18.1147857697731,-1.60338550292,0.602041658929146,-2.66324676895606,0.0077390637022486,0.0277858253699974
"MSTRG.7026",17.2094277272387,-3.22661829153461,0.742597437878362,-4.34504366289389,1.39247962936324e-05,0.000105017272996285
"MSTRG.7037",53.7589447376759,1.15392719241464,0.388323296369395,2.97156313618887,0.00296287947151481,0.0123340816543971
"MSTRG.7027|CYP771A1",203.383735616799,-1.12745188908099,0.209910334943492,-5.37111185775823,7.82526480503799e-08,8.97590619556233e-07
"MSTRG.7038",68.7251649280947,1.14938107127061,0.347380059553832,3.30871343837884,0.000937257141121671,0.00460460878539936
"MSTRG.7042",622.834627826008,1.37636162627918,0.217741765833684,6.32107313454268,2.597530454265e-10,4.39314246403245e-09
"MSTRG.7041|AMA3",2423.94433478232,2.35742190373562,0.330008518463081,7.14351833920721,9.09717783020586e-13,2.16831983725057e-11
"MSTRG.7045|FAP356",82.6511675713488,-1.34750638565867,0.314147243696345,-4.28941018168274,1.79148243738172e-05,0.000131917497867043
"MSTRG.7055|AMA1",323.457860850039,-2.13369073915089,0.347938871816771,-6.13237241360753,8.65781373948758e-10,1.36144335143792e-08
"MSTRG.7057",47.8239349902196,1.07620869327389,0.355038060887974,3.0312487922625,0.00243544481993335,0.0104616865029182
"MSTRG.7052",479.929145697721,1.78384893301535,0.265224185712016,6.72581547654284,1.74611730426142e-11,3.45270807253085e-10
"MSTRG.7056",20.3065721183076,-4.54615680909707,0.8225421149947,-5.52695932064994,3.25828471931428e-08,3.98463157443527e-07
"MSTRG.7074",25.6289450194609,2.68560825229612,0.699711903273822,3.83816287779393,0.000123958251460854,0.000764582324654197
"MSTRG.7093",456.205071882531,-1.04421034585607,0.284933656729451,-3.6647490431345,0.000247581226268387,0.00142455531495289
"MSTRG.7097",91.9080240103653,-1.5659134402057,0.450917250321196,-3.47272906301605,0.000515195161559333,0.00272292974683187
"MSTRG.7096",81.1980254209738,-1.51322735890402,0.351471577862547,-4.30540463074317,1.6668078780661e-05,0.000123711072107819
"MSTRG.7086",195.002503929433,-1.22909905125181,0.306512958143335,-4.00994156559296,6.0733776166414e-05,0.000402310655622354
"Cre18.g750047_4532.v6.1|FMG1A",11.5089326429939,-3.42769041292579,0.864712299694834,-3.96396629738637,7.37146641261481e-05,0.000480687338095777
"MSTRG.7106",178.374837444069,-1.12382500163867,0.340713361183209,-3.29844711030973,0.000972211933073615,0.00475576163446287
"MSTRG.7121",81.9463801138755,1.3810026431354,0.2753744405922,5.01499935929244,5.30336424623766e-07,5.27746466487495e-06
"MSTRG.7125",37.8487423379106,-1.37723544810545,0.390368140317245,-3.52804264965423,0.000418644697922869,0.0022543427829271
"MSTRG.7110",112.763820682537,2.60064658167575,0.30741047072062,8.45985036091779,2.67720832712314e-17,9.62947013226328e-16
"Cre09.g404750_4532.v6.1",2.95157484866916,-5.00644821160703,1.66842742267779,-3.00069882786499,0.0026936083539187,0.0113739669616466
"MSTRG.7135",88.8317164658705,1.24078137997856,0.33742834304816,3.67716999932476,0.00023583587785797,0.00136091425995863
"MSTRG.7136",63.8763025319684,1.3640698266096,0.377804848748291,3.61051434657051,0.000305590397058426,0.0017112631674656
"MSTRG.7141|SFI1",95.1693015342021,-4.05401319724281,1.21644031472383,-3.3326856633843,0.00086012059982295,0.00427004061349036
"MSTRG.7152|CPLD59",985.553447588586,-1.58970300329802,0.246370128349453,-6.45249898576656,1.10020619878379e-10,1.97416231921723e-09
"MSTRG.7158",260.052950756898,1.34626614192614,0.360706053534438,3.73230814602228,0.000189733196719302,0.00111924985582318
"MSTRG.7168|CGL21",192.569943020431,-1.01122192010154,0.298480448727227,-3.38790002632859,0.000704299307344911,0.00357273464842674
"MSTRG.7179",34.597478878814,-3.76933236828581,0.66250622903613,-5.68950479721489,1.27408310668791e-08,1.66300272825323e-07
"MSTRG.7180",13.3646516708864,-4.70958608783373,1.134964466203,-4.14954496645128,3.33136843719518e-05,0.000232902794259142
"MSTRG.7188",280.495186424451,-2.53962846832544,0.320344728865829,-7.92779852291287,2.23064818361647e-15,6.96716008313057e-14
"MSTRG.7196",80.8673278354702,1.7285379514729,0.299875561368014,5.76418412886805,8.20537963104154e-09,1.10363050232063e-07
"MSTRG.7212|AMT1E",225.479680347389,5.72635063385431,0.363370837663085,15.7589713876922,5.95950568805864e-56,1.55318395784846e-53
"MSTRG.7209",325.15207081713,1.59696770902232,0.263293779294717,6.06534538453624,1.31670385821458e-09,2.0012388085942e-08
"MSTRG.7210",5.04238391193896,-5.77962342313501,1.57059032125818,-3.67990515725643,0.000233320714753743,0.00134884826296546
"MSTRG.7207",795.811047491664,-2.62815192701668,0.249627423917721,-10.528298076268,6.39807742374456e-26,4.31002690180894e-24
"MSTRG.7208",843.73322367701,-1.36097585922584,0.417302463063643,-3.2613655074887,0.00110877016755102,0.00532544656305924
"MSTRG.7216",70.5989298770491,-1.06871265124392,0.385895084738304,-2.76943836164347,0.00561530280930885,0.0212047705611383
"MSTRG.7230",586.517137953405,1.21578671592133,0.177939116967439,6.83259946796189,8.33895460783379e-12,1.75592980603101e-10
"MSTRG.7232",265.661085684846,1.07921456020391,0.301822034842193,3.57566524514411,0.000349338432975975,0.00193107872303618
"MSTRG.7233",181.58632779296,1.16682207142364,0.31879196196093,3.66013642328486,0.000252081001903479,0.00144678114377672
"MSTRG.7227|CDC20",56.0750465738978,-3.21582072464217,0.541732673066732,-5.93617642893406,2.91745848405536e-09,4.18986043175358e-08
"Cre09.g399907_4532.v6.1",5.73740299535755,-5.96506068689754,1.47733094139551,-4.03772812154252,5.39713518653972e-05,0.000361430729551847
"MSTRG.7238",63.0449497406979,6.53783497242223,0.803059464361966,8.14115923235718,3.91511087213387e-16,1.30214294236787e-14
"MSTRG.7262",21.5513217051084,-2.34808678236596,0.62892874939153,-3.73347026135738,0.000188859502073739,0.00111492326920472
"Cre09.g397700_4532.v6.1",13.9981594315053,-2.34122133449567,0.647949181027434,-3.61327925560963,0.000302348767188447,0.00169609763611924
"MSTRG.7245|CWP1",1794.23439208381,-1.81814540791423,0.333619955923768,-5.44975015921912,5.04406282461574e-08,5.99331171791787e-07
"MSTRG.7266",391.676572699282,-1.69678577557157,0.299654943691501,-5.66246548336088,1.49213397322299e-08,1.93490586511411e-07
"MSTRG.7269|XPD3",16.5247880610884,-3.95939902844623,0.845720316889888,-4.68168843691353,2.84521687725092e-06,2.45166709563876e-05
"MSTRG.7265",206.80200614842,-1.55239437346898,0.218412676371464,-7.10762030509968,1.18060815068002e-12,2.76425749330059e-11
"MSTRG.7276",22.8804194367218,1.12677429715173,0.430924071263646,2.61478615907336,0.00892833347433269,0.031329445948329
"MSTRG.7277",173.466381770552,1.02267821241227,0.24561957570662,4.16366736840963,3.13176266422008e-05,0.00022020682368762
"MSTRG.7291|PPX1",599.009560010115,-1.97989676866682,0.287427168046734,-6.8883424699258,5.64461926090754e-12,1.21135819175875e-10
"MSTRG.7292|VTE5",26.4082469269772,-4.05600169422163,0.668754503824842,-6.06500841642775,1.31946742525129e-09,2.00352369881996e-08
"MSTRG.7293",984.440215271637,-2.40165227123665,0.198077430951617,-12.1248153295328,7.80359075665751e-34,7.70568235089075e-32
"MSTRG.7295|PHC15",712.564690597357,-5.13858157753247,0.390760530658846,-13.1502062628191,1.69710864545713e-39,2.22980440045268e-37
"MSTRG.7297|NRT2C",1174.75887657041,6.27571314161151,1.50943960228215,4.15764442122966,3.21545996539941e-05,0.000225593038525684
"MSTRG.7298|AOX1",3298.57400498189,3.35484392822994,0.220925064086977,15.1854382937246,4.41601591943551e-52,1.00294030124551e-49
"MSTRG.7290",211.740703315757,-2.52539764229412,0.561904153149796,-4.49435660537088,6.97806062462776e-06,5.58315087117927e-05
"MSTRG.7286",396.961966208679,-1.16631401674781,0.455410170717823,-2.56101881718946,0.0104365703228525,0.0356511807032037
"MSTRG.7308",49.3111766532534,2.5772800499759,0.425952203103561,6.05063204556143,1.44278646862669e-09,2.17168321294377e-08
"MSTRG.7302",261.907633496068,-2.71733489089225,0.283510248127396,-9.58460905325446,9.2808453908312e-22,5.0186013613413e-20
"MSTRG.7304",158.350226414934,-1.29458704039471,0.242129519977316,-5.34667165125505,8.95863199244408e-08,1.01297533012714e-06
"MSTRG.7355",48.8623777061738,-1.98192353609538,0.474194929583215,-4.17955446684628,2.92080760132962e-05,0.000206286091718962
"MSTRG.7351",19.6048982529302,3.78755740418728,0.700589254952487,5.40624535334066,6.4359619872492e-08,7.48492492123538e-07
"MSTRG.7347",42.3270935276366,2.1828083013875,0.598849552547476,3.64500280930651,0.000267388880732417,0.00152577201860286
"MSTRG.7349",178.991488808705,-2.27375684612737,0.547178938621548,-4.15541733359732,3.24694328112903e-05,0.0002273602160135
"MSTRG.7350|FOX1",3208.83782449627,-2.4833510258652,0.407520088764611,-6.09381253668605,1.10252764601229e-09,1.69025887331759e-08
"MSTRG.7358|CGL39",41.7492865375289,1.76011947141604,0.508756057322547,3.45965310109347,0.000540871699695434,0.0028350736174606
"MSTRG.7329|FAP102",10811.53699999,-1.89662233908575,0.308793031152661,-6.14205033062453,8.14630347981536e-10,1.28354740061551e-08
"MSTRG.7336",14.5515644249715,-7.30663162936053,1.40310634105262,-5.20746818368668,1.91434648658679e-07,2.05064911206012e-06
"MSTRG.7343|FAP233",417.852176029899,-2.0612449083952,0.366653264029423,-5.62178251392789,1.889971074924e-08,2.4133943894893e-07
"MSTRG.7339|MMP3",90.1116952079108,-1.1985895682343,0.368680815844644,-3.25102233889859,0.00114990822068363,0.00549316132584987
"MSTRG.7374",61.6444072314025,1.09937494833201,0.405936736049984,2.70824207493417,0.00676406653250825,0.0248342981470698
"MSTRG.7372",1151.07694631989,1.0902519362864,0.380989531831956,2.86163226334335,0.00421465607620916,0.0166264521835169
"MSTRG.7381",698.749920596288,1.19931001224206,0.227178157225489,5.27916075598619,1.29776911790406e-07,1.42191133262845e-06
"MSTRG.7382",536.946346522885,2.0211674570778,0.317308876637626,6.36971609018685,1.89378428661219e-10,3.26544279702392e-09
"MSTRG.7385|HCP1",869.86921012654,4.24460292372551,0.224597953513589,18.8986714140683,1.16960750508057e-79,6.41186900543824e-77
"MSTRG.7383|HCP4",1874.68444611189,2.90323012602037,0.309911267987473,9.36793987799672,7.39620026657891e-21,3.69763496346137e-19
"MSTRG.7386",47.7026493556462,-2.08202053210397,0.523691350458473,-3.97566339463357,7.01833367646661e-05,0.000459355573439548
"MSTRG.7408",227.49490761479,-2.00256291421497,0.245934253783883,-8.14267587131128,3.86636296068313e-16,1.28862554190651e-14
"MSTRG.7409",298.84991868657,2.21787709455366,0.387887020881365,5.71784301911972,1.07884738301241e-08,1.42691478328879e-07
"MSTRG.7421",62.168123240818,-2.23397839140741,0.360528135827713,-6.19640513292691,5.7767320573117e-10,9.33317949666072e-09
"MSTRG.7417|HCP3",1126.31077598512,2.86656814943814,0.310374883797999,9.23582512334918,2.56302872059617e-20,1.21997097604904e-18
"MSTRG.7420",359.978136473698,1.22497405880799,0.287579399508519,4.25960295105108,2.04790358281241e-05,0.000149333125674592
"MSTRG.7431|FAP414",682.551895904898,-4.50232361572697,0.473565878347437,-9.50728044731253,1.95712020066935e-21,1.01680708987717e-19
"MSTRG.7432",444.114343702234,-1.13032890560288,0.21169196028782,-5.33949850559303,9.32040380411743e-08,1.04610130581228e-06
"MSTRG.7435|PF16",252.862710678094,-1.28033602077054,0.220790993450504,-5.79885982105319,6.67673133135516e-09,9.06461782287654e-08
"MSTRG.7438",44.5761898871725,3.47611149146971,0.445807450910721,7.79733825526806,6.32265980910085e-15,1.91462182181115e-13
"MSTRG.7436",287.592916977594,1.10073803456511,0.280024049440511,3.93086964053406,8.46391568790442e-05,0.000540398922113673
"MSTRG.7437|ELIP9",110.076256865163,1.74978213665947,0.347998548442599,5.02813056114828,4.95284620912612e-07,4.958460266542e-06
"MSTRG.7458",121.823549621181,-1.35245729871569,0.286536712227949,-4.7200140191452,2.35828389532388e-06,2.06681352634284e-05
"MSTRG.7459",68.200288199791,-2.15434173571915,0.435862313046883,-4.94271165740229,7.70433896594364e-07,7.43676872377486e-06
"MSTRG.7460",50.0874952446551,1.06995199953373,0.310747869560426,3.44315152038611,0.00057497707316813,0.00298920389444962
"MSTRG.7461",65.442692121761,1.25204959666753,0.279713277426084,4.47618936143777,7.59870944460853e-06,6.04928806962375e-05
"MSTRG.7453",48.6282542619243,-3.19323459289859,0.475886446874297,-6.71007677119678,1.94522045340637e-11,3.82263470559388e-10
"MSTRG.7455",125.895381139239,1.20600654754099,0.275338274732399,4.38009044951381,1.18630057267068e-05,9.08031126832856e-05
"MSTRG.7456",87.8714644807241,1.26979074918895,0.261939933093736,4.84764096177176,1.24938253320671e-06,1.1642839104877e-05
"MSTRG.7465",75.0304220183179,1.00365088625283,0.281204772037691,3.56911043500464,0.000358195420475183,0.00196976506216342
"MSTRG.7472",219.133772483093,1.30752513493799,0.317743260892011,4.11503655897321,3.87118052902273e-05,0.000267002290891121
"MSTRG.7473",192.881389972039,2.9841000069351,0.332394392241642,8.97758830048415,2.76766518477546e-19,1.19566144314022e-17
"MSTRG.7440",6041.32403937442,-1.17399223363387,0.288444980341674,-4.07007337150826,4.69983336943621e-05,0.000318898638101992
"MSTRG.7441|LCI9",5866.06761853857,1.2230397601129,0.46807921398753,2.61289056118071,0.00897800459109477,0.0314526921527599
"MSTRG.7447",8.78707298685116,-3.15934344710226,1.17649680145592,-2.68538209640057,0.00724469305592528,0.0263319913587334
"MSTRG.7448|CEP131",34.0381060837588,-4.65269343312034,0.815312920166482,-5.70663522929366,1.15231363052654e-08,1.51579046511175e-07
"MSTRG.7490",911.281007764023,1.00680506617566,0.178875427696712,5.62852639481999,1.81755692660045e-08,2.32465969582413e-07
"MSTRG.7494",494.422054410946,-4.06383493024303,0.464062742815281,-8.75708078952728,2.00372044086765e-18,8.06459432124404e-17
"MSTRG.7495",21.3537616393444,1.61656137687891,0.583699114231207,2.76951144427911,0.00561404319719708,0.0212047705611383
"MSTRG.7496",502.016280339453,-1.57356903739472,0.343798946268232,-4.57700366587809,4.71683197520385e-06,3.8853986912845e-05
"MSTRG.7504",109.039523797831,1.67564197570392,0.278327635439659,6.02039381772852,1.73993215384497e-09,2.57795353045921e-08
"MSTRG.7505",9.29316873034911,-6.66074369217915,1.44236543457862,-4.61793074937702,3.87585544241344e-06,3.261956052064e-05
"MSTRG.7498",38.1769723135216,-6.81070006338923,1.15197217250222,-5.91220884146496,3.37550174229393e-09,4.78286334215587e-08
"MSTRG.7497",79.5778871903332,1.10922284958858,0.30504752969939,3.63622957603251,0.000276657788119645,0.00157138460719046
"MSTRG.7499",15.6757507751383,-4.14878245213748,0.955884629917394,-4.34025438038062,1.42317867382875e-05,0.000107230779888765
"MSTRG.7480|PSBO1",11798.4996754591,-3.34591689187633,0.187911288870762,-17.8058322732145,6.36785776276768e-71,2.66411059769686e-68
"MSTRG.7485|UPM1",1454.95944739309,4.53517489580931,0.412521267082541,10.993796581406,4.09337246565839e-28,3.11370504588694e-26
"MSTRG.7482",62.655953617433,-1.15311132337142,0.350152110826818,-3.29317256048682,0.000990636546507137,0.00482954302863246
"MSTRG.7518|FAP201",32.9264213931214,-1.30045812404926,0.436244845390672,-2.98102805749982,0.00287282470610177,0.0120348266607657
"MSTRG.7550",60.2190931804477,-1.02039986180503,0.305345851640994,-3.34178393556418,0.000832418302052803,0.00415545590498148
"MSTRG.7528",79.4040812353619,-1.45099315050873,0.313225556605537,-4.63242261018965,3.61411452486977e-06,3.05460886317808e-05
"MSTRG.7536|PHT4B",100.527928050896,-1.16883152757902,0.379239401187644,-3.08204138050701,0.00205586255854425,0.00900636620439142
"MSTRG.7538|FAP341",98.7467316132124,-1.28997669595929,0.452745333197587,-2.84923245226764,0.00438248480969138,0.0172116461226466
"MSTRG.7539",41.3896064196059,-1.80020009968615,0.443888901911243,-4.05551950484697,5.0022997761812e-05,0.000337217406185085
"MSTRG.7540",11.0454912081511,-2.91541224116412,0.93187060501806,-3.12855907833644,0.00175665692931725,0.00790247081558732
"MSTRG.7511",53.4451132819435,-4.12253503088292,0.716031493567448,-5.75747724495109,8.53802739299579e-09,1.14546463707888e-07
"MSTRG.7512",168.347576147953,-3.51149006830251,0.437576202458353,-8.02486526592297,1.01637433072145e-15,3.22521339517157e-14
"MSTRG.7514",62.0759204419252,1.07583862902025,0.335825443965269,3.20356497207969,0.00135737408633939,0.00632089432472864
"MSTRG.7581",147.548385084101,-1.52747094924418,0.226616786021402,-6.7403257104702,1.58031967385152e-11,3.17221239581963e-10
"MSTRG.7582",321.701951944483,-1.71467165474014,0.221928617597589,-7.72623050286044,1.10777961350216e-14,3.26138523989951e-13
"MSTRG.7573|CGL153",106.738284782593,1.01365875575575,0.243990475442199,4.15450133419607,3.25997715407252e-05,0.000228112309839106
"MSTRG.7569",3.40708071480695,-5.21399166379837,1.79375888954987,-2.90674052916152,0.00365215998729878,0.0147066969296038
"MSTRG.7572",100.757161130531,2.27779742366393,0.312094067116644,7.29843231147555,2.91139906654232e-13,7.37029018469582e-12
"MSTRG.7574",107.216953193962,-1.05349103207737,0.245465911011361,-4.29180177295013,1.77229132295414e-05,0.000130685934379986
"MSTRG.7576|SULTR3",258.707378085048,1.52651368942411,0.254394614755875,6.00057391501389,1.96621320349513e-09,2.89433865825607e-08
"MSTRG.7588",72.3529140053417,1.00538146364446,0.32411146852767,3.10196201390703,0.00192242625127365,0.00850618773803188
"MSTRG.7595|UBA4",144.191689942965,3.21930751129277,0.260895918497173,12.3394322526654,5.5546176211873e-35,5.73424097023609e-33
"MSTRG.7592|POB6",14.9397546993482,-2.06078586690742,0.782927498211192,-2.63215415426823,0.00848453561602788,0.0300617667090732
"MSTRG.7618",73.4502209051202,1.01817568119325,0.270266006994102,3.76730944641318,0.000165016408100172,0.0009877375210755
"MSTRG.7626",242.919280865038,-1.2225659524667,0.369685285127757,-3.30704521291455,0.000942856727465911,0.00462640007816452
"MSTRG.7628|MLDP1",2356.56693239234,2.39262200263074,0.247653642478405,9.66116217264753,4.40834171755644e-22,2.42504555798313e-20
"MSTRG.7629|TIM21",99.4160577219988,-1.19957216874536,0.305450302618561,-3.92722534062557,8.59314640195682e-05,0.000547770014026903
"MSTRG.7639",4.82938318203829,-5.71578073521489,2.02005935616994,-2.82951128032797,0.00466191565574215,0.018161023056846
"MSTRG.7604|AMX1",307.958834014004,7.38057850576973,0.490228378239073,15.0553881280418,3.18226254229609e-51,6.83670404019232e-49
"MSTRG.7606",86.8075201178736,-2.23337017146223,0.31843382232559,-7.01360852673077,2.32248657300471e-12,5.27469879108984e-11
"MSTRG.7597|LCI3",11742.900651727,-7.38952269701882,0.275715262521862,-26.8012827053159,3.12189103783106e-158,2.48159118597191e-154
"MSTRG.7641",43.1094437441183,1.15884244459887,0.34675796226832,3.34193463653521,0.000831966497472814,0.00415538905963644
"MSTRG.7648",44.443847883375,1.38274408506079,0.327469072712813,4.22251809493302,2.41587996699873e-05,0.000173554720810419
"MSTRG.7658",12.4217810159548,-7.07902872952758,1.37790988874,-5.13751210247924,2.78399543881081e-07,2.90419681668072e-06
"MSTRG.7659",147.852963661639,1.43373838722271,0.451100441131066,3.17831297976084,0.00148134750168545,0.00680452544981082
"MSTRG.7659|FAP270",150.740628808257,-1.32102702340695,0.265283351220465,-4.97968310988769,6.36884697142509e-07,6.23856618310019e-06
"MSTRG.7677",421.256943015868,-1.1023697565165,0.43086466113277,-2.5585058510445,0.0105123051081635,0.0358405804438309
"MSTRG.7678|SRS4",81.0117891250389,-1.15072692487535,0.445552751642428,-2.58269513684621,0.00980319062043675,0.0338218586119148
"MSTRG.7694",40.5151956492366,-5.60175456713269,0.899153657299644,-6.23003034203964,4.66344845267004e-10,7.68285010368376e-09
"MSTRG.7700|UROS1",461.379857578594,-3.00634931374548,0.223479995823445,-13.4524314029457,2.97912837026711e-41,4.1545774412725e-39
"MSTRG.7704",155.73516154032,1.2114506326559,0.307973807419384,3.93361579287229,8.36774995884008e-05,0.000536197052985246
"MSTRG.7660",103.602434509061,1.39513759171511,0.245124171972838,5.69155453126711,1.2588793733912e-08,1.64450815761489e-07
"MSTRG.7668",4424.89896156201,-1.15330382252711,0.318751251352007,-3.61819386633084,0.000296666142687105,0.00167129636301899
"MSTRG.7672|RRM8",28.4751375580772,-1.1442395890436,0.465717003697461,-2.45694183368688,0.0140125372645183,0.0457154355492123
"MSTRG.7674",76.4347434683272,1.25976538778759,0.319979433393369,3.93701987164558,8.24997776024577e-05,0.000529717877352129
"MSTRG.7711",58.9683378031611,-1.5486920403686,0.353371346521232,-4.38261917842154,1.17260981851296e-05,8.98850091355784e-05
"MSTRG.7712",205.183996433985,-1.77170274602121,0.425742596114722,-4.16144112003254,3.16245541183163e-05,0.000222168431892617
"MSTRG.7713",589.26443823261,-2.91749524895725,0.383103921307022,-7.61541473917503,2.62846099643453e-14,7.4354578151808e-13
"MSTRG.7709",220.063250320146,-1.4922043526892,0.440263490067177,-3.38934385056893,0.000700600979321897,0.00355624341291811
"MSTRG.7734|NIA1",16184.5592113121,7.83101146231274,1.7639371086615,4.43950718189438,9.01651059844959e-06,7.06478489374823e-05
"MSTRG.7732|NRT2A",17697.7855410805,7.63196433758085,1.27141216608055,6.00274603404838,1.94007956414392e-09,2.85851574705839e-08
"MSTRG.7733|NAR2",22250.7924603936,7.67187914152221,1.27412671825358,6.02128425031219,1.73038563635948e-09,2.56859671772577e-08
"MSTRG.7744",27.4479498328734,3.44766081548247,0.615945374009092,5.5973483379576,2.17655110529997e-08,2.748436018432e-07
"MSTRG.7724|ROC15",1087.67999930832,1.22810862154698,0.438213422734744,2.80253538078037,0.00507026546838628,0.019503285849602
"MSTRG.7730",1781.3076449451,7.71156295153107,1.3174237260273,5.8535175882898,4.81283330342409e-09,6.69417531564622e-08
"MSTRG.7716",1381.50675366317,3.21581714235092,0.340042704984479,9.45709787392059,3.16608372672294e-21,1.61846942403348e-19
"MSTRG.7717",357.850866936057,2.88602937270527,0.365794448473049,7.88975717032487,3.02775090070191e-15,9.27460189197668e-14
"MSTRG.7719",14.7661252584364,-2.27566180717552,0.632747800829971,-3.5964752531586,0.000322558254032963,0.0018018380613549
"MSTRG.7726|HIS1",440.854130106353,-1.00668548272824,0.209282656549712,-4.81017156091538,1.508008050175e-06,1.38579838044405e-05
"MSTRG.7729|NII1",9424.06267673526,7.33142252804537,0.448486794305584,16.3470198479244,4.56780087541156e-60,1.3447944132832e-57
"MSTRG.7731|NRT2B",6276.26949442335,7.70610870648932,1.09974560883741,7.00717388145408,2.43179976907561e-12,5.50722973344217e-11
"MSTRG.7735|NAR1A",2273.69201262024,7.56085181259963,1.40308430015237,5.38873666520148,7.09546815831961e-08,8.19199366601055e-07
"MSTRG.7739|PSB33",853.059441504199,-1.22642054167842,0.258009332113383,-4.75339605599794,2.00027962753239e-06,1.77358870711154e-05
"MSTRG.7739",43.0110006204247,-1.0434910402419,0.342466097011147,-3.04699078054415,0.00231144799203542,0.00999385373330954
"MSTRG.7761|RAD21",20.3169860195981,-4.04562347590211,0.837943090930681,-4.82804085347698,1.37882811420697e-06,1.2759376810048e-05
"MSTRG.7762",84.3004932258829,1.38180861497965,0.261273361518338,5.28874664814484,1.2315733551903e-07,1.3568643936809e-06
"MSTRG.7760",76.0409168629214,-4.78543052218349,0.671966920976515,-7.12152692758925,1.06737875168409e-12,2.52142457567217e-11
"MSTRG.7769|CGL88",632.557706596446,1.26050776458533,0.21107834350525,5.97175315881698,2.34717482181097e-09,3.42342984561016e-08
"MSTRG.7776",393.857121365954,2.73603598292786,0.343825888807676,7.95762062134391,1.75379120909484e-15,5.53209774646621e-14
"MSTRG.7777",82.849079869671,-2.47860893046304,0.714523864442636,-3.46889593729171,0.000522601836182613,0.00275292378781683
"MSTRG.7780",20.4502718419438,2.0303132176342,0.527690328370754,3.84754676839123,0.000119306507025432,0.000740333664594189
"MSTRG.7787",328.770024626097,1.66781944739226,0.230473518294799,7.23649059437257,4.60443581819132e-13,1.13666646952804e-11
"MSTRG.7754|PSAF1",7593.39133984555,-3.6115766984485,0.162228330422939,-22.2623057824296,8.57230742190688e-110,1.51425048214973e-106
"MSTRG.7802",164.936970891828,1.09961475778363,0.243145764355581,4.52245080517021,6.11276966711825e-06,4.94810652585774e-05
"MSTRG.7807",59.6233401312622,1.18293806045835,0.301090131303501,3.92885032577152,8.53529406988699e-05,0.000544300461785252
"MSTRG.7830",57.1919677374625,1.93957676839947,0.315156069572596,6.15433734476338,7.53920545678252e-10,1.19499788984974e-08
"MSTRG.7837",501.211015044324,-1.25085892288542,0.191217766274813,-6.54154133924837,6.08879978708311e-11,1.12820208642246e-09
"MSTRG.7822|MRPL6",1869.18793377373,-1.07305665660153,0.191989494513817,-5.58914256907064,2.28193548594098e-08,2.8746600915602e-07
"MSTRG.7844",5.69050254779293,3.38220688240594,1.14407714315924,2.95627519755037,0.00311379126470749,0.0128661385381081
"MSTRG.7841|POB32",396.849096085184,-1.37026701482837,0.44218553596719,-3.09885082928186,0.00194272808010912,0.00857930306043745
"MSTRG.7851",92.0897903298228,1.98166328941498,0.301225675954568,6.57866658655571,4.74685845576992e-11,8.97331221519979e-10
"MSTRG.7854",14.1300756107824,-1.90393076662637,0.650839183864196,-2.92534748034415,0.00344071791425013,0.0140042328214922
"MSTRG.7847|CAT1",1240.80457204672,-1.41794344251677,0.203405134930757,-6.97103071168514,3.14627271296799e-12,6.99572637633078e-11
"MSTRG.7870",172.338998191905,1.15382070822892,0.225152015487006,5.12462971176692,2.98123053908686e-07,3.09977783586677e-06
"MSTRG.7864",54.3742429500592,1.66314767080508,0.429576514194984,3.87159822720238,0.000108124068532215,0.000675159639247898
"MSTRG.7867",967.84315181927,-1.7532435094291,0.385828322862672,-4.54410266312444,5.51697663091713e-06,4.49789202452926e-05
"MSTRG.7873",42.0750232729862,-3.12634533612453,0.464488441375552,-6.73072795281205,1.68816344308762e-11,3.35900155421865e-10
"MSTRG.7875",99.499246221126,-1.13418705602249,0.350230742367437,-3.23839948588117,0.00120202368021199,0.00570440969194334
"MSTRG.7881",38.1954961484316,2.77757456178221,0.626271432114984,4.4350970191983,9.20308329684478e-06,7.19324573516412e-05
"MSTRG.7890",177.795810728254,1.06332806323619,0.279222288239079,3.80817759908095,0.000139994716415582,0.000851971015195654
"MSTRG.7891",312.280880880841,1.12308765845191,0.244198967979069,4.59906799666807,4.24385259584751e-06,3.54903338443042e-05
"MSTRG.7910|CTPA1",77.6664839168844,-4.25975032744501,0.517621636902224,-8.22946728606257,1.88047842748292e-16,6.40168009424485e-15
"MSTRG.7901",79.0335943351279,1.12054298118224,0.337026120160556,3.32479565871161,0.000884833604400411,0.00437273380253582
"MSTRG.7905",56.5539657533985,-2.4389916899557,0.459526950137936,-5.30761403487562,1.11069518512476e-07,1.22623833702177e-06
"MSTRG.7907|PSAE1",3322.98730045637,-3.89858180015735,0.275263697631715,-14.1630801071829,1.55046613332638e-45,2.62226708378966e-43
"MSTRG.7926|MMP25",156.703251264676,-3.67985119577823,0.409757079026897,-8.98056771713927,2.6937320242761e-19,1.17008064814048e-17
"MSTRG.7937",65.4221958427975,1.59753605844588,0.302871919735797,5.2746258545178,1.33027201350494e-07,1.45551716935317e-06
"MSTRG.7936",180.563500845418,-1.16342420745255,0.274223090828351,-4.24261940866532,2.20925923139513e-05,0.00016015870159927
"MSTRG.7934|GPD4",1101.6393237666,1.56348961405017,0.226370358163292,6.90677713608755,4.95787876584569e-12,1.073846820428e-10
"MSTRG.7929",546.483511307372,-1.38482865899771,0.437472357875558,-3.16552265318586,0.00154804607213081,0.00706395994682424
"MSTRG.7949",44.9981878358885,2.31959211861876,0.372711595567711,6.2235576950204,4.86005977292551e-10,7.96548765669792e-09
"MSTRG.7945|PGSIP6",123.267380045007,-1.11206801692162,0.311048973656332,-3.5752184096589,0.000349935639134912,0.00193370760895614
"MSTRG.7950",19.4720558266017,1.46305083190869,0.489288572020665,2.99015941832972,0.00278831882165758,0.0117395902083454
"MSTRG.7954",1855.86844786816,1.04341653319838,0.263236561856279,3.96379790801273,7.37667067087462e-05,0.000480829480629621
"MSTRG.7956",173.447202413837,-1.22664740444645,0.400100566644445,-3.06584770607568,0.00217053840406804,0.00947219861319621
"MSTRG.7970",91.0726950353137,-4.50569690033805,0.622303065124173,-7.24035787842214,4.47502310363956e-13,1.10816070563336e-11
"MSTRG.7966|PRPL11",1198.27279167936,-1.31770826416035,0.170093345054425,-7.74697131001049,9.41102088082349e-15,2.81233853314533e-13
"MSTRG.8002|NUP107",66.1022771800098,-1.0377326785035,0.422037688506064,-2.45886257736101,0.0139377957627835,0.0455463673251248
"Cre10.g425600_4532.v6.1",7.51917349554637,-3.40608339767355,1.16680721483199,-2.9191483857631,0.00350989106231192,0.0142363764027446
"MSTRG.8005",25.0584409588349,-8.08945436084745,1.24938069846472,-6.4747713573517,9.49556175016072e-11,1.71741115704272e-09
"MSTRG.7986",261.310693091102,1.07131623668921,0.239853657136814,4.46654117964156,7.94943662687822e-06,6.29696778744942e-05
"MSTRG.7987|PPD1",106.792923580007,6.66747758908576,1.41511850981468,4.71160368749533,2.45774992127147e-06,2.14924687834839e-05
"MSTRG.7988|CTP2",93.0997751622351,-1.42337158904079,0.350052113534145,-4.06617053292539,4.77919698352028e-05,0.000323593158620125
"MSTRG.7989",167.31682507632,-1.34941360162303,0.204365667101621,-6.60293688641954,4.03091182076762e-11,7.66548279025881e-10
"MSTRG.7990",307.666526283651,-1.51570158508274,0.217251841240274,-6.97670305774954,3.02187463110715e-12,6.77005939884353e-11
"MSTRG.7979",43.116962253366,1.07647366883869,0.343937831696589,3.129849553126,0.00174895851083243,0.0078722939992112
"MSTRG.7974",2081.48990658322,-2.50828091862995,0.168178576837845,-14.9143902023169,2.6569345618052e-50,5.27999320794739e-48
"MSTRG.7976|POLE2",29.5945456319168,-3.22723129802698,0.672634788608333,-4.79789531062473,1.60341541180984e-06,1.45913555906999e-05
"MSTRG.7981|TOM40",239.622389167986,-1.14685230341791,0.443250441766817,-2.58736866419469,0.00967120562544372,0.0334608981574112
"MSTRG.7994",452.159687501512,1.35561788156407,0.465064253451167,2.9149044922379,0.00355797408088914,0.0143930462946502
"MSTRG.8010|MGL1",433.552291307202,1.62029818951944,0.594450191235876,2.72570892129886,0.00641635551900665,0.023741572481619
"MSTRG.8015",978.822788845716,-2.92524031576216,0.38251747198772,-7.64733778188324,2.0518283867803e-14,5.89872833508738e-13
"MSTRG.8016",37.9516238163418,1.13529778419346,0.385205676104603,2.94725092234924,0.00320612926007436,0.0132015133324689
"MSTRG.8018|CYP739A4",89.8539068894748,1.16398036607718,0.266792087613917,4.36287438839495,1.2836465310618e-05,9.750316555576e-05
"MSTRG.8006|LHCA5",4597.84942465347,-5.68676048103266,0.384124937445002,-14.8044553390832,1.37093003774142e-49,2.62590912530278e-47
"MSTRG.8022|MOC2",26.2762658712784,-1.42751968444744,0.412577514166231,-3.46000360037138,0.000540168165473559,0.0028323197541882
"MSTRG.8028|CYP39A2",110.418622586666,1.02575245768081,0.277974840676308,3.69009099954935,0.000224173845782852,0.0013021248813503
"MSTRG.8021|CYP739A3",56.1975341738933,1.13512688961593,0.46363892885485,2.44829935316173,0.0143532348666933,0.0466641570369509
"MSTRG.8058",446.308701341278,3.06181962769457,0.344054420152966,8.89923061105652,5.62351425573934e-19,2.38407012367318e-17
"MSTRG.8059|UBC39",269.377770349055,1.94717053870761,0.446775104934276,4.35827895780822,1.31089229239766e-05,9.94776404035228e-05
"MSTRG.8063",47.3165841410237,-1.59589330837894,0.32930260398133,-4.84628207941357,1.25796623711526e-06,1.17159620607255e-05
"MSTRG.8064",114.308477699479,1.5073605074505,0.243643880433424,6.18673657950705,6.14224762299179e-10,9.88354784517444e-09
"MSTRG.8054",67.5968804209866,-1.44257329665208,0.35562757136459,-4.05641579227599,4.98315167184843e-05,0.000336399767639263
"MSTRG.8074|COQ8",112.576695465974,1.12489947796716,0.29139065668527,3.86045143232633,0.000113177735616889,0.000704226865298358
"MSTRG.8081|LPA1",243.367452414403,-1.13818919421624,0.182115930556822,-6.24980577336759,4.1096342327087e-10,6.82706008689686e-09
"MSTRG.8089",634.313419045827,-1.72759636449233,0.274106505965172,-6.3026463323415,2.92606059965911e-10,4.92780841243437e-09
"MSTRG.8098",95.5363335863976,4.08341074402634,0.362913879220636,11.2517348545488,2.27081051152372e-29,1.79608684140319e-27
"MSTRG.8099",76.1155673960752,2.65477314231038,0.455468120887068,5.82866949533143,5.58710314572088e-09,7.67707569668717e-08
"MSTRG.8096",26.3511176792754,-1.53984546102902,0.569352817848278,-2.70455403531411,0.00683961446656055,0.0250544218408709
"MSTRG.8097|RAD54B",11.8251818720182,-7.00811468366042,1.46823130452489,-4.77316800293138,1.81350387313042e-06,1.62428645493112e-05
"MSTRG.8111",227.135262391498,1.29603058889243,0.200493240129888,6.4642109033342,1.01828769770072e-10,1.83337914134157e-09
"MSTRG.8116",10.5693176257467,6.84120689333439,1.32485206208267,5.16375155319606,2.42048920146093e-07,2.54671987589847e-06
"MSTRG.8114|ARS5",128.103095977632,-1.68461507658405,0.367578581900281,-4.58300662643359,4.58337509867839e-06,3.79513006868693e-05
"MSTRG.8115",75.4135797013076,-1.08571133300104,0.367265441713133,-2.95620336053584,0.0031145166394855,0.0128661385381081
"MSTRG.8104",984.746149261577,1.00408411072784,0.308732416388281,3.25227950622796,0.00114483381843513,0.00547385505127269
"MSTRG.8105",145.688342481829,1.45233692341828,0.327747490355851,4.43126786979026,9.3680625949243e-06,7.31500290442567e-05
"MSTRG.8144",7.04869849491387,5.26805881608588,1.37818296247988,3.82246694343587,0.000132123195082057,0.000807571916729929
"MSTRG.8146",119.601051902583,-2.01271099461381,0.315303462185775,-6.38340911533641,1.73188399238765e-10,3.01027150206541e-09
"MSTRG.8149",240.717678759327,6.30530970904927,0.405369872619293,15.5544605925141,1.48400228245634e-54,3.68635441976419e-52
"MSTRG.8140",64.8310671888808,-9.46097349870453,1.31044064530513,-7.21968868456577,5.21067233238488e-13,1.27838377685578e-11
"MSTRG.8143",7.50013744080349,6.34788581199449,1.36590217929013,4.64739416060783,3.36154469298053e-06,2.85785227427831e-05
"MSTRG.8138",159.994669246663,2.15651156821727,0.368622194445658,5.85019459140347,4.90998241044383e-09,6.79955578059547e-08
"MSTRG.8128",53.3955884186984,-4.25253597129688,0.625653458435423,-6.79695111401004,1.06856335966957e-11,2.21486574863454e-10
"MSTRG.8163|CTR2",29.5911841534413,-3.39373742404951,0.710676510369612,-4.7753617497284,1.79384493760814e-06,1.6112173343556e-05
"MSTRG.8167|CTR3",101.851399602002,-4.08859484557065,0.343176510751059,-11.9139705588316,1.00094800429226e-32,9.41601856345462e-31
"MSTRG.8158",687.470868407734,-2.31295229343345,0.297388306539077,-7.77754956255998,7.39428044287315e-15,2.22219792969371e-13
"MSTRG.8171",128.347244741918,1.23378430312086,0.340550126246509,3.62291541841267,0.000291301097542104,0.00164456848321178
"Cre10.g437550_4532.v6.1",9.215843149033,-2.79530350732618,0.838516853003543,-3.33362829538069,0.000857211285993944,0.00425873282022866
"MSTRG.8213",192.49002856779,-1.03625500948614,0.23628313824915,-4.38564942536633,1.15640241068366e-05,8.87710551668216e-05
"MSTRG.8215",148.230515779301,1.50403067133555,0.29230147756348,5.14547748397512,2.66841207636645e-07,2.78911342472543e-06
"MSTRG.8227|LTH4",56.3806145957283,1.28171614364349,0.489476578851284,2.61854437785657,0.00883058047119832,0.0310456807454911
"MSTRG.8234|TATA1",73.3845422732242,-2.0875646076926,0.371865654481167,-5.61376019144657,1.9797654035174e-08,2.51996079944913e-07
"MSTRG.8237",71.0704759251384,-2.13108871859785,0.353696528120863,-6.02518981433042,1.68911270210035e-09,2.51202186510677e-08
"MSTRG.8240",759.019642151237,-1.16851032049898,0.386366902867661,-3.02435408371203,0.00249164632688149,0.0106627707415241
"MSTRG.8241",78.3125512794146,3.62911044390716,0.392367977453067,9.24925236627205,2.26068361446212e-20,1.09241179643522e-18
"MSTRG.8252",2252.9963560728,3.40948714265665,0.887727138443828,3.84069270275259,0.000122687618937525,0.000757765254805276
"MSTRG.8248",68.6420878194736,-3.94814961851856,0.541001715669983,-7.29785045806947,2.92401354218286e-13,7.39045584954263e-12
"MSTRG.8251",44.5520595361252,-1.48853114983343,0.410115315005323,-3.62954294894867,0.000283923490165761,0.00160920343909279
"MSTRG.8253",635.399951283523,-1.30511853008811,0.244308871928798,-5.34208405852933,9.18840264738727e-08,1.03380909616534e-06
"MSTRG.8178",224.133726198711,1.18388505575224,0.244168303085626,4.84864350036894,1.24308590690802e-06,1.16045682607303e-05
"MSTRG.8206",13.0335518232974,-1.94019260092249,0.70912974609062,-2.73601920046174,0.00621873973841071,0.0230994215797321
"MSTRG.8208",235.417348663113,4.32300673240961,0.366965182783091,11.7804275043851,4.92426856302633e-32,4.25467508777134e-30
"Cre10.g437300_4532.v6.1",16.7890582757351,-3.2472456877232,1.12283524092628,-2.89200549587701,0.00382791250747484,0.0152981782412858
"MSTRG.8182",524.507731484521,1.10641805016177,0.242765912011857,4.55755110341739,5.17535007227695e-06,4.23675156792271e-05
"MSTRG.8183|CPL2",180.7015195233,1.57943104141272,0.303752801493009,5.19972501866479,1.99583574160994e-07,2.12951655168555e-06
"MSTRG.8188|CSP41B",2207.62581301026,-2.88703181650557,0.44751953598285,-6.45118611451234,1.10978107765957e-10,1.98685805998106e-09
"MSTRG.8189|CPLD24",57.6223285989085,-1.66492945757637,0.375394925444476,-4.43514108669706,9.20120089988743e-06,7.19324573516412e-05
"MSTRG.8190",31.4930969915142,1.27782438434993,0.395341486632888,3.23220412619258,0.00122839272439343,0.00580528761367621
"MSTRG.8191|OPR47",9.50440276054441,-3.41748962269556,1.09872588045674,-3.11041150798679,0.00186826866162594,0.00832914615326115
"MSTRG.8191|POC2",162.080324437094,-3.12329885446977,0.337877217276366,-9.24388711274095,2.3770134437212e-20,1.13824577494818e-18
"MSTRG.8196",193.464113617488,3.00630223648643,0.338273544622241,8.88719287771573,6.26721597439946e-19,2.6428700148807e-17
"MSTRG.8197|SHKF1",152.319489317304,-1.42091443072307,0.271660525555705,-5.23047810430486,1.69072202096438e-07,1.82726707609053e-06
"MSTRG.8198",18.5332870970464,-3.4715398143626,0.835164268320625,-4.15671496739592,3.22856380192805e-05,0.000226259918793137
"MSTRG.8200",78.3997712181493,-2.92549163708475,0.547264175810905,-5.34566625478439,9.00850656364703e-08,1.01622142895048e-06
"MSTRG.8201|EPYC1",13020.7967975648,-2.98636911882166,0.899267336906707,-3.32089134816589,0.000897304618017082,0.00442610884804082
"MSTRG.8260|HSP70G",1495.98063330769,-1.97907482215176,0.148719399860237,-13.307442230211,2.09532828642814e-40,2.82301094047751e-38
"MSTRG.8267",153.44451653246,1.90084006461073,0.336033687420472,5.65669495580139,1.54315673393889e-08,1.99780991499679e-07
"MSTRG.8271",349.339517348567,-2.22198994976173,0.238922017862259,-9.30006355062149,1.40361764579665e-20,6.95162409123835e-19
"MSTRG.8263|CSP41A",874.045811274582,-4.21828747563153,0.33124550933825,-12.734625396307,3.79663955989697e-37,4.43815997965015e-35
"MSTRG.8272|PSB28",143.515763925276,-2.27369502595364,0.311659544439232,-7.29544487413242,2.97673837451176e-13,7.50206143323865e-12
"MSTRG.8278",63.8843178947472,-2.08472336024591,0.365303829487646,-5.70682043812633,1.15106099858987e-08,1.51579046511175e-07
"MSTRG.8276",107.330694129144,1.55315662826509,0.397379234032187,3.90849972834586,9.28710517992944e-05,0.000587998399643641
"MSTRG.8310",140.178707963571,4.91041203324741,0.364863852752397,13.4582036455656,2.75533498565903e-41,3.87648810637233e-39
"MSTRG.8312",12.9227009806407,-7.13599229901419,1.3672545891825,-5.21921254130212,1.79685465652369e-07,1.93146689177915e-06
"MSTRG.8292",146.550229902732,-3.44506212995655,0.294585624842835,-11.694603671834,1.35819782733459e-31,1.14854409888113e-29
"MSTRG.8295",21.2477937308476,-3.09193318552087,0.855874841926557,-3.61259968637586,0.000303142508389951,0.00169935105725791
"MSTRG.8334|BOR1",126.96232549027,1.14121527678367,0.221556872283152,5.150890897779,2.59251978479409e-07,2.71335612499384e-06
"MSTRG.8335",167.793118652498,1.31579904340624,0.301193000419141,4.36862424284486,1.25031679450764e-05,9.52902032554291e-05
"MSTRG.8336",1436.49590683308,1.97892478812905,0.281909487709111,7.01971687512345,2.22318281213507e-12,5.07226857353439e-11
"MSTRG.8313",147.314017599339,6.18151694356637,0.48423459936497,12.7655416438083,2.55368081703172e-37,3.0297326588933e-35
"MSTRG.8317|PFH3",527.029954508957,-1.02245732299682,0.334969675764204,-3.05238771439287,0.00227028651755192,0.00983728946744084
"MSTRG.8318",53.943435353021,-1.13439681951814,0.326581535107585,-3.47354855547617,0.000513624420437158,0.00271553077356499
"MSTRG.8326",20.7475269749851,-2.11970336862782,0.599868935299871,-3.53361083378686,0.000409924176852038,0.0022143984245986
"MSTRG.8327",57.6538364246757,-2.81946901546931,0.510527761731907,-5.52265562582646,3.339138090547e-08,4.07723635664487e-07
"MSTRG.8337",126.701964653519,1.31523968763462,0.351911422808784,3.73741686796361,0.000185920532181166,0.00109993545639248
"MSTRG.8340",13.3931246357201,1.5087411181951,0.589554806567919,2.55911935817843,0.01049377050078,0.0358004213350645
"MSTRG.8342",73.8834878135434,3.04296154801096,0.395484544275596,7.69426161415415,1.42313605964464e-14,4.15901049195412e-13
"MSTRG.8338",792.787331282126,2.14506651045895,0.308381692721195,6.95588149714932,3.50364285618315e-12,7.76860727023707e-11
"MSTRG.8351",25.8845097410102,-2.46002303970188,0.542699238322526,-4.53293991586531,5.81683651265694e-06,4.7181666774602e-05
"MSTRG.8352|SLT2",170.708770092536,-1.67928705424334,0.622433281113064,-2.69793904856816,0.00697702138905432,0.0255048714746345
"MSTRG.8360",123.123260270338,1.32380117800527,0.226378367607566,5.84773709606441,4.98305291545255e-09,6.89474110094557e-08
"MSTRG.8378",212.201067633816,-1.16838212733907,0.215028788040731,-5.43360792750109,5.52258546812077e-08,6.50501782450901e-07
"MSTRG.8374|ATPVF1",105.493398905879,-1.04878324444844,0.249377089166277,-4.20561186256026,2.60376761941415e-05,0.000186055282567824
"MSTRG.8376",298.916135499511,1.11565792576604,0.363024946617077,3.07322660925243,0.00211757618251427,0.00925631733560954
"MSTRG.8394",6.63564407907317,-2.77206586045731,0.967651716208318,-2.86473512527779,0.00417358183171781,0.0165053741195646
"MSTRG.8382",64.3225824072264,-1.35489312193371,0.289844040899377,-4.67455917923832,2.94585683450902e-06,2.52879222219355e-05
"MSTRG.8396",63.602177565377,-2.3716681991617,0.325683219885215,-7.28213200544254,3.28585308479634e-13,8.22653422710113e-12
"MSTRG.8399",870.246627407048,3.1589659062836,0.455411205412145,6.93651335044502,4.01895284079396e-12,8.78862617096869e-11
"MSTRG.8408",71.6001662372984,3.59453413266913,0.625905831421016,5.7429312082112,9.30515364827501e-09,1.24209347355396e-07
"MSTRG.8405",85.9683981908395,1.29990455654408,0.309278581169646,4.20302159828861,2.63375447370691e-05,0.000188101655988286
"MSTRG.8400|YEE2",124.567519766792,1.1577412200682,0.449369941775987,2.57636551188229,0.0099845038352922,0.0343356352960146
"MSTRG.8404",62.7675516584793,-1.08592117701567,0.292123073268092,-3.71734134132939,0.000201330343815814,0.00117978245705264
"MSTRG.8406",333.082457249606,1.42910259214225,0.223496500132327,6.39429517373255,1.61289592199049e-10,2.8208822186804e-09
"MSTRG.8432",45.7094250130236,1.00816871011295,0.400068926899691,2.51998753796175,0.0117358989240579,0.0392959816964347
"MSTRG.8441|IFT25",46.0899024671122,-1.29080068769844,0.368512071255546,-3.50273651362516,0.000460504747785521,0.00246253093854498
"MSTRG.8435",189.963581125037,1.72506773565799,0.372216049468192,4.63458719236503,3.57650464724734e-06,3.02603889738894e-05
"MSTRG.8443|FAP18",172.190834142969,-1.12353742406136,0.211641266703253,-5.3086878639632,1.10417238859091e-07,1.2198841302167e-06
"MSTRG.8446",110.593264347783,1.84564408297551,0.357967112545206,5.1559040433985,2.52410137742497e-07,2.64697649724949e-06
"MSTRG.8462|CNX1E",247.565040643216,1.20042702245742,0.251549229856989,4.77213555032502,1.82282752911768e-06,1.63171802127888e-05
"MSTRG.8479",4190.11272668986,-1.29806547300201,0.255123587862715,-5.08798690029599,3.61884360702531e-07,3.71176617190248e-06
"MSTRG.8477|FAP41",24.4446094958962,3.25902406380758,0.898170127230237,3.62851531686731,0.000285055840532939,0.0016138952111085
"MSTRG.8471|AAT1",1716.14755879914,-1.91820500894101,0.388530007840687,-4.937083288886,7.92996102213727e-07,7.62215963300715e-06
"MSTRG.8473|LHCA4",4544.24316132056,-5.47588813448349,0.375125462848843,-14.597484513308,2.91400297665938e-48,5.26441128669668e-46
"MSTRG.8474|PSBY1",3027.02551713394,-3.23179586408094,0.245820828908439,-13.1469569866461,1.77161882625492e-39,2.3086226311312e-37
"MSTRG.8478",16.8675849177836,-7.52000667442412,1.3345929609287,-5.63468180529829,1.7538185424172e-08,2.25037991826866e-07
"MSTRG.8498|RWP15",17.9795227009666,2.0228035102738,0.631558136655036,3.20287776037106,0.00136061721233378,0.00632925864068375
"MSTRG.8496",370.747910890247,1.76523274954458,0.190826149364171,9.25047618173032,2.23494751527826e-20,1.08326815847237e-18
"MSTRG.8501",18.8962583005574,-2.95400953016283,0.782953420712064,-3.77290583579835,0.000161357199135075,0.000968386844790266
"MSTRG.8508|CTPB1",983.522841280505,1.14779655791129,0.34556143675094,3.32154122492133,0.000895217565585404,0.0044171846237358
"MSTRG.8512",77.7134151334864,-1.13426230314595,0.311039294738364,-3.64668491194997,0.0002656453342768,0.00151641993692372
"MSTRG.8514|FKB16I",31.7945658218459,-1.33503800200396,0.458621211602404,-2.91098180422007,0.00360294998898169,0.0145379946509723
"MSTRG.8518",268.039828208273,1.57116629632983,0.225338348786271,6.97247629971787,3.11410135289343e-12,6.94361617227206e-11
"MSTRG.8526",24.2889688705175,1.59525620616504,0.471758947414351,3.38150704911572,0.000720893831829578,0.00364992679567727
"MSTRG.8525",19.9591247959034,1.56731991597544,0.494965039438016,3.16652650408395,0.0015427128691545,0.00704366720098171
"MSTRG.8539|ORC1",31.8681090872882,-4.35416897309102,0.796417125988956,-5.46719656195766,4.57208957305916e-08,5.48581736094298e-07
"MSTRG.8533",79.0891219320107,-1.01870776303262,0.266500917475481,-3.82253004110705,0.000132089380219415,0.000807571916729929
"MSTRG.8534|SMP1",421.521419622565,-1.082976551993,0.33771194125855,-3.20680562243986,0.00134217651511391,0.00626664382886373
"MSTRG.8544|MCM7",213.002985336122,-2.61627425633801,0.491754848205009,-5.32028157096543,1.03606774364452e-07,1.15023777852378e-06
"MSTRG.8553|KIN7B",69.273295293296,-4.0282481573935,0.540296676203471,-7.45562268807387,8.94443774197793e-14,2.36210417312235e-12
"MSTRG.8554",103.826321593296,2.37580447620801,0.29211553942852,8.13309857070908,4.18454095936323e-16,1.38595483691576e-14
"MSTRG.8555",428.92205509068,1.20019669312241,0.192209069777872,6.24422507485951,4.2590633301522e-10,7.0605410659812e-09
"MSTRG.8557",32.3986447920874,-1.61520219528569,0.450655724328656,-3.58411556336461,0.000338222321636806,0.00187484604929635
"MSTRG.8561",97.7764100055879,-1.1121086059538,0.41801389256532,-2.66045848172384,0.00780343473373066,0.0279853384608279
"MSTRG.8575|ATG18",114.743420505684,1.67270514727366,0.461275109512255,3.62626361748058,0.000287551803305667,0.00162628906757506
"MSTRG.8577",55.513972033221,-2.08472971510592,0.338153648842952,-6.16503687669544,7.04667163744287e-10,1.12252490673414e-08
"MSTRG.8563",47.1809361162569,1.00257856739187,0.330789917745545,3.03086192658111,0.00243856733241,0.0104722699758655
"MSTRG.8580",57.5773910413599,1.2427111089622,0.429945446078453,2.89039253769754,0.00384761053920088,0.0153575978790398
"MSTRG.8589",25.2492184065893,1.96158273922643,0.50247044289559,3.90387686870177,9.46639556978343e-05,0.000596972458422915
"MSTRG.8590",13.5083010084148,3.0014207892559,1.09835706551853,2.73264577019764,0.00628278628031687,0.0233046514896121
"MSTRG.8586",161.504207515628,2.97384175563853,0.342364645867354,8.68618238341908,3.74822958432334e-18,1.47498400820724e-16
"MSTRG.8613",48.4617312522811,2.26784699882152,0.34517599840136,6.57011787993594,5.02754445828895e-11,9.48136438883483e-10
"MSTRG.8617|PFH4",167.985751127891,-1.93029306611186,0.285713969825574,-6.7560332009327,1.41820933665176e-11,2.8721900680369e-10
"MSTRG.8622",61.6625924420379,3.78920551590793,0.479424474441819,7.90365473168552,2.70842579711361e-15,8.37715045185061e-14
"MSTRG.8625|PGA4",102.167545570857,1.45753971692776,0.338688195557655,4.30348543600081,1.68131905205808e-05,0.000124671689783672
"MSTRG.8620|FLU1",394.484753780121,-1.61735474766199,0.239643835454989,-6.74899374979237,1.48874001967007e-11,2.99974509920338e-10
"MSTRG.8591|SRR16",2591.22445586018,2.65300777006374,0.26973896301673,9.83546366603029,7.92019243054093e-23,4.49697211645499e-21
"MSTRG.8593|STIC2",740.423828767547,-1.50135912631726,0.215198391630073,-6.97662800797373,3.02348859804938e-12,6.77005939884353e-11
"MSTRG.8599",43.1590749311356,-1.30968113762543,0.537691019875546,-2.43575043884602,0.0148609334087948,0.0480299083823988
"MSTRG.8603",58.4850369903455,1.28525515885584,0.413314381591016,3.10963086720663,0.0018732128265072,0.00834650715129243
"MSTRG.8604|PMA2",6470.15733482813,1.77296086599695,0.319407511746986,5.55078011878874,2.84397609827727e-08,3.51036739211274e-07
"MSTRG.8606",107.321627384374,1.92592545226532,0.301744165949503,6.38264354243598,1.740567427097e-10,3.0176162438373e-09
"MSTRG.8656",42.4240669614667,1.03367224972966,0.35022530727578,2.9514493334878,0.00316286431842357,0.0130368724226855
"MSTRG.8636|ATPVA1",2204.88543421308,-1.233872362694,0.161444736023071,-7.64269181571625,2.127267458217e-14,6.09356721634845e-13
"MSTRG.8641|BUG23",29.3217953515963,-1.56633187228182,0.48805647596605,-3.20932504620792,0.00133046988917521,0.0062247823125684
"MSTRG.8650",92.3924715233439,-4.38928727934459,1.36822290210121,-3.20802061754988,0.00133651916792078,0.0062475688713921
"MSTRG.8651",19.1967279024748,1.76557166128572,0.693802644485033,2.54477505284835,0.0109348155124697,0.0370269855201797
"MSTRG.8685",187.52009107968,4.2775742583544,0.569843079355147,7.50658280029485,6.06907557753815e-14,1.64933612874703e-12
"MSTRG.8690",19.2584818993559,-2.01471614030146,0.524380010754716,-3.84209180171031,0.000121990189364976,0.000754336845789339
"MSTRG.8680",199.795138108849,-1.29271935533482,0.346346260185537,-3.73244785331973,0.000189627962274154,0.0011190443000128
"MSTRG.8681",60.0716274433037,-6.90836672982911,0.974897401495081,-7.08625001896055,1.37794774189586e-12,3.20741042469406e-11
"MSTRG.8695",96.4984136927742,-4.10177170052355,0.490472476858627,-8.36289882521958,6.1195691320326e-17,2.12880691289123e-15
"MSTRG.8692",103.288618542429,-4.640288173632,0.600578924977132,-7.72635865270945,1.10666553118329e-14,3.26138523989951e-13
"Cre10.g464037_4532.v6.1",6.08956524534355,-3.45508607802974,1.18196798162357,-2.92316385193766,0.00346494128076975,0.0140805859581982
"MSTRG.8694",48.6283666193393,-1.25187824811679,0.35350512171036,-3.54132987397703,0.000398115503552383,0.0021601502646675
"MSTRG.8699",120.19928208998,1.26528117443355,0.237141703227263,5.33554898701634,9.52559066463362e-08,1.06496371579708e-06
"MSTRG.8696",16.7762553432131,2.29980307503543,0.577277158118958,3.98388026044418,6.77990438267998e-05,0.000444849029615544
"MSTRG.8697",347.899720139823,-1.09314210856847,0.192452922109875,-5.6800494197972,1.34655829550215e-08,1.75471998212239e-07
"MSTRG.8709|MSRA5",431.303381266638,1.67663429174569,0.245216694664502,6.83735784808457,8.06670656703039e-12,1.70085545096352e-10
"MSTRG.8673",147.074564104074,-1.1047809442131,0.253002352854704,-4.36668249029117,1.26147895946068e-05,9.59110114658342e-05
"MSTRG.8674|PRPL33",308.267320189421,-1.11954718290195,0.180496242344511,-6.20260659368788,5.5535544370982e-10,9.00004163516689e-09
"MSTRG.8706|CGL36",174.040225171062,-1.5730253313584,0.326091176070864,-4.82388192870499,1.40790780931144e-06,1.3005763133314e-05
"MSTRG.8707",50.6527322314979,-1.1694965136402,0.378101965566162,-3.09307176409152,0.00198096225075866,0.00872150037733626
"MSTRG.8710",213.2653257989,1.09639895831769,0.392702548371805,2.79193237442309,0.00523943050572334,0.0200472842791792
"MSTRG.8713",67.7677905403629,1.33013788090466,0.282572587393458,4.70724316599245,2.51089327975259e-06,2.18969727709855e-05
"MSTRG.8720",59.3101695095997,-1.02897131611543,0.317996767841987,-3.23579174435739,0.00121305851570201,0.00574306262139088
"MSTRG.8723",74.0560221827058,1.21438403117643,0.39087759078104,3.10681415312114,0.00189115249164508,0.00840759013203957
"MSTRG.8719|CLPD1",1306.18652715976,1.24073315385819,0.16212322590366,7.65302532652223,1.96305230986893e-14,5.66399376085232e-13
"MSTRG.8728",166.600341158819,-1.16654634657703,0.338279355317292,-3.44847040837847,0.00056377124068476,0.00293959828940843
"MSTRG.8726|CDKA1",273.119480482704,-1.20886392533295,0.246684487274329,-4.90044566113564,9.56195025109789e-07,9.10274761029666e-06
"MSTRG.8745",79.4030744205484,1.84148546968116,0.345765073947444,5.32582845530854,1.00493941182848e-07,1.11802146740723e-06
"MSTRG.8748|FKB18",362.75603770022,-1.32748504556611,0.260866840622559,-5.08874582295727,3.60439333299696e-07,3.69933151762335e-06
"MSTRG.8731|CYCAB1",94.7116298498591,-3.93040661931782,0.476793202100087,-8.24342000264668,1.67356830349251e-16,5.70952551264461e-15
"MSTRG.8732|PRP20",214.422007067457,-1.38265407882949,0.345532026813885,-4.00152220787983,6.29362868618015e-05,0.000415342917612669
"MSTRG.8738",2513.13861982207,1.16861441428904,0.329180029277719,3.55007688909075,0.000385118652595126,0.00209966266768084
"MSTRG.8739|CPL12",704.382835993654,1.08445348316984,0.325739391394855,3.3292058369916,0.000870940116790865,0.00431749484775216
"MSTRG.8755",227.436304374382,1.17633174925149,0.259214404536988,4.53806473969944,5.67728328483181e-06,4.61438904203763e-05
"MSTRG.8760",30.2600574414664,1.96220218942302,0.406600608509298,4.8258712563588,1.39392536546536e-06,1.28915796743271e-05
"MSTRG.8764",116.205601682626,-2.49731930489442,0.342151297181487,-7.29887428592671,2.90185287681903e-13,7.35784003758676e-12
"MSTRG.8765",1319.8383831578,2.115780018558,0.497881009161502,4.2495696353658,2.1418161960751e-05,0.000155766669191225
"MSTRG.8770|PPR12",42.2328500411953,-1.72205493433942,0.512288336480517,-3.3614954932805,0.000775216216773756,0.00388755347078083
"MSTRG.8770|GOX8",20.5623719763035,-7.80432893055235,1.26190525118093,-6.18456015081069,6.22758643899273e-10,1.00107350057742e-08
"MSTRG.8771|GOX6",59.4735594821953,-5.29481293752582,0.644128837642412,-8.2201147163438,2.03308614028909e-16,6.8916851723488e-15
"Cre11.g467540_4532.v6.1|GOX7",5.64174294993325,-5.93851149071628,1.42728309479126,-4.16071031205255,3.17259304325109e-05,0.000222782174035361
"MSTRG.8768",4247.61008870213,2.80204221313596,0.346227615955898,8.09306388053368,5.81823312075745e-16,1.89158016674442e-14
"MSTRG.8810",28.6458877641731,-2.23486812068502,0.611974332747141,-3.65189845569624,0.000260308819451032,0.0014907743557754
"MSTRG.8825",158.843732844688,2.27076909234433,0.600203401396094,3.78333259535424,0.000154742414843344,0.000932207241826254
"MSTRG.8826",330.604596023799,3.9801954835677,0.577325312531923,6.8941988116061,5.41692226102631e-12,1.16849701636087e-10
"MSTRG.8827",34.8329541458731,-1.47026846779013,0.493485767327021,-2.97935333728848,0.00288857474231138,0.0120753513682005
"MSTRG.8829",208.020401571038,1.50118971108396,0.290043988182664,5.17573117267488,2.27020140855579e-07,2.40130818318164e-06
"MSTRG.8830",163.557648375755,3.62902253255082,0.63655747052395,5.70101318513122,1.19097422900417e-08,1.56351018106592e-07
"MSTRG.8831",101.785764435407,2.57396498030513,0.5841724974123,4.40617282002659,1.05213031179044e-05,8.14747574127832e-05
"MSTRG.8843",6.11984941980897,-6.05105959981161,1.48370820329793,-4.07833534003623,4.53593102465245e-05,0.000308435549315332
"MSTRG.8837",59.3214059051492,-3.50407303677987,0.656263620147813,-5.33942904833066,9.3239750304189e-08,1.04610130581228e-06
"MSTRG.8849",42.0812731681759,1.94390703389985,0.384040240049906,5.06172747326489,4.15474636062949e-07,4.21789001540789e-06
"MSTRG.8851",299.178128073455,1.13994001790253,0.18328278942076,6.21956934148128,4.98521274461698e-10,8.15379755287251e-09
"MSTRG.8852",69.3340475289017,2.10524413617853,0.405532379160407,5.19130960772384,2.0882005073771e-07,2.22061616496864e-06
"MSTRG.8854",49.1426505600454,1.11060837472917,0.383728191310883,2.89425796664857,0.00380055782796179,0.0152156304076899
"MSTRG.8855",4.4135204676082,-5.58466632192296,2.05987531466278,-2.71116716733761,0.0067046814717896,0.0246282407667539
"MSTRG.8857",110.183307660788,1.07189586529781,0.224440812076257,4.77585094877318,1.7894890622385e-06,1.6091231397889e-05
"MSTRG.8859",22.9917875145584,-2.4687472735997,0.625715734537366,-3.945477374682,7.96411522393393e-05,0.000514898348231401
"MSTRG.8863",111.428893527009,-4.36256880188987,0.514766359024219,-8.47485218373531,2.35378211365864e-17,8.56302701211558e-16
"MSTRG.8867",167.234667075852,2.18115849045706,0.238864124996749,9.13137747448156,6.76331817023942e-20,3.08974805374903e-18
"MSTRG.8870|OPR107",856.779505839453,1.12907542474093,0.29655210018919,3.80734253448424,0.000140468123204933,0.000853981729526585
"Cre11.g467657_4532.v6.1",7.9463433252233,-2.79686053161635,0.863908300241474,-3.23745070030534,0.00120602775433868,0.00571927737610814
"MSTRG.8890",32.5879124090184,-3.05449645100489,0.605484851323233,-5.04471159654871,4.54205940640867e-07,4.58183124638864e-06
"MSTRG.8891",197.169896324363,1.45511937883824,0.354261015582526,4.10747814417437,4.00002614936849e-05,0.000275053701222579
"MSTRG.8901",18.0246632718869,-2.34048395442592,0.552461631231958,-4.23646425762957,2.2706704619822e-05,0.000164310964973114
"MSTRG.8900",61.5565311527987,1.26805042749997,0.399891329092802,3.17098755398543,0.00151921652101126,0.00696238231508705
"MSTRG.8896",170.456392896837,2.15579777724327,0.447854562864305,4.8136112836623,1.48226997374934e-06,1.36372268765434e-05
"MSTRG.8897",178.880555007973,1.76885824616821,0.218888735803165,8.08108393370618,6.41936069482432e-16,2.07428854321782e-14
"MSTRG.8802",1980.36204868808,-3.65260908581718,0.206867644159974,-17.6567442465413,9.0300362043782e-70,3.68101321992832e-67
"MSTRG.8781",103.780211934494,-3.22931721874777,0.294175824852713,-10.9775071434392,4.90266271158087e-28,3.71154913279584e-26
"MSTRG.8786",55.8224818925656,6.78639106093367,0.889087067877016,7.63298815844705,2.29373958843958e-14,6.55861006780798e-13
"MSTRG.8790",69.8220570449399,1.15067775836749,0.292128571097795,3.93894289094468,8.1841406167095e-05,0.000526340888043882
"MSTRG.8797|ATPD1",3021.13251892097,-2.76224915704767,0.276095403701426,-10.0046908424264,1.4534495144445e-23,8.68681969196943e-22
"MSTRG.8800",84.8332131768923,-1.37141329601511,0.478930479161223,-2.86349137439936,0.00419000222002927,0.0165643361652501
"MSTRG.8801|LHCA3",3046.22541220545,-4.60461862133625,0.26551465764434,-17.3422388887629,2.25769001099523e-67,8.15744449881869e-65
"MSTRG.8804",334.930121592409,-1.19602810467313,0.226013797005814,-5.29183669544904,1.2109400103568e-07,1.33505716259726e-06
"MSTRG.8909",217.724379172475,2.09993020294102,0.372271105572334,5.64086272479452,1.69200222384811e-08,2.17457165357618e-07
"MSTRG.8912",262.807617049826,1.32383675627729,0.331194601621675,3.99715680688996,6.41078368341384e-05,0.00042272351306061
"MSTRG.8913",73.0352114069695,1.29787388544272,0.490180113165463,2.64774896121624,0.00810296716107399,0.0289095538435265
"MSTRG.8905|PETC1",2918.9324280698,-2.76239711385814,0.265816267964331,-10.3921296277804,2.69272503027295e-25,1.73315556806799e-23
"MSTRG.8903",121.875333933641,1.5796908108491,0.279423594433109,5.65339091730586,1.57312963520404e-08,2.03330202768079e-07
"MSTRG.8904",165.187626827148,1.16791195298352,0.282493408552727,4.13429806722562,3.56041145065075e-05,0.000246853123604211
"MSTRG.8908",317.566147440524,1.28127385682792,0.360482722912367,3.55432805898827,0.000378946203582676,0.00206813825765787
"MSTRG.8926",465.577036488936,1.30541418992635,0.386001089056488,3.38189250480407,0.000719883086244344,0.0036462534870684
"Cre11.g467704_4532.v6.1",8.97853362420575,3.28227066078942,0.8990948244796,3.65063903319565,0.000261588661028006,0.00149560558919885
"MSTRG.8917",519.928723394963,1.05611865641726,0.359010363375864,2.94174977704351,0.00326363522907454,0.013382840565341
"MSTRG.8920",253.632326077252,-1.01045189342759,0.192412304392704,-5.25149312366901,1.5087116678025e-07,1.64059494491957e-06
"MSTRG.8921|VSP1",113.085036052805,-3.64559002322896,0.50127289240656,-7.27266540531816,3.52462594837176e-13,8.81045649798967e-12
"MSTRG.8935",135.614267678944,-1.00402243180291,0.255395772448357,-3.93124139126433,8.45083674229617e-05,0.000539780644953895
"MSTRG.8942|CPLD48",244.292710194657,-4.1530815709486,0.301806105266272,-13.7607606290287,4.38884886850331e-43,6.58244521806279e-41
"MSTRG.8946|ATPVG1",175.081570486271,-1.58310959813083,0.244354916515021,-6.47873028588525,9.24976764245969e-11,1.6767708777631e-09
"MSTRG.8948|DLE2",694.768057722993,-1.88909404621442,0.307085992484564,-6.15167768132368,7.66675684163886e-10,1.21400498275273e-08
"MSTRG.8966",52.7007768759766,-1.40136036191907,0.385609430211302,-3.63414442730607,0.000278904604011839,0.00158245017650971
"MSTRG.8973|VIPP2",252.082807558235,2.64517226682804,0.432908440385149,6.11023491358747,9.94845940599698e-10,1.54453718395059e-08
"MSTRG.8972",10.8856960611513,-2.14841285042359,0.721784303246232,-2.9765303024201,0.0029153027047188,0.0121646935432072
"MSTRG.8968",25.1649989262079,-1.33707170710873,0.437916150757058,-3.05325963611353,0.00226369988407442,0.00981409892473823
"MSTRG.8962|GAS31",827.107487405207,-2.47640406000799,0.371896650416796,-6.65885013277913,2.75978164489642e-11,5.35714390605168e-10
"MSTRG.8980",14.3800467761503,-7.2900297090566,1.36721075464828,-5.33204532239945,9.71126919398423e-08,1.08267712234194e-06
"MSTRG.8985",263.866584654519,-1.67297827187493,0.27897854208272,-5.99679910643046,2.01244764479233e-09,2.95965704504242e-08
"MSTRG.8983",3.74503300539616,-5.34220932471787,1.63613151132918,-3.26514665094245,0.00109407415767622,0.00526599786822179
"MSTRG.8992",50.4669609598412,1.01140498227621,0.325296234620577,3.10918133883692,0.00187606535140013,0.00835687502285214
"MSTRG.8986",190.073067412197,-2.05176864523683,0.274281675315751,-7.48051667277753,7.40309749095545e-14,1.98138794463316e-12
"MSTRG.8995",8.98308211789623,1.81133462869441,0.716172965300521,2.52918598782117,0.0114327425722146,0.0384184615119568
"MSTRG.8996",16.271331587724,1.79133349733857,0.571341396385583,3.13531193200929,0.0017167146321667,0.00774470182241381
"MSTRG.8979|UROD1",1398.52759859365,-1.76798530999817,0.204595918914303,-8.64135178932238,5.55517790940978e-18,2.12298601932204e-16
"MSTRG.9010",15.3666194312823,3.84279552983238,0.74462896642012,5.160684989609,2.46047895217489e-07,2.58708296175109e-06
"MSTRG.9013",16.2109008646718,3.64103888288288,0.966561239474294,3.76700278697625,0.000165219157185188,0.000988206983043684
"MSTRG.9012",46.8416620594765,-1.13216706850019,0.401392195939619,-2.82060059949572,0.0047933841374918,0.0186002492110922
"MSTRG.9025|GCP3",34.306968260286,-1.24750589528692,0.467766225617189,-2.66694307320054,0.00765446360645509,0.0275318240758876
"MSTRG.9019|HMOX2",40.8748519853371,1.19577517611317,0.445994843830004,2.68114125680106,0.00733715371327923,0.0266078708506839
"MSTRG.8999",86.9940599991858,-1.0071140836128,0.276317323923381,-3.64477358608198,0.000267627305846691,0.00152608999582162
"MSTRG.9003",73.6463520138039,-1.74767632466576,0.343271083199396,-5.09124249085259,3.55724741126117e-07,3.653302283219e-06
"MSTRG.9004|CYCD1",29.1732772591086,-2.05840652311885,0.581041201300079,-3.5426171474814,0.0003961774135228,0.00215330889578991
"MSTRG.9005|PGK1",2288.99202257521,-4.3637965597294,0.221033343532919,-19.7427070955902,9.26771179649132e-87,7.01609914955329e-84
"MSTRG.9006",126.527601527585,-1.26744246231574,0.22964590919828,-5.51911622001249,3.40708814596132e-08,4.15064270839027e-07
"MSTRG.9047",13.2457347632007,1.9707867719717,0.614776265389758,3.20569755685388,0.00134735522284678,0.00628528560235273
"MSTRG.9048",12.1292612557202,1.82961183965195,0.639184425487101,2.86241617708013,0.00420424451860048,0.0165977351270699
"MSTRG.9049",124.058479234001,1.32718535084816,0.256842518969232,5.16731169034809,2.37485039088244e-07,2.50035572942047e-06
"MSTRG.9052|PFR1",82.1426094935998,3.34857886746443,0.413901160769838,8.09028624427198,5.95246765219118e-16,1.93127205580684e-14
"MSTRG.9054",115.772010680725,-1.0620466143482,0.232188395027816,-4.57407276630244,4.7833358860453e-06,3.93406486892645e-05
"MSTRG.9058",68.1245207295039,-1.17589820480343,0.275067013314087,-4.27495173134675,1.91178708872381e-05,0.00014019184103566
"MSTRG.9033",237.972536425423,1.07225830375901,0.232790139430387,4.60611564726373,4.10260285304865e-06,3.43822773630825e-05
"MSTRG.9039",212.708554537115,-1.61653225569519,0.302405525436802,-5.34557777461319,9.01290863517535e-08,1.01622142895048e-06
"MSTRG.9037|KAS1",2864.97071805722,1.02448507921898,0.127108900442627,8.05990041335777,7.63566286209458e-16,2.44741468108024e-14
"MSTRG.9038",25.9334361022079,2.20651694402748,0.561215307764396,3.93167633437719,8.43555880471221e-05,0.000539021358027792
"MSTRG.9042",133.993176492561,4.89462617768138,0.497319613801324,9.84201314777974,7.42107758967435e-23,4.22868428389401e-21
"MSTRG.9061",109.881211341849,1.17747652566065,0.275256464665472,4.27774340229092,1.88797470449554e-05,0.000138573508088966
"MSTRG.9067",3.98790367703724,-4.41724887830505,1.48882842907544,-2.9669294272196,0.00300789992008153,0.0124953208595391
"MSTRG.9090",13.4618580443606,-3.1072553148224,1.21659141278877,-2.5540664533376,0.0106472933586091,0.0361921466356997
"MSTRG.9089",26.7001107764683,-2.51896702306177,0.585428078912212,-4.30277793942218,1.68669879628422e-05,0.000125012295866324
"MSTRG.9086",68.3035721034407,-3.5179896637607,0.381889817918415,-9.21205410224439,3.19942760236557e-20,1.50486686456828e-18
"MSTRG.9091",506.617624495874,1.29182475903292,0.170776505869442,7.56441732108345,3.89607048922738e-14,1.07721267196064e-12
"MSTRG.9093",672.024469002604,1.13694080369586,0.382429676895401,2.97294083692889,0.00294961300430163,0.0122917293689089
"MSTRG.9098",1184.67631504785,1.15231702559404,0.199919942588526,5.76389233947377,8.21958589834621e-09,1.10391835156949e-07
"MSTRG.9076",64.1216790861933,4.18216608097769,0.439769792126125,9.50989848747559,1.90848681153173e-21,9.94790928843653e-20
"MSTRG.9082",7.83398300546776,-6.41424915234403,1.48055823660203,-4.33231803638142,1.47547596157085e-05,0.000110698994039893
"MSTRG.9069",255.469230115719,-1.46207453861363,0.232409874591552,-6.29093123165762,3.15567118495161e-10,5.30326220912903e-09
"MSTRG.9074",166.020944359746,-2.01052400982236,0.306635351096647,-6.55672610034017,5.5001901417964e-11,1.02786788572928e-09
"MSTRG.9079",77.8901082524079,-2.89163780702403,0.491933690265197,-5.87810484267742,4.14990064969266e-09,5.83334399016922e-08
"MSTRG.9083|PHC12",891.519878690179,-1.96316845742989,0.218187444411333,-8.99762340920438,2.30656469985685e-19,1.01297695022995e-17
"MSTRG.9115",38.0154808440259,1.31298597035925,0.406201062044012,3.23235484356509,0.00122774494190186,0.00580515757821549
"MSTRG.9118",55.0448113530334,-1.50129428586951,0.429844137659876,-3.49264804224792,0.000478256411710308,0.00254802963584802
"MSTRG.9162|MAG1",61.4946328728729,1.1954893607316,0.46213143378144,2.58690336415633,0.00968427477898539,0.0334842541183797
"MSTRG.9183",133.27983189128,1.61216753976447,0.220983950267776,7.29540556140362,2.97760772699307e-13,7.50206143323865e-12
"MSTRG.9178|IFR1",561.090549010378,5.29259485076196,0.427603106458218,12.3773536039058,3.46583325442e-35,3.64899450852776e-33
"MSTRG.9187",64.7370933606947,1.23389716575823,0.310000759742988,3.98030368306586,6.88272851738311e-05,0.00045103717217377
"MSTRG.9185",2722.78670804076,4.23738723178918,0.551919928537448,7.67753982541993,1.62172838159398e-14,4.71338899644991e-13
"MSTRG.9139|PSBW1",4024.06962435659,-2.50908934690461,0.156166579830976,-16.0667496824242,4.36375280317651e-58,1.21710424675263e-55
"MSTRG.9141",127.400439425533,1.12508169845474,0.234154932163197,4.80486013282267,1.54859723435195e-06,1.41654768882205e-05
"MSTRG.9153",16.9589469924762,1.45376456152227,0.528014746035307,2.75326507912539,0.00590040997291283,0.0220924912268884
"MSTRG.9154",11.2559601572196,2.08254358135409,0.715492698687756,2.91064267346621,0.00360686250431873,0.014550088833712
"MSTRG.9191|TXC1",411.706578187247,-1.03305973000524,0.274233287541833,-3.7670836362185,0.000165165680655264,0.000988206983043684
"MSTRG.9191",35.1489197708979,2.24825430529599,0.609646365076863,3.68780072200141,0.000226200687769831,0.00131245931903824
"MSTRG.9202",89.8472569477446,1.43923278749716,0.317947105067652,4.52664221361891,5.99282749552638e-06,4.85348810615784e-05
"MSTRG.9217",72.7765531362322,-3.37657646626088,0.398543937518142,-8.47228159406433,2.40632565202617e-17,8.69449209452547e-16
"MSTRG.9216|FKB15A",178.469765205188,-1.58759337925337,0.32071203115352,-4.95021460075321,7.41316934437094e-07,7.17750098884343e-06
"MSTRG.9223",154.719531396908,-1.3366675382934,0.240740391051216,-5.55231937796858,2.81903938168215e-08,3.48499907387114e-07
"MSTRG.9207",52.1732787368022,2.02197113898968,0.354788144795298,5.69909442762326,1.20445501442586e-08,1.57990312040778e-07
"MSTRG.9205",289.675134474173,1.00095813623032,0.319038560312286,3.13742055270859,0.00170441458622991,0.00770013728101254
"MSTRG.9209|FKB15D",394.843936982533,-1.20439544829398,0.29320494479934,-4.10769146174608,3.99633464372225e-05,0.000274918771812619
"MSTRG.9210|FKB15B",93.3343005128932,-1.36926117547796,0.299455698655512,-4.57249997787863,4.81939275003375e-06,3.96167042089124e-05
"MSTRG.9230|CYN59",131.116703691828,-1.59406909517414,0.264028436604048,-6.03749018733423,1.56529677808289e-09,2.34141173139994e-08
"MSTRG.9231",218.698353083674,-2.87893873849954,0.562341552148964,-5.11955541520593,3.0625677137253e-07,3.17264517474973e-06
"MSTRG.9244",70.4144768778137,1.30708874150069,0.30657716484273,4.26349021190541,2.01258320604287e-05,0.000147040660890026
"MSTRG.9243",2.47716737136342,-4.7522401331752,1.71025352513919,-2.77867582982379,0.00545809647280888,0.0207292923374858
"MSTRG.9249",28.2067228440584,1.13282293033942,0.391159254692789,2.8960657756369,0.00377873188274159,0.0151358728827981
"MSTRG.9253",459.889939421434,1.86115330253509,0.43069150301294,4.32131418780084,1.55102634519218e-05,0.000115929557291327
"MSTRG.9240",38.1206141550209,-1.29287140837707,0.402524775544584,-3.21190517186902,0.00131857891163577,0.00617460015822843
"MSTRG.9266",58.3936754586325,-1.6268019152402,0.338442430259538,-4.80673157320336,1.53417755448888e-06,1.40497435260738e-05
"MSTRG.9267|ATPG1",3049.07062338833,-2.49620841367707,0.269661919671941,-9.2568072522581,2.10636399302198e-20,1.02720781475655e-18
"MSTRG.9273|GAS30",30.2052351385224,-2.79686811416024,0.498399361900477,-5.61170083263216,2.00347589337295e-08,2.54462804857039e-07
"MSTRG.9287|EZY3",145.703661496345,2.96286590348192,0.416346002768973,7.11635486777085,1.10818749719042e-12,2.61006886375309e-11
"MSTRG.9284",14.3199278002352,-5.40521935119231,1.19182059035012,-4.53526260156692,5.75318579272688e-06,4.67130478716915e-05
"MSTRG.9270|GAS28",877.836027390645,-3.45559583179214,0.378046711343371,-9.14065835809771,6.20732748892467e-20,2.85214139939088e-18
"MSTRG.9288",76.3234519299291,-4.37758365596747,0.711725695399132,-6.15066125090867,7.71605640177599e-10,1.21938235263852e-08
"MSTRG.9292",55.6360655137786,-5.0120503504866,0.701813171739787,-7.14157350176512,9.22685136509973e-13,2.19265295967646e-11
"MSTRG.9299",184.947363105373,-3.56046584079189,0.594478671581498,-5.98922385444031,2.10844794152852e-09,3.0865658724144e-08
"MSTRG.9300",280.270113011044,-3.69727797794932,0.515095508734229,-7.17784937988459,7.0816513360159e-13,1.70581958999971e-11
"MSTRG.9304|VPE1",376.02075776817,-1.29837657359073,0.25818490044107,-5.02886331219466,4.93395937921247e-07,4.94266453753749e-06
"MSTRG.9306|STL1",497.091160971191,-1.60223631085016,0.177132542425893,-9.04540909822083,1.49105788084778e-19,6.6400106974e-18
"MSTRG.9307|RB38",843.876197655208,-1.06659726873502,0.27504680144444,-3.877875558391,0.000105372588774517,0.000659273284666377
"MSTRG.9308",381.224246284938,-1.12066329358941,0.26689439772744,-4.19890152484153,2.68212921757536e-05,0.000191127253702435
"MSTRG.9318|GGPS1",519.679507462722,-1.30827594931875,0.26142313572392,-5.0044382862134,5.60251565602379e-07,5.55638140358492e-06
"MSTRG.9359",8.51083154852629,-4.64068560431619,1.27890846000687,-3.62862999928178,0.000284929262261892,0.00161375326378324
"MSTRG.9358",17.7218649321426,-2.70576885442848,0.744021843770216,-3.63667932209814,0.000276175401130388,0.00156922141102666
"MSTRG.9363|PSR1",132.699980793474,1.16772211156634,0.215249536272479,5.42496923239892,5.79645237236332e-08,6.80414228148795e-07
"MSTRG.9364|OPR51",10.3879088110875,-6.82061979692964,1.54946760408838,-4.40191184309563,1.07301157082722e-05,8.29301796451687e-05
"MSTRG.9336",5.55270518550124,5.91205479360383,1.46285974074229,4.04143652938585,5.31247606662645e-05,0.000356061317484095
"MSTRG.9342",3.48374561235717,5.24281205375011,1.5635322976372,3.3531843644503,0.000798874735027829,0.00399890130273061
"MSTRG.9347|CYN20C",785.933168581793,-2.10258381145905,0.33700422872975,-6.23904281374806,4.40256495717778e-10,7.27567335646699e-09
"MSTRG.9335|GAPC1",4442.66230262452,1.4726480797888,0.418419056474257,3.51955308201744,0.00043227452536202,0.00232407859459094
"MSTRG.9337",68.1467664706088,1.50899185734962,0.34289013330334,4.40080279596347,1.07851110357649e-05,8.33147207223469e-05
"MSTRG.9344|SNRK2M",254.765169899753,1.87339671951385,0.445998616100349,4.20045410879108,2.66380159214437e-05,0.000189991555459449
"MSTRG.9345",253.876836905139,1.95617543008989,0.445726037572578,4.38873941657797,1.14009577413992e-05,8.7688643528188e-05
"MSTRG.9350",747.652394006106,-2.78524257022425,0.235792497961473,-11.8122611800794,3.37364446406565e-32,2.97967776053976e-30
"MSTRG.9351|HBD1",340.096934241043,-2.87165590600636,0.212010104130593,-13.5449011630007,8.4928133484685e-42,1.2163851046302e-39
"MSTRG.9367|ADK3",559.211194725168,-2.94992208457997,0.226231983266391,-13.0393680061868,7.30601346130587e-39,9.21833349268577e-37
"MSTRG.9369",79.7722020538418,3.15220559739112,0.418790025142215,7.52693571514908,5.19449277487961e-14,1.41893550060199e-12
"MSTRG.9390",115.96544396155,3.60035385618129,0.38694385062652,9.30458993042991,1.34510373072814e-20,6.68264347222373e-19
"MSTRG.9396|SMC4",119.565822507063,-3.66943950857889,0.509314676147108,-7.20466085198579,5.81884959769221e-13,1.41666264784243e-11
"MSTRG.9412",133.946296623865,2.79347616621985,0.261538348499313,10.6809428989997,1.24995559250687e-26,8.83190844874409e-25
"MSTRG.9402",82.8748643699333,4.90612182334241,0.455403885702165,10.7731224466341,4.61093244655117e-27,3.34393848318713e-25
"MSTRG.9405",534.929852713111,6.26661660272507,0.303526846945587,20.6460043511357,1.06035668977166e-94,9.36530591888327e-92
"MSTRG.9407",42.007984127488,3.54872882722358,0.485923850826026,7.30305545033665,2.81305180434925e-13,7.1555036136871e-12
"MSTRG.9408",517.051409097705,2.00500785704671,0.372255462381679,5.38610728293612,7.19999967692658e-08,8.30062326785923e-07
"MSTRG.9409|FAS2",421.706793457981,1.53018033995945,0.470817554333532,3.25004946369408,0.00115384937249024,0.0055070241140348
"MSTRG.9400|LTO1",106.452426504576,-1.23360617013428,0.257522745077295,-4.79028044596222,1.66548370236709e-06,1.50957011973957e-05
"MSTRG.9404|RIR1",675.54225627251,-2.56718330445129,0.461077577205948,-5.56779039225456,2.57989899557255e-08,3.2143600494994e-07
"MSTRG.9414",335.257038811177,-1.20780894919138,0.217098694361285,-5.56340954856874,2.64554017108164e-08,3.28841263798717e-07
"MSTRG.9430",29.6228542045421,2.78727036354921,0.691388206829328,4.03141149359706,5.54428750907867e-05,0.000370504761745829
"MSTRG.9432|RIR2",400.996839473577,-4.57051016343493,0.52588594501252,-8.69106734412937,3.5905011763031e-18,1.42348597757772e-16
"MSTRG.9441|LCAA1",537.295740781244,-1.80490769795684,0.227459391157387,-7.93507662520718,2.10365405749443e-15,6.59642844300717e-14
"MSTRG.9446",8.04698373536842,-6.45271558588691,1.40212915235543,-4.60208360624056,4.18285222257358e-06,3.50363459612617e-05
"MSTRG.9444|HDS1",1029.18415502313,-1.44003975472894,0.152620666431064,-9.43541781334951,3.894390443247e-21,1.97805173376168e-19
"MSTRG.9435",776.80460466445,-1.34280158313189,0.420071817579935,-3.196600026319,0.00139057603015159,0.00644906001381269
"MSTRG.9462",211.604758085521,1.89313034611779,0.216517962862889,8.74352557675144,2.25946703231325e-18,9.07096133326161e-17
"MSTRG.9463|SHD1",1365.78379400889,1.09808125490949,0.22498152174624,4.8807619683008,1.05676732118795e-06,9.98839885389183e-06
"MSTRG.9452",6.16873404471793,-4.15738602669288,1.41094602036204,-2.94652379800193,0.00321367689126504,0.0132223176028291
"MSTRG.9458|PTB7",70.0275298288172,-1.66917867659369,0.308781126149486,-5.40570175842164,6.45551371682214e-08,7.50217522441801e-07
"MSTRG.9459",18.5094105642706,-1.17885072090851,0.473104510766287,-2.49173426606972,0.0127121105032513,0.042093446393375
"MSTRG.9469",9.22541974439538,-4.76223353482983,1.38206759016218,-3.44573128602994,0.000569516371959592,0.00296469262652704
"MSTRG.9476",252.5862155948,-2.1254932649387,0.199908009200676,-10.6323567196602,2.10719187311032e-26,1.46288805234532e-24
"MSTRG.9474|ARC6",62.1891849959626,-4.47801110752401,0.511063468157851,-8.76214283847207,1.91573310079549e-18,7.74970097619509e-17
"MSTRG.9486",61.279769393181,5.91176051072638,0.661776331086076,8.93317006521566,4.13972579504392e-19,1.77873947809752e-17
"MSTRG.9484",24.2289439845697,-2.05550305565264,0.576460341969786,-3.56573194372558,0.000362842094847073,0.00199187279830068
"MSTRG.9485",103.806181359027,-3.29016554805637,0.365354487111969,-9.00540615790506,2.14868982971078e-19,9.46256811987314e-18
"MSTRG.9504",24.9038646005504,-3.17337261298759,0.632540996022143,-5.01686472962854,5.2521519190347e-07,5.23174882260737e-06
"MSTRG.9500",59.5838154239003,1.46960815506215,0.295872085214996,4.96703889450828,6.79829571631586e-07,6.61845102865827e-06
"MSTRG.9502",26.770344720524,1.46197622151886,0.4228088175879,3.45777136309349,0.000544663406300823,0.00285212741547117
"MSTRG.9496",18.0498785419763,-1.4085158692489,0.497610745934569,-2.83055758091307,0.00464669463376123,0.0181061645312588
"MSTRG.9513|PSAL1",4697.04886946319,-3.54983120551468,0.22995621565261,-15.4369874084088,9.23124470709851e-54,2.19042281124555e-51
"MSTRG.9522|FTSH1",3381.20143586728,-1.12724995407061,0.128400956067488,-8.77913988022115,1.64729550658759e-18,6.71505229839217e-17
"MSTRG.9530",259.04125028219,-1.0967713968075,0.220266914611422,-4.97928342412358,6.38201248790105e-07,6.24376827893236e-06
"MSTRG.9544",289.009534800887,-1.00466846204605,0.280732839149305,-3.5787350888142,0.000345261215846731,0.00191119874983681
"MSTRG.9550|GPD1",164.648756614855,-1.13278301608608,0.410493602321315,-2.75956314466355,0.00578787005535801,0.0217222752927483
"MSTRG.9556|CHLI2",679.2837326579,-1.40066593040507,0.226186282866907,-6.19253260034893,5.92050990226367e-10,9.54566280044126e-09
"MSTRG.9559|FBP2",1895.47121813069,-1.20450087145763,0.174726840029025,-6.89362247527363,5.43892494729828e-12,1.17165350693967e-10
"MSTRG.9560",697.012206103105,1.35914116889617,0.291579173259361,4.66131086697063,3.14201723946059e-06,2.67838016476914e-05
"MSTRG.9562|CPLD30",586.315428003342,-3.55141340081936,0.260539674961321,-13.6309888363321,2.62005936779023e-42,3.85682442862306e-40
"MSTRG.9563",12.0756811702781,2.82260122529297,0.714752991828993,3.94905828665392,7.84592472175215e-05,0.000508497803613598
"MSTRG.9566",4.96532673653276,5.75471678003432,1.45317849023653,3.96008943065048,7.49217004285978e-05,0.000487758064461035
"MSTRG.9579|PDS1",1045.76698357607,-1.2290776841947,0.152779561354836,-8.04477819739332,8.64017686315415e-16,2.75826369016917e-14
"MSTRG.9567",122.132467665155,2.28088751004253,0.409221055946671,5.5737295940602,2.49342663516313e-08,3.11639124574083e-07
"MSTRG.9568",186.719091808058,-1.00910479767376,0.234591877065318,-4.3015334132511,1.69620189933808e-05,0.000125599523966822
"MSTRG.9570|CHL27B",4091.74178522024,-1.29860891271964,0.283304877809776,-4.58378592969932,4.56631735998348e-06,3.78454126480845e-05
"MSTRG.9606|CGL144",27.2738364488573,-2.77045713402572,0.503428453143539,-5.50317948206196,3.73002341366333e-08,4.50949902892925e-07
"MSTRG.9613",103.216884436124,-1.51328148668838,0.247708330495287,-6.10912634089702,1.00178003862795e-09,1.55227086297341e-08
"MSTRG.9616",208.081548587072,2.07205783092981,0.384758051653933,5.38535274836432,7.23027073188083e-08,8.3294814561914e-07
"MSTRG.9615",124.760761918527,-4.47921247924147,0.665297162391125,-6.73264930687944,1.66601281697396e-11,3.32742107591106e-10
"MSTRG.9592|PSBP3",468.162847548745,-2.46946509077456,0.165473769238652,-14.9236045213487,2.31426569395098e-50,4.65724000030793e-48
"MSTRG.9596",193.289871805819,-1.03140589138042,0.275169290888218,-3.74825943713105,0.000178066014198879,0.00105788247149992
"MSTRG.9597",31.8101932530753,1.22376941757508,0.473516988994385,2.58442557715621,0.00975413530902493,0.0336891686167452
"MSTRG.9599|LHCA2",6546.96987989735,-4.62605265257054,0.246486005507078,-18.768013393108,1.3794838666096e-78,7.3103448371198e-76
"MSTRG.9636",14.5436246151466,2.04934370826817,0.579151975841267,3.53852493603483,0.000402369275493283,0.0021809978662776
"MSTRG.9637",16.877739883601,1.93584175457555,0.53436633136558,3.62268661206345,0.000291558978058779,0.00164544005437645
"MSTRG.9633",56.5212162289841,5.04026119579378,1.69581016723532,2.97218479590256,0.00295688651900374,0.0123155834108257
"MSTRG.9641",13.6093391919605,1.82759762401536,0.585648041574412,3.12064157015225,0.00180457533845852,0.00808828269828407
"MSTRG.9640",413.61653346646,-1.92034926604705,0.292946302528044,-6.55529443271678,5.55321988153006e-11,1.03620997272963e-09
"MSTRG.9645",51.4385071243319,1.12702160143382,0.309010973173643,3.64718957990048,0.000265124313922736,0.00151398934724988
"MSTRG.9630",62.7423979197064,1.21229153606775,0.315396846935527,3.84370214175149,0.000121192086503958,0.000750277177274112
"MSTRG.9624",65.6942577856263,1.72719863501723,0.307787459830022,5.61166018905088,2.00394660762997e-08,2.54462804857039e-07
"MSTRG.9625|LCS3",515.223975893023,-1.84808094981454,0.253528101917389,-7.28945207982004,3.11218102967853e-13,7.82871107750462e-12
"MSTRG.9658",701.488500225254,-1.26223332974702,0.214069208548429,-5.89637967228464,3.71563484408338e-09,5.24145188564663e-08
"MSTRG.9668|UOX1",474.274413586881,3.36080416481657,0.315319209085611,10.658418732441,1.5928250189046e-26,1.11064614695374e-24
"MSTRG.9669",158.410547664486,1.69298473203931,0.315338076157246,5.36879260719244,7.92655060688855e-08,9.06592097469886e-07
"MSTRG.9666",1115.94136268181,2.18466956388248,0.403741960935548,5.41105402772646,6.26548636204709e-08,7.30269077594023e-07
"MSTRG.9662",51.2174706861157,-5.64177627177334,0.789132800212583,-7.14933693068329,8.71980647241568e-13,2.08462380899947e-11
"MSTRG.9661",125.753374345383,1.66503617062186,0.247331667955522,6.73199750110966,1.67349517200678e-11,3.33817142340825e-10
"MSTRG.9662|FAP288",28.1866934530025,1.09386185254835,0.416479555297692,2.62644789794419,0.00862812003957422,0.030459798550273
"MSTRG.9673",79.0251712358541,1.59659523350398,0.277826310745246,5.74673877798413,9.09811191188627e-09,1.2164994379745e-07
"MSTRG.9678|LAG2",138.013570047796,1.36296154568731,0.274747158454682,4.96078486617767,7.02089161986376e-07,6.81845662630385e-06
"MSTRG.9681",12.3422626876408,-7.06924252871571,1.33855464578906,-5.28125060187477,1.28305049568325e-07,1.40772510561576e-06
"MSTRG.9684",187.278060893533,-1.1793133465045,0.210270525716058,-5.60855280352987,2.04025452786575e-08,2.58660019808689e-07
"MSTRG.9688",75.1576786578881,-1.03852004952125,0.288533437585965,-3.5993057103194,0.000319067917379444,0.0017842215091447
"MSTRG.9701",8.58556628125073,4.6461270381393,1.21502453247973,3.82389566131399,0.000131359521704557,0.00080352199925319
"Cre12.g501750_4532.v6.1",11.3842725246987,1.82515396619339,0.650652084870608,2.80511506630513,0.0050298620098481,0.0193619240272555
"MSTRG.9716",28.1972787711901,1.11921799459182,0.407833665171914,2.74430016492149,0.00606400621685892,0.0226038853072973
"MSTRG.9717",52.5644675143062,1.87745836042759,0.347927251694314,5.39612333119888,6.80961476608281e-08,7.8848693045291e-07
"MSTRG.9713",107.654638129716,2.91572015008221,0.437953728363383,6.6575986485562,2.78337586344168e-11,5.38978190950009e-10
"MSTRG.9704",242.02161491258,1.62183573172459,0.380126328971148,4.26657036915665,1.98500902488696e-05,0.000145159491617539
"MSTRG.9753",116.824004773975,2.00878229474122,0.254629359730261,7.8890442833034,3.04509464875489e-15,9.30979129344332e-14
"MSTRG.9760",246.702959398884,-1.14080202421629,0.253175188662505,-4.50597876609873,6.60676943400757e-06,5.31281843509622e-05
"MSTRG.9724",33.1183017608675,-4.7577928092861,0.787266766230739,-6.04343154489471,1.50870404454521e-09,2.26490811144285e-08
"MSTRG.9742",30.6052324973042,8.37719949637894,1.23476398245599,6.78445404579781,1.16526317869992e-11,2.40589013181446e-10
"MSTRG.9719",4169.33754444074,-3.07811831989751,0.252060009334554,-12.2118472026715,2.68718039421557e-34,2.70384771564804e-32
"MSTRG.9720",96.8035571743474,-2.11943871218061,0.303689281241436,-6.9789710835913,2.97349665494406e-12,6.67692794072044e-11
"MSTRG.9721",219.836474826651,-2.17426024372589,0.291224769324034,-7.46591798758258,8.27208590847593e-14,2.2052921765945e-12
"MSTRG.9722|SDIR1",107.41293870342,1.87365578193023,0.390190916174352,4.8018949295401,1.57171161652927e-06,1.43521374380139e-05
"MSTRG.9727|TMU3",40.1759548432968,-1.55456556020361,0.456007863886751,-3.40907620968064,0.000651832674080544,0.00334285027501048
"MSTRG.9731",71.0470127645662,4.42000425703831,0.435280697366198,10.1543768969838,3.16827513474141e-24,1.98304086976846e-22
"MSTRG.9732",525.401742978637,-1.36077788129294,0.188551531294195,-7.21700784900939,5.31439107420302e-13,1.3018210985775e-11
"MSTRG.9735|VMA21",134.610848878375,2.76017372046205,0.274865115938506,10.0419207837184,9.97132905971996e-24,6.07372373147233e-22
"MSTRG.9736",1371.74931143646,1.93779288571883,0.286030578226182,6.77477526261721,1.24599791551954e-11,2.55928615774285e-10
"MSTRG.9737|SMT1",753.794614539931,-2.05065795820172,0.322760480628717,-6.35349765933909,2.10473392183142e-10,3.59796342895439e-09
"MSTRG.9741",9.08600612216778,-5.63605494753941,1.35169960068092,-4.1696061348988,3.05126495758324e-05,0.000214736654695256
"MSTRG.9744",71.0123514969663,1.22397579991135,0.376454961058395,3.25132067982361,0.00114870212616668,0.00548904911385571
"MSTRG.9791",222.384347180714,1.91684539160794,0.192610319968905,9.95193503607385,2.47326583885348e-23,1.45629556689232e-21
"MSTRG.9792",73.2528951055523,3.35117848055323,0.362351030770481,9.24843093016043,2.27812203505931e-20,1.09698569225432e-18
"MSTRG.9787",146.435245135729,1.30160746675869,0.374915581161962,3.47173479086856,0.000517106918694019,0.0027284984379016
"MSTRG.9809",744.903101911769,2.12614511539316,0.356318651380196,5.96697676969072,2.41689802865498e-09,3.50902692781341e-08
"MSTRG.9797|CEP95",20.5442575248856,-2.95266847763186,0.693865396689089,-4.25539087511941,2.08684126251503e-05,0.000152046757064455
"MSTRG.9796|CAS1",1584.89143403474,-1.25022204146678,0.168267493533071,-7.42996769736197,1.08624203290248e-13,2.8449877823861e-12
"MSTRG.9810|SSD2",123.22527538805,2.04201559910839,0.317559798431025,6.43033409517648,1.27323780964459e-10,2.2641985120503e-09
"MSTRG.9813",532.551463686994,2.08723214753454,0.323513886995466,6.45175441128372,1.10562648521514e-10,1.98165161916012e-09
"MSTRG.9776|DEG1C",314.271536895254,1.32249815075481,0.413366393445069,3.19933640403826,0.00137744338012383,0.00639001892535997
"MSTRG.9770",168.717533241546,1.1414497946672,0.460957977161934,2.47625564849745,0.0132768472145001,0.043637650819955
"MSTRG.9772|ALK3",242.468059522183,-2.01399903299432,0.333393358379979,-6.04090928139876,1.53248128778433e-09,2.29626649511737e-08
"MSTRG.9773",218.860648688151,-1.515175412621,0.323234222237261,-4.68754639324306,2.76500033273926e-06,2.38642645439135e-05
"MSTRG.9775|CHLM1",160.132391969497,-2.2770506112947,0.273824303017959,-8.31573598909282,9.11846059243897e-17,3.13777676403885e-15
"MSTRG.9777",255.80947897644,-1.04357618558888,0.360956046554744,-2.89114476831629,0.00383841259438975,0.0153323270584453
"MSTRG.9779|SRE1",226.14365164282,1.39184921677745,0.240153239410585,5.79567121473569,6.80484635543356e-09,9.22280028633271e-08
"MSTRG.9819",265.804448429682,-1.15704317354336,0.355554206099006,-3.2541962763933,0.00113713683439767,0.00544524138351027
"MSTRG.9838",221.079867725658,-1.08418359058083,0.412821879710886,-2.62627453598177,0.00863251607770652,0.030459798550273
"MSTRG.9831",2422.21564050248,4.05078468521445,0.177422441482143,22.8312982922296,2.24198554433472e-115,4.45538577297918e-112
"MSTRG.9835",394.944757388031,-3.16499983644004,0.294531958447356,-10.7458621914054,6.19800966659891e-27,4.43855665223376e-25
"MSTRG.9826",14.8749792336122,-1.45164379170411,0.56803843295239,-2.55553798386347,0.0106023788771296,0.0360703230020557
"MSTRG.9831|SUFD1",339.329038058979,-1.35543194612501,0.198770027060825,-6.81909624991013,9.16150080802652e-12,1.91392299403424e-10
"MSTRG.9832|LAG1",375.574882219363,1.99424881682042,0.485579095794315,4.106949483808,4.00918868134691e-05,0.000275564555365557
"MSTRG.9834",398.251910705237,-2.7591919113041,0.220602483856232,-12.50752875975,6.79040215462002e-36,7.39409681192802e-34
"MSTRG.9864|PCN1",441.370327646977,-2.88265639610106,0.463724344243775,-6.2163145667972,5.08967211344841e-10,8.31609529903421e-09
"MSTRG.9867",278.389204714805,1.41368958359804,0.219755834728395,6.43300135964661,1.25108531601659e-10,2.22729612027231e-09
"MSTRG.9868",27.4714272974028,-4.45866988238918,0.818456405322252,-5.44765714263505,5.10376182384873e-08,6.05519443847367e-07
"MSTRG.9900",10.5722882438844,1.93836306500888,0.699282647876549,2.77193073629803,0.00557248923744007,0.0210881775522071
"MSTRG.9901|NYC1",151.737833099089,2.70699377660751,0.325204326416353,8.32397836288867,8.50591400518075e-17,2.93334101636363e-15
"MSTRG.9905",71.8088737159078,1.75717820374466,0.370063284297763,4.74831813450259,2.05115214439927e-06,1.81565795053784e-05
"MSTRG.9906",25.1432829455571,2.00249227857202,0.509512337891102,3.93021351918668,8.48704605367047e-05,0.000541656578945803
"MSTRG.9876",407.87621621474,1.31696834352053,0.183034188118458,7.19520411491758,6.23673941739456e-13,1.51608078375747e-11
"MSTRG.9889",153.690621615524,-1.35247899258717,0.239251914090613,-5.65294951861887,1.57717639344468e-08,2.0368765477647e-07
"MSTRG.9890|APSR1",778.569146657227,-1.1201405177871,0.207648365165311,-5.39441048281473,6.87488904286593e-08,7.94887170934419e-07
"MSTRG.9924",198.970651015689,1.86782760154811,0.324844150858966,5.74991914310025,8.92861392057414e-09,1.19584754936215e-07
"MSTRG.9925|PAI1",50.1985882292765,-1.79558341284785,0.332024327550563,-5.40798749927265,6.37368720366657e-08,7.41792673234928e-07
"MSTRG.9926",310.658863243497,-1.1006515091285,0.250408685915325,-4.39542065046689,1.10558445693339e-05,8.52404543953786e-05
"MSTRG.9928|PSRP7",3290.20712507188,-1.11198814288802,0.165379448998116,-6.72385928012551,1.76973354927912e-11,3.49072257648131e-10
"MSTRG.9929|TEF9",805.904405235262,-2.01862631657115,0.192424496208725,-10.4904851323167,9.55365888400401e-26,6.30224352439401e-24
"MSTRG.9937",25.7983245748875,-5.68270189830031,1.04678627836222,-5.42871263768506,5.67619906203861e-08,6.67951241216061e-07
"MSTRG.9941",63.6290285840327,-1.47512353668617,0.47550018197337,-3.10225651347654,0.00192051464230786,0.00850009515128349
"MSTRG.9930",50.3850867932357,1.42159874459763,0.423591355769164,3.35606174497179,0.000790609155203338,0.00395877302344021
"MSTRG.9944",229.284982383363,-1.53433263643496,0.218449975823649,-7.02372536618449,2.16029243084563e-12,4.94875058581901e-11
"MSTRG.9981",83.3608996874372,-3.4605174025573,0.543138541497027,-6.37133463778733,1.87390265252109e-10,3.23818525758481e-09
"MSTRG.9979",120.739482347133,-1.76936428205923,0.31408756935707,-5.63334704929928,1.76745273629113e-08,2.26604545173842e-07
"MSTRG.9983",227.431927006707,-1.61997220496634,0.345065492896874,-4.69468039636894,2.67023877342359e-06,2.31343084577047e-05
"MSTRG.9973",287.525279329065,3.06379586383943,0.282344626953039,10.8512632129848,1.96688014990967e-27,1.46118974875065e-25
"MSTRG.9978",1473.0285661968,2.85951217860374,0.56111185031272,5.09615360468695,3.46623915477893e-07,3.56444179059997e-06
"MSTRG.9987",85.4292834638884,1.38751845918229,0.367562223255742,3.77492128242158,0.000160058198519082,0.000961679984904146
"MSTRG.9992",14.6287137355539,3.76964365286116,0.965700546647718,3.90353269028054,9.47987390490002e-05,0.000597585389929027
"MSTRG.9993",41.8764720586269,3.96912186572107,0.571379616716759,6.94655838184829,3.74305072030394e-12,8.24196957775513e-11
"MSTRG.9991|MIND1",241.041497959005,-5.33464202050656,0.564842315999356,-9.44448011312354,3.57172958277784e-21,1.81997938804494e-19
"MSTRG.9960|POB5",8.71546796605367,-3.97946645583502,1.20877895451852,-3.29213744246576,0.000994290067420989,0.00484289935412343
"MSTRG.9952",5.69445317707941,2.90320620689009,1.0652131350103,2.72546977827307,0.00642100544738997,0.0237453232385684
"MSTRG.9953",142.617819372277,1.02821935460133,0.223085859566686,4.60907453569003,4.04465323448013e-06,3.39323995365515e-05
"MSTRG.9969",131.099166562768,1.02312661741729,0.252093705278113,4.05851711485047,4.93853146208049e-05,0.000333529197893609
"MSTRG.10000",5.8392890564603,2.93743221759231,1.04348261756415,2.81502745532005,0.00487730668667839,0.0188705052408819
"MSTRG.9998",85.4130379239287,1.50697337645136,0.287475723277382,5.24208917285617,1.58768603009181e-07,1.72293737245048e-06
"MSTRG.9999|OST1A",513.783090046017,-1.1194731637149,0.350412217769891,-3.19473210962647,0.00139960689554564,0.00648108722643854
"MSTRG.10020|PYG7",375.417164887195,-1.00312537770813,0.17980524743087,-5.57895496400242,2.41967872768636e-08,3.03615251876541e-07
"MSTRG.10041",19.391176017292,7.71489493359391,1.2950243062361,5.95733601017631,2.56382765722729e-09,3.71217960788702e-08
"MSTRG.10042|GCP2",54.5276295269195,-1.50309814916833,0.512915478661171,-2.93049871119462,0.00338418397469969,0.0138024004181056
"MSTRG.10013",10.3194837340125,-1.65424579555696,0.641302893689277,-2.5795077674458,0.00989412334178296,0.0340895068885118
"MSTRG.10015",32.133876330918,-3.66421529976573,0.672252789419789,-5.45065094178077,5.01857869320281e-08,5.96749170265806e-07
"MSTRG.10051",26.3540000218757,1.29789889403684,0.472823328921908,2.74499758080084,0.00605113437704014,0.0225664870575145
"MSTRG.10052",3.27487851215784,5.15692184952401,1.59658583833502,3.22996842744255,0.00123803888958845,0.0058439258511512
"MSTRG.10053",46.8744905355741,1.34135464191293,0.332358527931053,4.03586647907885,5.44011494374835e-05,0.000364002303769829
"MSTRG.10060",48.0386471793754,1.40953373795878,0.328582653779202,4.28973873619619,1.78883429829219e-05,0.000131783538805604
"MSTRG.10059",71.9865617514643,1.29929205290502,0.403071310611443,3.22347936630381,0.00126643422095912,0.00595849992447711
"MSTRG.10065",300.796195040681,1.67481826096679,0.172178193283515,9.72723797960272,2.30773921783102e-22,1.29184641144639e-20
"MSTRG.10034|SMC6A",163.03987437576,-2.23102574359833,0.400268235174859,-5.57382661810198,2.49203762450441e-08,3.11639124574083e-07
"MSTRG.10068|RBM8A",69.8615065669292,-1.9476454869304,0.412168915806598,-4.72535752270142,2.29710846525112e-06,2.01764808732388e-05
"MSTRG.10069",27706.2620043595,5.02175137185955,0.241560074967667,20.7888301596682,5.46263568687982e-96,5.42781138437596e-93
"MSTRG.10088",2.29857748763174,4.64562034453548,1.7335752177302,2.67979162197419,0.00736680033815112,0.0267025517044976
"MSTRG.10089",550.025121323197,2.80019084084476,0.372250118414058,7.52233700495449,5.38056755859046e-14,1.46724293390173e-12
"MSTRG.10076",1842.64057677108,3.26789368447745,0.481075161640824,6.79289629780824,1.09904385222837e-11,2.27211952701257e-10
"MSTRG.10077|RFC5",85.0422483186241,-1.44156955149916,0.484224107256844,-2.97707100884697,0.00291016598774702,0.0121471913124083
"MSTRG.10081",44.868041455113,-1.03281932099599,0.393028409195273,-2.62784902269708,0.00859266429802292,0.0303569282244374
"MSTRG.10095",27.8947170461596,-1.40578583999783,0.479869143252081,-2.92951914030311,0.00339486904435887,0.0138353314707042
"MSTRG.10091|FAP303",2417.62155935935,-2.0562851511845,0.259175988203736,-7.9339338703247,2.12311177076857e-15,6.64433679757454e-14
"MSTRG.10092",94.1498897255841,-1.30878138210263,0.333827086222029,-3.92053681717176,8.83519359693338e-05,0.000562522658406275
"MSTRG.10104",13.3621387160936,3.40009464988719,0.811055841619032,4.19218317088983,2.76282777639809e-05,0.000196174345641701
"MSTRG.10109|DLX1",97.4988211883777,-1.03480842899464,0.276419794420487,-3.74361188989419,0.000181393770394884,0.00107584407494916
"MSTRG.10113",36.4938389536526,-1.02585500606809,0.394693008614048,-2.59912130105964,0.00934627401416794,0.0325064677920022
"MSTRG.10108",83.8608581311941,-1.46977511644591,0.328095130282183,-4.47972243654396,7.47401663064473e-06,5.9559857841599e-05
"MSTRG.10121",141.738239226101,-1.30907239738661,0.359503719523226,-3.64133199824107,0.000271231095978588,0.0015438710934005
"MSTRG.10145",5.69709640634862,2.9042210767426,1.00862197004111,2.87939501915096,0.00398438925839225,0.0158478409882212
"MSTRG.10150|AMT1H",136.666109660609,6.33952289582185,0.529038320962583,11.9831071675245,4.35682393468287e-33,4.12290398295168e-31
"MSTRG.10156",259.405830342678,-1.93201885828244,0.367595887692343,-5.25582282873477,1.4736410585586e-07,1.60465380472361e-06
"MSTRG.10166|CTAP3",382.368627136447,-1.6568823711122,0.273220473698704,-6.06426871559905,1.3255537558535e-09,2.00949683686727e-08
"MSTRG.10135|IRT2",17.2965844175824,-2.63795907841558,0.877008745684735,-3.00790509945938,0.00263055269259146,0.0111521404551517
"MSTRG.10136|IRT1",43.2492917298005,8.87350740173851,1.25019806111713,7.09768130164072,1.26867320744544e-12,2.9573851395847e-11
"MSTRG.10144",405.97182235476,-1.29064181990357,0.195443588219842,-6.6036539323654,4.0114534939706e-11,7.6398072873237e-10
"MSTRG.10128",171.401208680046,1.11742884484427,0.37500173632449,2.97979645586855,0.00288439974865459,0.0120674176852923
"MSTRG.10134|FKB16C",485.182930951095,-1.38644462878748,0.17608322078697,-7.87380320845472,3.44019921153237e-15,1.04975598973017e-13
"MSTRG.10180",187.814676474948,4.00643197626051,0.26971096992112,14.854538461792,6.50141419040785e-50,1.26048149755005e-47
"MSTRG.10181|PHR3",7.4396561610112,4.41562501218857,1.23828206470245,3.56592826308084,0.000362570548052877,0.00199106962796015
"MSTRG.10187",623.972659193278,1.70790532618313,0.36351439815756,4.69831548582255,2.62316019612384e-06,2.27760790813636e-05
"MSTRG.10186",15.6820166399489,-7.41499947817988,1.35919093826887,-5.45545093732305,4.88487184653864e-08,5.81285124373288e-07
"MSTRG.10204|CON2",715.221944381117,-1.05644031806556,0.303320008011639,-3.48292328287499,0.000495970471304275,0.00263505647503577
"MSTRG.10198|CYN22",37.037289133014,-1.57932176394901,0.460356721613367,-3.43064777769316,0.000602141893757801,0.00311514865830183
"MSTRG.10208",25.9249556700298,-3.11983089026611,0.631664018287727,-4.93906697222226,7.84972516412839e-07,7.55874807143023e-06
"MSTRG.10207",72.6202584569532,-2.23657440360402,0.460013803067709,-4.86197237710891,1.16221844219486e-06,1.09008547457309e-05
"MSTRG.10209|HCD2",211.836589202254,-1.97151463233879,0.196585282057248,-10.028800791733,1.13891409053739e-23,6.85850614066794e-22
"MSTRG.10210",103.311933475192,2.36059040083619,0.345953737105799,6.82342795480275,8.8893331602445e-12,1.86195808407862e-10
"MSTRG.10211|CGL86",506.066040384293,-3.29440230397749,0.217524978018825,-15.1449379927871,8.1831771000628e-52,1.80689096578887e-49
"MSTRG.10212",117.404314240733,-1.65990649897205,0.400378732777559,-4.14584083289521,3.38568963609248e-05,0.000236284871969263
"MSTRG.10226",78.484440569932,-3.8375161350818,0.473724171436119,-8.10073955789119,5.46260825309376e-16,1.77960135261649e-14
"MSTRG.10228",183.895318610027,1.55414263714982,0.330267004213505,4.70571573097602,2.52976825022267e-06,2.20440867146519e-05
"MSTRG.10216|FKB19",235.286154101812,-2.03590056820436,0.267065899089147,-7.62321425216769,2.47435677111393e-14,7.062356184411e-13
"MSTRG.10214|TOM20",278.545386557491,-1.33983190895258,0.504507439624618,-2.65572279756566,0.00791386374423798,0.0283238644317639
"MSTRG.10218|GCSP1",2615.02399734042,-1.92364789394116,0.348407067333168,-5.52126542284418,3.36566918755404e-08,4.10647803098496e-07
"MSTRG.10223",381.524272601635,-1.41305742262704,0.43716839392307,-3.23229547759964,0.00122800005884631,0.00580515757821549
"MSTRG.10244",38.7845688770834,-1.18730774812775,0.383782556113537,-3.09369909917559,0.00197677864751271,0.00870549222663632
"MSTRG.10246",43.0708912384685,-1.03882452543598,0.376256285859577,-2.76094929035599,0.00576336243080116,0.0216719175192016
"MSTRG.10252",9.50905342892338,1.8932526445897,0.707505684974939,2.6759539672911,0.00745168791718187,0.0269430164794369
"MSTRG.10251",50.9832231423422,-3.05243813528273,0.472388217103658,-6.46171522651022,1.03522781024699e-10,1.86177055738762e-09
"MSTRG.10253",237.245533065263,1.2182989446519,0.266126778235081,4.57788935308013,4.69691006486521e-06,3.87099410115226e-05
"MSTRG.10254|CGL52",558.163425290405,-1.92258915232854,0.396917331623729,-4.84380247257914,1.27377568372307e-06,1.18423893683213e-05
"MSTRG.10242|FAP126",82.2656596733535,-1.2865238822997,0.359892660937969,-3.5747433108158,0.000350571667292142,0.00193587647329297
"MSTRG.10267",238.433650982509,3.97917909779173,0.273846055669918,14.5307153979536,7.74077695818141e-48,1.3827288997884e-45
"MSTRG.10290",45.9934078662725,2.00267940235364,0.34610668533047,5.78630661364265,7.19508318217082e-09,9.74339288161428e-08
"MSTRG.10291|UPM3",59.9324385399074,1.8221297547407,0.327290644931481,5.56731389350334,2.58696136823788e-08,3.22063522570445e-07
"MSTRG.10292|CPLD62",369.019043911905,-1.82626092994049,0.214451337222743,-8.5159689540365,1.65203090725877e-17,6.09373256696055e-16
"MSTRG.10277",29.6980446383991,4.06596622348572,0.634891011481718,6.40419560200813,1.51164214774804e-10,2.65841668859495e-09
"MSTRG.10278",142.497452012241,1.21260797843611,0.265992470462241,4.55880565464445,5.14453501770457e-06,4.21369488467116e-05
"MSTRG.10276|CCB2",111.0725328099,-1.07478642861376,0.259390434694059,-4.14350833669495,3.42032631129198e-05,0.000238492753056666
"MSTRG.10318",341.206408268372,1.55750685189413,0.381237725907021,4.08539540043837,4.40018199706176e-05,0.000300103360743406
"MSTRG.10319",23.72913324924,2.29197898793858,0.492693004236139,4.65194140820412,3.28824518888411e-06,2.80002795998284e-05
"MSTRG.10320",354.480480604241,2.6395423416804,0.222911842876761,11.8411938442395,2.39026031736621e-32,2.15911127985727e-30
"MSTRG.10321|MTF1",125.407927452172,1.14011709255369,0.224205677813812,5.08513925102505,3.67356444449277e-07,3.75819353529898e-06
"MSTRG.10315",490.748257224533,1.17388867113278,0.26465089643544,4.43561192100151,9.18111158712544e-06,7.18313543366733e-05
"MSTRG.10305",77.73508181404,-1.38855908969937,0.316757229561031,-4.38366976382406,1.16696631672336e-05,8.95387572551544e-05
"MSTRG.10312|CYN28",126.472744656189,-2.12990946969413,0.296568988994391,-7.18183474582506,6.87820313668907e-13,1.66184914083713e-11
"MSTRG.10313|PSAG1",1051.4637427081,-4.74004053890855,0.321597838649627,-14.7390310793497,3.61940287115916e-49,6.69084498205679e-47
"MSTRG.10314|CPLD35",248.325270876449,-2.27129413759577,0.20263201450615,-11.2089599618862,3.68497764925978e-29,2.88590022994739e-27
"MSTRG.10353",202.565344554116,2.90953885228483,0.271849935329301,10.7027388061005,9.88136233823162e-27,7.013120466661e-25
"MSTRG.10355",10.7859747764395,-1.50521567742016,0.619204830842341,-2.43088490665121,0.0150619982470362,0.0485809795356829
"MSTRG.10366",13.3664034218641,-2.23987592271455,0.658171090257982,-3.40318187150486,0.00066605928205188,0.00340482651641826
"MSTRG.10335",39.1368755280887,-1.49999755993616,0.484806144103948,-3.09401516086097,0.00197467395345885,0.0086986330041809
"MSTRG.10342",61.8237723082317,1.26335374488409,0.282654141848718,4.46960987948394,7.8362394591975e-06,6.22398537105825e-05
"MSTRG.10347",27.4845802505602,-2.35349045634902,0.546839925712189,-4.30380143381795,1.67892151782913e-05,0.000124552003221873
"MSTRG.10349",19.4211329356473,-4.84465673758506,1.01284457453102,-4.78321833320606,1.72510567329629e-06,1.55822505092581e-05
"MSTRG.10383|CPLD8",118.117006284876,-3.63287364497304,0.314300623494197,-11.5585950946741,6.67925935679172e-31,5.58878238180394e-29
"MSTRG.10384|ATG12",78.2959649292999,1.06890383446738,0.35281430865229,3.02964989869734,0.00244837371906526,0.0105087055576943
"MSTRG.10372|CDI1",178.211567757894,-1.78778909401926,0.234705953866147,-7.61714419498209,2.5934956527604e-14,7.3604524622423e-13
"MSTRG.10374|DGTT1",138.610299482354,6.36429243424119,0.516970062428314,12.3107562638092,7.92768304080396e-35,8.07623254252922e-33
"MSTRG.10377",239.505855648178,-3.45458669339052,0.553607776073612,-6.24013397696779,4.37196269025509e-10,7.23261840267174e-09
"MSTRG.10424",9.16697110142072,2.18115078132365,0.734257340320621,2.97055359415437,0.00297263532196204,0.0123714545415059
"MSTRG.10401|PRPL9",1510.66962856965,-1.10345835774117,0.186222820510636,-5.92547333734615,3.11399108696906e-09,4.45600632768984e-08
"MSTRG.10406",27.0612399360472,-1.43278833544277,0.519800879084431,-2.756417684338,0.0058438319683092,0.0218961208183313
"MSTRG.10389",348.80365531584,2.55753313941582,0.243776894346806,10.4912860846335,9.47300800592056e-26,6.27507838658855e-24
"MSTRG.10400|SPAG1",137.775708337221,-1.08448741347514,0.317658726374094,-3.41400164212074,0.000640161899304543,0.00328963231474358
"MSTRG.10407",272.305165726125,1.4778199930274,0.225703808129828,6.54760770441827,5.84660541764442e-11,1.0858566931041e-09
"MSTRG.10408",1690.33138065873,3.56931505059944,1.29871467049239,2.74834429124156,0.00598970769691876,0.0223741477832741
"MSTRG.10409",35.250728451799,-3.08895312543589,0.634549221602417,-4.86794880566619,1.1276253048206e-06,1.06076846722117e-05
"MSTRG.10412",49.3104795152385,-2.37466325911654,0.842438387562441,-2.8187975455244,0.00482039111654522,0.0186868027239298
"MSTRG.10429",342.701886079892,1.94788406711409,0.342224178651235,5.69183648797417,1.256801824321e-08,1.64314435880388e-07
"MSTRG.10426|PRK1",1873.21440973735,-2.68436876208994,0.309021232800991,-8.68668064572336,3.73183311153921e-18,1.47217575204095e-16
"MSTRG.10435",56.2595628736645,-3.98185712234904,0.776853002541088,-5.12562493718165,2.96552435893702e-07,3.08546506926575e-06
"MSTRG.10454|NUP53",42.3086171689945,-1.41013788265974,0.444246483694911,-3.17422407248172,0.00150237660074798,0.00689315532429766
"MSTRG.10455",120.039223868781,1.33084628162812,0.318164573556222,4.18288644380751,2.87831179915037e-05,0.000203556054194362
"MSTRG.10456",105.653506002987,1.70108653971624,0.29725020566709,5.72274302013906,1.04817752268762e-08,1.38866052130732e-07
"MSTRG.10457",104.246047351665,1.76649527134429,0.30938317337407,5.70973285999769,1.13153641445987e-08,1.49287683959195e-07
"MSTRG.10448|CMD1",43.598456599635,-1.54038012399351,0.362284397722959,-4.25185333311386,2.1200869367395e-05,0.000154327573810826
"MSTRG.10449",113.699350593116,3.48572850960184,0.294810408762805,11.8236276806846,2.94678997879148e-32,2.63191388105769e-30
"MSTRG.10464",138.087112662824,1.1375641851083,0.27874480280691,4.08102383848319,4.48377556392928e-05,0.000305150102377344
"MSTRG.10461",257.308014627045,1.16089593054919,0.25744725172315,4.50925742177889,6.50549328823857e-06,5.23932787722476e-05
"MSTRG.10462",60.289842939404,2.74799303359384,0.438582501836206,6.26562396376704,3.71335454145935e-10,6.20114606093705e-09
"MSTRG.10463",45.5293371742631,3.44635212629745,0.435299015537764,7.91720634157618,2.42906451170729e-15,7.55719522644276e-14
"MSTRG.10465",85.3150381894661,2.73206242228118,0.40894725634102,6.68072075290541,2.37769918618812e-11,4.64381592899493e-10
"MSTRG.10473",283.053187345998,-1.28891888829868,0.517886203992444,-2.48880715176859,0.0128172469226188,0.0423811546538671
"MSTRG.10570",144.477236684117,1.35411606252239,0.302962713564586,4.4695799248369,7.83733693092483e-06,6.22398537105825e-05
"MSTRG.10571",104.718194935018,1.17438244762518,0.465134763846885,2.52482192023765,0.0115756930502412,0.0388577635373171
"MSTRG.10572|CGL2",161.856138364151,1.71974488881918,0.444072493867138,3.87266699147034,0.00010765086883582,0.000672468963753189
"MSTRG.10562",114.306957478959,-1.06630067208615,0.289666379819394,-3.68113369853619,0.000232199199585383,0.0013433416575722
"MSTRG.10566",159.492775561577,1.22102879211081,0.297250769144722,4.1077397230092,3.99549992095628e-05,0.000274918771812619
"MSTRG.10575",104.103478391326,1.24007010307018,0.255731197248874,4.84911546346597,1.24013223586383e-06,1.15837968776517e-05
"MSTRG.10583|FEA2",260.132572454276,-6.05158417553001,0.673527942013856,-8.98490440862143,2.58959308124586e-19,1.13102612103425e-17
"MSTRG.10591|PETM1",1401.94496257371,-2.65549591941579,0.277743442571385,-9.56096710990135,1.16661382952074e-21,6.2658198181489e-20
"MSTRG.10593|DXR1",459.841058015441,-1.03343699608679,0.224710849722485,-4.59896350070801,4.24598156823919e-06,3.54903338443042e-05
"MSTRG.10607",34.7275464302018,-2.03648262447625,0.396350828411833,-5.13808090836187,2.7755838353522e-07,2.89732316575373e-06
"MSTRG.10584|FEA1",2228.81128346539,-5.85159256539751,1.00111836803205,-5.84505564202192,5.06398969685331e-09,7.00063549570208e-08
"MSTRG.10585|TEF22",430.007799635997,-4.61756034576534,0.583195293578145,-7.91769137476178,2.41961040263361e-15,7.54254238844492e-14
"MSTRG.10620|CYN20B",303.852039075455,-2.22066173125912,0.247328039673549,-8.97860887180524,2.74211704908284e-19,1.18785223014493e-17
"MSTRG.10631",103.293737701836,-1.48168393869554,0.313326153617988,-4.72888688539557,2.25754106976583e-06,1.98728615321911e-05
"MSTRG.10641",38.0899352324223,-1.35933012958729,0.415707682835185,-3.26991822791551,0.00107578577855317,0.00518582240977513
"MSTRG.10615",92.8374419569909,1.11657671247907,0.446498517388955,2.500740022629,0.0123934119588092,0.0411766903492474
"MSTRG.10492|LAO2",62.3929904379953,5.71324240192337,1.44902246484861,3.94282527739851,8.05273227523222e-05,0.000518939350270133
"MSTRG.10495",1173.59079982597,4.41941769906871,0.224933405522728,19.6476716688583,6.05263007247411e-86,4.1836831692258e-83
"MSTRG.10520",29.3644834913497,-1.47484404767119,0.541114407665042,-2.72556787766062,0.00641909762337673,0.0237437910694377
"MSTRG.10532",60.3497813172131,-1.16627248460661,0.297206874523719,-3.92411005457254,8.70509361886204e-05,0.000554461451733449
"MSTRG.10533",111.389863471962,-1.02866224509894,0.288962053242785,-3.55985235277472,0.000371063359245833,0.00203069372987616
"MSTRG.10475|PHOB1",4760.21435850398,1.13630040872213,0.272449720542941,4.17067929619343,3.03693003729982e-05,0.000213917207501075
"MSTRG.10480",18.864135005297,1.74659270488943,0.513300148317594,3.40267329088859,0.000667300228608199,0.0034089778388217
"MSTRG.10481|LTD1",324.951256276045,-1.52450826387757,0.204199692860256,-7.46577158135525,8.28128965547185e-14,2.2052921765945e-12
"MSTRG.10486",3098.33357780739,3.06524713028395,0.592989573541955,5.16914169666607,2.35171545785547e-07,2.47928198600704e-06
"MSTRG.10487",6.441072248695,3.56281409051281,1.34337160383296,2.65214336848214,0.00799825721701041,0.0285808705857567
"MSTRG.10497",219.548822297159,-1.10581128781972,0.255497934475372,-4.32806351288257,1.50426095520854e-05,0.000112699060631033
"MSTRG.10501|PSBP1",9625.67830123557,-4.22601117734659,0.232466124200335,-18.1790408898661,7.56452073172128e-74,3.43602144551157e-71
"MSTRG.10503|SDHAF2",99.6630850243245,-1.01272751833847,0.321661873976874,-3.14842261477118,0.00164154180263486,0.00744359143704762
"Cre12.g550350_4532.v6.1",9.294088695035,-6.66096585433134,1.43414006830961,-4.6445713368726,3.40783283875772e-06,2.89256414685373e-05
"MSTRG.10513",24.8288188868898,-6.21576800600558,1.24773382963191,-4.98164581130196,6.30457518967436e-07,6.18704545465698e-06
"MSTRG.10515",49.6069309505417,-1.06215146434602,0.414007248394866,-2.56553832925403,0.0103015839025634,0.0352810385357502
"MSTRG.10527|TUB2",3774.65441425861,-1.14723757801499,0.376672998885271,-3.04571227937797,0.0023212985105624,0.0100255375498291
"MSTRG.10530",160.208936959324,-2.69274274845848,0.293994910946327,-9.15914748248849,5.23089128387933e-20,2.42451048487211e-18
"MSTRG.10531|MIP1",402.859315518319,-1.40410609963865,0.193317574908004,-7.26320977441825,3.78010998507116e-13,9.3919486660668e-12
"MSTRG.10535|UAF3",437.725735713118,1.16267873842748,0.207480817994004,5.60378906189331,2.09715907870926e-08,2.65450915870381e-07
"MSTRG.10537|PHC4",283.356497055804,-3.27693129227762,0.388254393752487,-8.44016537869927,3.16888983925362e-17,1.12453148804585e-15
"MSTRG.10538|LHCBM7",14714.4714290157,-5.53761631474737,0.375055373773964,-14.764796619298,2.47066449031646e-49,4.62101459612366e-47
"MSTRG.10546|LHCBM2",13199.0457194797,-5.12602295666737,0.318558402433542,-16.0913129821988,2.93545448089324e-58,8.48506460677103e-56
"MSTRG.10675",80.2701059682849,-1.76731176003059,0.354914869384104,-4.9795371016646,6.37365339650118e-07,6.23942990748619e-06
"MSTRG.10676",911.084875573097,1.6763099501451,0.160333275592249,10.4551593794429,1.38765276459424e-25,9.11607588905752e-24
"MSTRG.10685",4.67224996034965,3.05947819580444,1.2595455013656,2.42903348270258,0.0151391341490942,0.0487901793436651
"MSTRG.10679|CGL108",214.147318443419,-1.88368435121135,0.268343369977135,-7.01967911997177,2.2237836179101e-12,5.07226857353439e-11
"MSTRG.10696",46.2987768319697,-5.26747414324464,0.825262878018689,-6.38278333310098,1.73897869707315e-10,3.0176162438373e-09
"MSTRG.10692",76.7324342915204,1.56340788772005,0.293958553574938,5.31846367015646,1.04647109450575e-07,1.16097679416975e-06
"MSTRG.10697|NDA7",67.8950660578914,2.93597730466353,0.344497538035412,8.52249139836155,1.5615725225995e-17,5.77346045681089e-16
"MSTRG.10710",100.897384428622,-1.43051144924688,0.418839811083572,-3.41541422613584,0.000636850832824407,0.00327764795734621
"MSTRG.10709",157.76908975608,-1.67009240662379,0.323803051150195,-5.1577414131565,2.49946478973554e-07,2.62287070806703e-06
"MSTRG.10702|CGL74",32.1653804234821,-2.19170428984982,0.46340226249182,-4.72959341645103,2.24969921545121e-06,1.98148022865614e-05
"MSTRG.10703",56.4315500617114,-1.67059039321532,0.37593870391923,-4.44378398871707,8.83903513105291e-06,6.94283500560668e-05
"MSTRG.10707",190.702743321175,1.49208357170696,0.465516150467254,3.20522407269716,0.00134957373699367,0.00629378799375928
"MSTRG.10708|TEF13",577.265190132155,3.21645280197718,0.561262075287033,5.73075029224496,9.9987369324427e-09,1.32624209708916e-07
"MSTRG.10653",222.424059816336,-1.08825803201496,0.19038875204415,-5.71597859816111,1.09074466429197e-08,1.44145126125633e-07
"MSTRG.10654",69.1702372518197,1.02987137701656,0.284772949143432,3.61646490691728,0.000298653785098282,0.00168011248248142
"MSTRG.10646",163.308343131082,-1.15221146607223,0.352113199143679,-3.27227570245691,0.00106685485839111,0.00515011539352941
"MSTRG.10663",50.1546597056589,-6.26379831911316,1.98658657544728,-3.15304573006231,0.00161576492828252,0.00734136348380552
"MSTRG.10665",64.4953045195296,-9.45185131147442,1.29364836442157,-7.30635277052326,2.74490954434289e-13,6.9933608871736e-12
"MSTRG.10723",24.8918187336348,-1.75448947685686,0.584179083655318,-3.00334182778112,0.00267032315689252,0.0112816363402278
"MSTRG.10714",79.8877620201794,-1.22093580700111,0.37540343214319,-3.25232990021095,0.00114463084141548,0.00547385505127269
"MSTRG.10720",15.6146181365068,-1.67726284479078,0.56928307435407,-2.94627211022191,0.0032162932081688,0.0132228159874496
"MSTRG.10721|CGL95",273.870290709293,1.00928192792898,0.297475719383333,3.39282120242021,0.000691767756730972,0.00351814580822424
"MSTRG.10730",1194.19425868387,-2.18780031766896,0.206977213366576,-10.5702472368017,4.09413866815905e-26,2.79350285606835e-24
"MSTRG.10737|ARH1",601.68199401553,2.67126870439467,0.193359967035321,13.8150039294675,2.06942945247066e-43,3.19415431411442e-41
"MSTRG.10753",11.8875442762605,-3.48458530137103,0.963978209591727,-3.61479675235278,0.000300583341518179,0.00168917425360764
"Cre13.g801511_4532.v6.1",11.8505233503068,-1.55767265182938,0.594564372132452,-2.61985535097345,0.00879670707003761,0.0309402763273137
"MSTRG.10755|UBQ7",221.04364100498,4.22483355975009,0.285499221548085,14.7980563198787,1.50776942893356e-49,2.85363314061734e-47
"MSTRG.10756",30.7476526509591,2.80929171466918,0.462882612723816,6.06912343960816,1.2861026827224e-09,1.9603509539713e-08
"MSTRG.10759|MYO3",69.0996813078833,-1.33342718591666,0.447003636318694,-2.98303431466045,0.00285405993696459,0.0119625217183926
"MSTRG.10763",226.866562717683,3.06107564678757,0.307700717430256,9.94822395070107,2.56723864545716e-23,1.50605018396597e-21
"MSTRG.10769|SDHAF1",67.8576608357813,-1.48786716031729,0.391985296037963,-3.79572186853966,0.000147214469933337,0.000891247388804339
"MSTRG.10773",14.9188435540996,-3.55050395718195,0.729470970309821,-4.86723132474206,1.13172533466313e-06,1.0633669840706e-05
"MSTRG.10739|CGLD38",56.702104648245,-1.81770901751625,0.361929950385735,-5.0222674735235,5.10650013161641e-07,5.09624225313482e-06
"MSTRG.10741|THF1",1340.13299229238,-1.84715065255,0.144436308107475,-12.7886864234687,1.89652336621515e-37,2.2669871034653e-35
"MSTRG.10742",101.693527584413,-4.32786222637813,0.632748027018891,-6.8397877853026,7.93105801577232e-12,1.67670160019612e-10
"MSTRG.10745",14.0527841245861,-3.06132790352372,0.954078795645052,-3.20867408173971,0.00133348556744842,0.00623522163273383
"MSTRG.10746",795.132642751895,2.43252320225916,0.295025742446808,8.24512187338274,1.64991968623362e-16,5.64095121972947e-15
"MSTRG.10774",97.6121313539476,1.57133247823468,0.261190242282825,6.01604586948233,1.78728946664935e-09,2.6431932968178e-08
"MSTRG.10775",33.4156573179348,-3.02399495337722,0.555533645241592,-5.44340559618515,5.22714414190823e-08,6.18931778191887e-07
"MSTRG.10785",47.7442130578863,-1.57303388451441,0.360985264174912,-4.35761245853021,1.31488940729435e-05,9.96857977928736e-05
"MSTRG.10813",21.3233879747826,1.69042245869694,0.502500130541535,3.36402391950666,0.000768148854558436,0.00386090119815682
"MSTRG.10812",147.979610556433,1.22679328516281,0.237315847774432,5.16945369079977,2.34779301677016e-07,2.47843382341381e-06
"Cre13.g566600_4532.v6.1",17.829551645541,1.40580799306843,0.54343215210991,2.58690618067092,0.00968419562256202,0.0334842541183797
"Cre13.g567400_4532.v6.1",7.33738625056692,6.31610477220537,1.38056752832641,4.57500603383166,4.76206261958402e-06,3.92062514376731e-05
"MSTRG.10814|LCS2",2106.20341879069,1.06433214629248,0.174320469968342,6.10560622332977,1.02411216224384e-09,1.58378746647398e-08
"MSTRG.10816",268.586134688862,3.19241308582163,0.253586891335855,12.589030406913,2.42635380816922e-36,2.75529806016244e-34
"MSTRG.10817",81.2144019373214,1.53340130338004,0.317473806052059,4.83000888309063,1.3652695951277e-06,1.26486340462355e-05
"Cre13.g566900_4532.v6.1",9.29316873034911,-6.66074369217915,1.44236543457862,-4.61793074937702,3.87585544241344e-06,3.261956052064e-05
"MSTRG.10818",120.028896352312,1.06314240694239,0.297137767548024,3.57794438490744,0.000346307112844842,0.00191632108597539
"MSTRG.10820",26.0681150086359,-2.95292160053171,0.619577324557481,-4.7660259397659,1.8789507968032e-06,1.67629403858458e-05
"MSTRG.10829",146.684032335276,-1.16511684323228,0.243977244034722,-4.77551440439445,1.792484593322e-06,1.6109056000358e-05
"MSTRG.10830|HAV2",716.924968178366,-1.88203268750332,0.335276508035209,-5.61337475903824,1.98418226885208e-08,2.52356237681683e-07
"MSTRG.10798|UPT1",2831.00986375231,-1.18418683609104,0.37747285634766,-3.13714434343427,0.00170602114890888,0.00770520574583903
"MSTRG.10802",669.978887756326,-2.34179718234673,0.44616658624584,-5.24870587475233,1.53171399927255e-07,1.664469525662e-06
"MSTRG.10841",38.7976783712528,2.31186651421353,0.465400859314578,4.96747366908249,6.78307649182533e-07,6.60768076391171e-06
"MSTRG.10835|AGP1",1175.21564197416,-1.96205586393594,0.280077684167542,-7.00539876915808,2.46283353164831e-12,5.56166583610012e-11
"MSTRG.10847|KIN7C",88.7947085661612,-6.1032719090518,1.69376478696436,-3.60337631058582,0.000314110256028766,0.00175773489980476
"MSTRG.10848",111.796461255906,1.53834886573253,0.354505258768135,4.33942467053413,1.42856224450596e-05,0.000107534481833123
"MSTRG.10861",216.528766312939,1.91687285367723,0.375282234474934,5.1078166712559,3.25902617937249e-07,3.3666015724278e-06
"MSTRG.10863|CGLD9",82.1779036208878,-1.10584870147723,0.309877065982161,-3.56866907195028,0.000358799281919417,0.00197240352142285
"MSTRG.10866",95.5622364896537,1.49875990372693,0.284440383979131,5.26915300408571,1.37054690526967e-07,1.49855259284576e-06
"MSTRG.10873|AMT1D",1525.75341576308,6.85870210178215,0.40541679635436,16.9176565042638,3.33436412371893e-64,1.10436918414341e-61
"MSTRG.10868",618.218196638172,1.70321045892135,0.373756689564358,4.55700327640039,5.18886150310808e-06,4.24562636008297e-05
"MSTRG.10892",91.7744545054647,2.46265024583895,0.377485609936892,6.52382549430337,6.85364442539195e-11,1.25964438236857e-09
"MSTRG.10893",1748.47949062979,3.39800525997339,0.205999060647527,16.4952463826402,3.96937410451784e-61,1.19066244365329e-58
"MSTRG.10896",976.524022494994,-4.27555737619668,0.345781455322162,-12.3649123178488,4.0465263577149e-35,4.23234710756259e-33
"MSTRG.10880|CDD1",102.098877247811,-1.51308955943889,0.297150450858858,-5.09199819507452,3.54309477644597e-07,3.64111963516083e-06
"MSTRG.10882",10.3529556873735,3.84891764253433,1.0046305451101,3.83117720366796,0.000127531610747669,0.000783953204956018
"MSTRG.10883",11.6281235115899,2.56541710942381,0.729225111936247,3.51800434109034,0.000434805249669093,0.00233531549298623
"MSTRG.10884|PSB34",3325.3094372658,-5.68744063803332,0.470021288932743,-12.1003894333117,1.05111344825608e-33,1.01893912197409e-31
"MSTRG.10907",88.6778771228676,-1.05008889679807,0.275154189164815,-3.81636528953254,0.0001354319605033,0.000826207716071168
"MSTRG.10914|CGL14",378.266634129604,2.7179930040911,0.305511166464314,8.89654226242033,5.76135300924971e-19,2.4360103760918e-17
"MSTRG.10914",16.1699595852159,-3.5101687431941,0.792606578258722,-4.42863942777966,9.48294065063938e-06,7.40106973313033e-05
"MSTRG.10943",174.258976317114,2.0801755363353,0.27735238845013,7.50011762278127,6.37605923999401e-14,1.7209947334028e-12
"MSTRG.10923",231.81350606111,2.19971977270697,0.358107630389595,6.14262189921458,8.11703407349728e-10,1.28147574677716e-08
"MSTRG.10933|SRS5",36.0896820634495,-1.77641955125106,0.371528532182316,-4.78138123286675,1.74094847267776e-06,1.56991485074481e-05
"MSTRG.10936",745.942110071063,1.12553285101714,0.188618002247218,5.96726101224379,2.41269294862166e-09,3.5061236286277e-08
"MSTRG.10926",1464.16416930584,-2.58969798606963,0.431937923685171,-5.9955327931733,2.02819359972449e-09,2.9773058031782e-08
"MSTRG.10926|CDD4",57.6979827234799,1.17021580979612,0.309535749004571,3.78055140176663,0.000156481407055835,0.000940900684331947
"MSTRG.10928",2001.61144541495,-4.64657278196599,0.444924086194359,-10.4435181779217,1.56886283939563e-25,1.02641075805398e-23
"MSTRG.10965",52.8063836605018,2.96272638060277,0.380711840647689,7.78207049080062,7.13470924134476e-15,2.15232651838518e-13
"MSTRG.10959",20.7909839912267,-5.36454772057416,1.04088510327538,-5.15383273686347,2.55215602744873e-07,2.67287065377997e-06
"MSTRG.11003|FKB20",141.548755927827,-1.24162557950543,0.244105988271077,-5.08641999444364,3.64885539587523e-07,3.7353189364858e-06
"MSTRG.11004",113.533809608144,-1.42062337255794,0.340040528729725,-4.17780603348932,2.94334490900417e-05,0.000207785512270641
"MSTRG.10988",21.1862031180495,1.07197613392481,0.440642375252175,2.43275770586369,0.0149843241812225,0.0483697027072235
"Cre13.g577050_4532.v6.1",2.93451316687299,-4.99890461177363,1.71458925310161,-2.91551145717894,0.00355106068456087,0.01438704453699
"MSTRG.10990|ELIP6",52.8511756400542,-1.06931236354177,0.410664146562078,-2.6038610199932,0.00921801278549129,0.032109545850951
"MSTRG.11014|HCF173",378.774801101066,-1.16929484668151,0.209611828859713,-5.57838196938821,2.4276611340164e-08,3.04376630193949e-07
"MSTRG.11026",33.5956937579719,1.36769864603716,0.404223315845346,3.38352240562105,0.000715623681654116,0.00362670873157065
"MSTRG.11027",798.318999011163,1.69702314251105,0.241789992957126,7.01858303462529,2.24129544866649e-12,5.10488754196272e-11
"MSTRG.11020",26.9559672459918,-1.66528830547625,0.521578263891683,-3.19278700966359,0.00140906837427561,0.00651254731017103
"MSTRG.11021",28.0335876966627,2.26347639150808,0.540268261100378,4.18954166750051,2.79518454534918e-05,0.000198117895238347
"MSTRG.11015|TBA1",258.828200791639,-1.17311215017648,0.29815494942395,-3.93457211575052,8.33450419488593e-05,0.000534393908401573
"MSTRG.11018",67.4559752315259,1.10509089217119,0.283483566121291,3.89825381164553,9.68888351607449e-05,0.000609793626835123
"MSTRG.11029",2557.51648505037,-2.73562689450021,0.461700521182783,-5.92511112504723,3.12086274815745e-09,4.46182337861575e-08
"MSTRG.11032",272.216956043672,1.01770474897436,0.304895922918508,3.33787588640982,0.000844214494236845,0.00420599248805308
"MSTRG.11030|CGL27",103.768532879407,-1.19808326497621,0.298589651329898,-4.01247417531058,6.00856539862675e-05,0.000398681856040769
"MSTRG.11036|DEG6",174.324193378783,-1.18022351917991,0.402042946059129,-2.93556579153693,0.00332939999837969,0.0136103885765596
"MSTRG.11040",16.7321196938926,-3.52260443538914,0.732586563483016,-4.80844805375796,1.52106542105373e-06,1.39537784558063e-05
"MSTRG.11038",3112.99134446152,-3.82008154423351,0.320896359002224,-11.9044091248384,1.12255620170462e-32,1.04978814674706e-30
"MSTRG.11043",81.6405527607632,-2.37171030240754,0.535750065304798,-4.42689689838532,9.55983972494117e-06,7.45742551261603e-05
"MSTRG.11044",195.04856420768,-1.17743194302399,0.215074059518193,-5.47454186554001,4.38644933601554e-08,5.27103337445012e-07
"MSTRG.11050|DAL2",71.9730740779057,2.72006425145637,0.314188469617049,8.65742862801981,4.82525476465858e-18,1.87102195728151e-16
"MSTRG.11052|PRPL22",1558.07866652293,-1.17300922483798,0.176581564377802,-6.64287480389682,3.07623130096201e-11,5.92081419160946e-10
"MSTRG.11073",3.06401039119327,5.05125734698441,1.63143010048785,3.0962143860616,0.00196008589847989,0.00864874982348966
"MSTRG.11068",216.776268515611,2.78397001065207,0.475675788884475,5.85266283403001,4.83764218507045e-09,6.72280030229459e-08
"MSTRG.11071",671.41578262019,1.06945217723854,0.297183125307057,3.59863022550003,0.000319897655074278,0.001788232391129
"MSTRG.11076",56.9562974433162,-1.1717239584821,0.337700796506905,-3.46971037854257,0.000521019853301962,0.0027464103540433
"MSTRG.11077",251.458429379575,1.89523107152933,0.349182893085213,5.42761718589356,5.71113690379982e-08,6.71069138925422e-07
"MSTRG.11081",387.265245608101,1.10338462053226,0.253318710314436,4.35571702999222,1.32632028096296e-05,0.000100456597554784
"MSTRG.11084",496.729528871782,1.51645272116192,0.25952967565718,5.84308024630309,5.1244316558394e-09,7.07189361671309e-08
"MSTRG.11092",102.247554665954,-1.12058084672644,0.289952498502342,-3.86470491723455,0.000111223580437824,0.000693696540525903
"MSTRG.11095|EZY17",156.620065781609,2.83985720325019,0.558255722110898,5.08701853070492,3.63736306338965e-07,3.72835576929521e-06
"MSTRG.11087",52.7075044432054,2.61065846132123,0.41059047272733,6.35830257818708,2.03995343237122e-10,3.49473918834458e-09
"MSTRG.11061",131.793934745402,-1.2245784220592,0.219824049424327,-5.5707208800225,2.53687470537734e-08,3.16571695966161e-07
"MSTRG.11067|PRPL7",6170.85331107936,-1.10446801789659,0.172772073626568,-6.39263044491669,1.63056017638022e-10,2.84864238286733e-09
"MSTRG.11101",88.689519208786,1.21390685675158,0.375109638868383,3.23613880041487,0.00121158454577878,0.00573779300232084
"MSTRG.11115",57.7988628408521,1.03244987602165,0.359039625737147,2.87558754525191,0.0040327629563185,0.0160002159919021
"MSTRG.11116",47.1111364896309,1.01108117909998,0.371860737179389,2.71897804207339,0.00654839550359901,0.0241378139847478
"MSTRG.11122",646.384194007332,1.62965144260573,0.333540684250192,4.88591503093313,1.02949592875885e-06,9.7596459602911e-06
"MSTRG.11123",326.157927724558,-1.18619613105526,0.258149349834912,-4.59499949085226,4.32750325277985e-06,3.60835786336366e-05
"MSTRG.11134",4.61339053318131,-5.64970440515525,1.50479760434817,-3.75446132345654,0.000173714664739794,0.00103396321229249
"MSTRG.11140",61.7195588289781,1.0329486159752,0.300248433912928,3.44031308511254,0.000581041620391381,0.00301875806568045
"MSTRG.11145|FKB12",175.369209759622,-1.26832769971614,0.437461267818357,-2.8992914185097,0.00374007098179809,0.0150036963080055
"MSTRG.11150",72.5432669553232,1.33371149214087,0.289442176972091,4.60786850794543,4.06817785728737e-06,3.41117571598917e-05
"MSTRG.11150|FXL1",289.131428477153,2.473590848649,0.214814212152486,11.5150241870083,1.10828440895437e-30,9.17682579872735e-29
"MSTRG.11161",35.0342998855252,1.20409437013546,0.409815116231952,2.93814045027551,0.00330187402894474,0.0135082844344219
"MSTRG.11160",235.924475160296,-1.7043728861833,0.341520738176352,-4.99053994578568,6.02107469711149e-07,5.93815418949618e-06
"MSTRG.11163",85.5602612149647,-1.67345756972021,0.287230948912035,-5.82617428957042,5.67123887110553e-09,7.77923689153026e-08
"MSTRG.11173",61.7952474694918,1.27438811574749,0.304410308009503,4.18641577573551,2.8339402346959e-05,0.000200685887978599
"MSTRG.11164|FXL3",349.93820322695,-2.11437662442208,0.420902060162372,-5.02344090120732,5.07538473686842e-07,5.06837101424209e-06
"MSTRG.11165",395.252165776547,1.4013904174873,0.361980763985015,3.87144996894176,0.000108189865271053,0.000675305252484962
"MSTRG.11168",231.825224313087,1.13501238531092,0.270639762627526,4.19381237365701,2.74304895809754e-05,0.000194944087330508
"MSTRG.11177",137.808735105144,1.89195395008418,0.248883428820612,7.60176745816146,2.9211329743453e-14,8.1905065301837e-13
"MSTRG.11176",78.8112901128577,-1.10566968751476,0.277470314426374,-3.98482154676818,6.7530856482134e-05,0.000443455413611304
"MSTRG.11183",13.5205001552144,-6.21984431950885,1.39656732292036,-4.45366594035906,8.44164091147399e-06,6.66321445891411e-05
"MSTRG.11180|CYN19C",346.25177066259,-3.53499935481113,0.298703068870495,-11.8344929236189,2.58903438712442e-32,2.32545020827706e-30
"MSTRG.11189",258.724377846628,2.40983018605967,0.241844426876407,9.96438171920828,2.1822742418008e-23,1.28973218944792e-21
"MSTRG.11192",446.007490877109,-2.07303041922122,0.273227899575314,-7.58718426062414,3.26932019876475e-14,9.11853552981789e-13
"MSTRG.11194",116.271226368113,-1.52601152627036,0.255674310505658,-5.96857589349631,2.39333316302566e-09,3.48117206091327e-08
"MSTRG.11196",146.774042736149,-1.48816225168298,0.388121936627699,-3.83426472776385,0.00012594044985716,0.000775445883744823
"MSTRG.11203",118.581424929143,-1.92775497325114,0.614957448283749,-3.13477782671176,0.00171984311622375,0.00775441459493056
"MSTRG.11202|FBB6",110.374403974983,1.88994841314558,0.427616651926306,4.41972594994099,9.88261454599198e-06,7.69034782438476e-05
"MSTRG.11216",50.6064693275661,1.837951668744,0.342622352559434,5.364365911956,8.12340787215291e-08,9.26441451588859e-07
"MSTRG.11204|FBB6L1",914.589203407097,2.18448332228857,0.463854281700546,4.70941717791196,2.4842613425742e-06,2.17123621903489e-05
"MSTRG.11212",132.06277188858,-1.55651073944142,0.229482943407897,-6.78268596492063,1.17961869433696e-11,2.43237068775215e-10
"MSTRG.11213",50.8421980702585,1.80120939270218,0.325841292251687,5.52787334059211,3.24135921043937e-08,3.96698450558623e-07
"MSTRG.11207",14.6793606929019,-3.7778443235996,0.895913846394848,-4.21674956671518,2.47848962533007e-05,0.000177651163496382
"MSTRG.11246",18.5977012390879,3.34132142083804,0.644445606025409,5.18479975594138,2.1624708010981e-07,2.29193071972384e-06
"MSTRG.11238|EZY20",187.76568365858,1.43356365456352,0.225028795619571,6.37057871023346,1.88316267349095e-10,3.25065365723769e-09
"MSTRG.11241|COAA1",328.283553995507,-1.19935477954136,0.192686379503277,-6.22438795431809,4.83439486573103e-10,7.93160057537584e-09
"MSTRG.11261",11.6514212041967,-5.1018587112299,1.21599859722373,-4.19561233284156,2.72135368344742e-05,0.000193748682756145
"MSTRG.11221|FAD6",12020.6403208362,-2.75586755799981,0.564977227922107,-4.87783829471399,1.07254795286811e-06,1.01255150562335e-05
"Cre13.g590905_4532.v6.1",3.50938846421351,5.2515154076161,1.57326496318644,3.33797264319664,0.000843920577885106,0.00420584619035028
"MSTRG.11218",514.31287272478,1.11768637928344,0.17783368966683,6.28500922056679,3.27834233665731e-10,5.4977939312424e-09
"MSTRG.11222|COAD1",212.217275641402,2.71356161051534,0.243236977355742,11.1560406646012,6.69053626384483e-29,5.18859246451732e-27
"MSTRG.11226|HTB21",7.56379431559922,-2.00963056562503,0.821405106536364,-2.4465766643442,0.0144220122167344,0.0468398672567198
"MSTRG.11263",79.150367146845,1.19355085396668,0.290826761886025,4.10399251508509,4.06080606397631e-05,0.000278871251857863
"MSTRG.11269",5.37897488056091,-3.94723336162866,1.39264163015261,-2.83434968204713,0.00459190551555629,0.0179278275752244
"MSTRG.11275|SRS8",70.2761695628753,-1.9953669237121,0.303954466821772,-6.56469024645757,5.21411353119632e-11,9.79834242540888e-10
"MSTRG.11276|CNX2",251.830994127194,4.01083020476723,0.264818020350163,15.1456090467854,8.10007440751162e-52,1.80689096578887e-49
"MSTRG.11272",310.195822585547,-2.69070621713456,0.348628783594459,-7.71796920894664,1.18197743598902e-14,3.46060355015716e-13
"Cre13.g603350_4532.v6.1",4.29853658756099,-3.59661616510681,1.36965504996599,-2.62592845198222,0.00864129791519854,0.0304770792195282
"MSTRG.11286",17.3130380341379,1.72113533993199,0.530565031427308,3.24396678631807,0.00117877490582225,0.00560758542390525
"MSTRG.11281",29.8453719840541,2.99372597846995,0.490562158696742,6.10264351906652,1.04328356977525e-09,1.60874124076498e-08
"MSTRG.11288",335.6451860135,-7.57098566537421,1.94849707465273,-3.88555146623638,0.000102097859705589,0.000640549239778793
"MSTRG.11287",863.746107474385,-1.2563235414735,0.279356127216234,-4.49721133376486,6.88505446871262e-06,5.51644103243616e-05
"MSTRG.11297",293.574790023683,3.6790685026432,0.244778805339502,15.030175907348,4.65767275018711e-51,9.74311597137825e-49
"MSTRG.11295",381.402718417457,-2.5714533494084,0.419902104490085,-6.12393536948591,9.12919392651391e-10,1.43029579803592e-08
"MSTRG.11296",136.989497268028,-2.40946452375765,0.502447538256603,-4.79545492872356,1.62306061328149e-06,1.47448100742567e-05
"MSTRG.11312",156.690393387864,1.07289835028609,0.246702501049853,4.34895611402531,1.36787079307979e-05,0.00010340660897947
"MSTRG.11309",14.4811450086688,-1.49938066351433,0.60895503760241,-2.46221899964523,0.013808032540439,0.0451687451291974
"MSTRG.11311",223.145786657803,1.71808365523554,0.402148053649294,4.27226649400584,1.93496132124411e-05,0.000141825795689898
"MSTRG.11320",210.371283368415,3.01142251871318,0.408710574057424,7.36810523108725,1.73070156492511e-13,4.45943168220087e-12
"MSTRG.11316",116.787907454176,2.68303130365759,0.334119287588042,8.03015989596409,9.73457111255106e-16,3.09520423094673e-14
"MSTRG.11318",89.0723385211071,3.27065344282321,0.346989345451021,9.42580366141208,4.26824281105119e-21,2.15417537174895e-19
"MSTRG.11315|MMP29",40.2309309105853,1.20901943543767,0.451289907685689,2.67903051862555,0.0073835663898486,0.0267511254479975
"MSTRG.11321",70.5739279494148,2.8058781150921,0.48885768683638,5.73966246342614,9.48654377150933e-09,1.26312456347953e-07
"MSTRG.11324",877.569407914338,2.66097997505086,0.225662414497629,11.7918616663513,4.29930944754623e-32,3.75551767016978e-30
"MSTRG.11332",98.09106645164,1.46349198788778,0.4111467978389,3.55953638841477,0.000371510056638338,0.0020324387062754
"MSTRG.11327|OPR128",305.298153838168,1.55764135196331,0.213057058927568,7.31091173324071,2.65335795098051e-13,6.78184641554473e-12
"MSTRG.11340",88.9777418451273,-1.14176638648177,0.458290206265928,-2.49136108708211,0.0127254717960438,0.0421214971087872
"MSTRG.11341",131.078640089269,2.31710876700553,0.373373920064179,6.20586667276397,5.43962816178767e-10,8.84245485849697e-09
"MSTRG.11346",96.0142186940875,1.28705054842038,0.273374665161397,4.70800960162318,2.50147321392955e-06,2.18387815239165e-05
"MSTRG.11347",132.4077750332,1.36935482651563,0.231332391035297,5.91942537915796,3.23068378210927e-09,4.60640455318144e-08
"MSTRG.11363",90.1219043834385,-1.81918980304431,0.286019489696648,-6.36037007468875,2.01268237960309e-10,3.45173942512728e-09
"MSTRG.11355|FAP352",108.513299074418,-1.03136515739887,0.369983587474009,-2.78759705110249,0.00531005463446786,0.0202589989389897
"MSTRG.11360",98.9302649843077,-1.82222582258835,0.423210533751835,-4.30571944047329,1.66443900318313e-05,0.000123592953164901
"MSTRG.11349",153.129900291196,-2.50567883736165,0.238375767655727,-10.5114662534846,7.64948746001409e-26,5.10972906047496e-24
"MSTRG.11350|TSU1",147.053577982545,-1.34997406223329,0.282905791963082,-4.77181486057895,1.82573290993359e-06,1.63339908847069e-05
"MSTRG.11352",33.1356992990963,-1.39808609023987,0.415306218595182,-3.36639816029975,0.000761566968099599,0.00383266592556107
"MSTRG.11368",174.083083360065,1.12893166644816,0.349064545135922,3.23416308582289,0.00121999768608052,0.0057707596588242
"MSTRG.11378",65.6775070035269,4.07915875956683,0.426779100474025,9.55800964722989,1.20043040918204e-21,6.40417538428728e-20
"MSTRG.11394",18.5240674005851,-1.37222639675732,0.567024862932856,-2.42004625627821,0.0155185329275135,0.0498155001928042
"MSTRG.11396",126.424958225944,-1.06546997133732,0.307085961945344,-3.46961471174952,0.000521205446299366,0.00274647801964445
"MSTRG.11415",35.0650921982973,-2.12934343216952,0.750825612285459,-2.83600265804459,0.00456820658155785,0.0178440659050631
"MSTRG.11411",132.136446037179,-2.56666626982878,0.391930011386033,-6.54878727135986,5.80061885210019e-11,1.0785758890139e-09
"MSTRG.11420",141.012721927877,1.127406393873,0.275220586850866,4.09637377339041,4.1967214687978e-05,0.000287212560959739
"MSTRG.11408",93.6740892197986,-3.74438386613722,0.671601350599698,-5.57530723068636,2.47093389345737e-08,3.09314228647129e-07
"MSTRG.11402",27.9547285462339,-3.25750665717584,0.591700922915784,-5.50532630762766,3.68485105697174e-08,4.46167266593577e-07
"MSTRG.11409",108.540531002985,-4.01977523293789,0.66394511301928,-6.05437882456583,1.40960535508112e-09,2.12819619516425e-08
"MSTRG.11423",327.938687107809,4.04212883208033,0.381498550326008,10.5953976197974,3.13007964813012e-26,2.14491406232641e-24
"MSTRG.11426",30.9557661123275,-1.6187817603792,0.547596378447511,-2.95615863086714,0.00311496837546724,0.0128661385381081
"MSTRG.11441|PLAP8",60.9799966737835,-1.62612393204312,0.315469894802291,-5.15460891462315,2.54160804012697e-07,2.66357841937631e-06
"MSTRG.11432|POC9",32.4494991965783,-6.01866481259293,1.04207583264562,-5.77564954875955,7.66567785177846e-09,1.03542010609663e-07
"MSTRG.11430",400.80496739263,-1.21046411985042,0.297071656171979,-4.07465368944408,4.60828716724617e-05,0.000313221673300041
"MSTRG.11435",172.200506088423,-4.55688512160377,0.455835361866158,-9.99677844857891,1.57435482801033e-23,9.37419215569597e-22
"MSTRG.11437",131.053512169913,1.59619765809145,0.407238318740286,3.91956646670428,8.87083950188611e-05,0.000564114425603942
"MSTRG.11451",90.1968549774856,1.07232177332727,0.266540479949664,4.02311038657157,5.74345603903769e-05,0.000382993461122164
"MSTRG.11469",235.821339286614,-2.49890011729299,0.478277722722657,-5.22478885921696,1.74353946213716e-07,1.87669535335522e-06
"MSTRG.11476|POC16",55.7177472839459,-2.02376624364964,0.462659600092605,-4.37420134207649,1.21877853264572e-05,9.30650389625443e-05
"MSTRG.11478",32.7480057355142,-1.44040090061369,0.528452756165178,-2.72569474529046,0.00641663107467484,0.023741572481619
"MSTRG.11481",176.812944533311,1.19098619635505,0.241562118071904,4.93035168701631,8.20817134320324e-07,7.86579312924925e-06
"MSTRG.11480",211.888938637172,-1.06151900310908,0.225584608796142,-4.70563576466495,2.53076016036762e-06,2.20440867146519e-05
"MSTRG.11486",90.6527605842726,-5.46279843799417,0.639321320263267,-8.54468365882845,1.28888837881254e-17,4.78755781457052e-16
"MSTRG.11484|ABCA2",1218.73643374968,1.25317373562156,0.322138855900129,3.89016634494436,0.000100175528531658,0.000629410973815213
"MSTRG.11488|DGL1",423.832837023084,-1.05154696963446,0.338553590607608,-3.10599857395466,0.0018963763022366,0.00842374698322364
"MSTRG.11503|FAP33",1103.35390006956,1.24636762589287,0.179502564907556,6.9434530171463,3.8262990298964e-12,8.40200303553771e-11
"MSTRG.11513|THB2",455.652035732047,5.3385803781616,0.256842788707819,20.7854010814167,5.86719257472308e-96,5.48686044429103e-93
"MSTRG.11519",146.842300463601,1.23714891960762,0.264379521271062,4.67944307357757,2.87655210817524e-06,2.47311217350778e-05
"MSTRG.11514|THB1",171.674779820647,7.41921647320614,0.643373807375019,11.5317353429054,9.12848921480296e-31,7.59815296004908e-29
"MSTRG.11515|MRPL117",1494.93716009011,5.1200303861446,0.264902701494445,19.3279659182787,3.1249736394224e-83,1.91080118921297e-80
"MSTRG.11517",145.292140157772,1.06697639583846,0.250269006920118,4.26331813502989,2.01413438088898e-05,0.000147086395899738
"MSTRG.11506|MSRB1A",286.923998320476,-1.7069433675498,0.227766755861083,-7.49426035022813,6.66732659106993e-14,1.79656200245474e-12
"MSTRG.11507",168.603775324717,-1.00903098049443,0.339993478745964,-2.9677951007065,0.00299944205075005,0.0124667005811305
"MSTRG.11526|FKB53",342.796312059847,-1.43810920831609,0.361234701445454,-3.98109373922716,6.8598887742541e-05,0.00044972582157976
"MSTRG.11525",16.988240978834,1.94579032458546,0.591170296713847,3.29142099222774,0.000996826129316995,0.00485376471788103
"MSTRG.11524",51.8101826254042,1.25462956254215,0.369098572651349,3.39917207896459,0.0006759017658936,0.00344738090284775
"MSTRG.11529",112.08559859531,3.66827822272999,0.308537050803359,11.8892632608584,1.34588526379196e-32,1.22970597263015e-30
"MSTRG.11533|FZL1",163.999738666523,-1.17794406597691,0.308772796987031,-3.81492177248499,0.00013622608094109,0.000830414967331842
"MSTRG.11534",108.518710717654,-2.24618433047812,0.264053203208023,-8.50655967505366,1.79170404593503e-17,6.59363678756366e-16
"MSTRG.11538",195.847006460524,2.46443438335945,0.369826002343828,6.66376719792748,2.66896127176618e-11,5.19353075869506e-10
"MSTRG.11536",16.4974415564666,-4.26436186021129,1.0171000387655,-4.19266709043403,2.75693879279932e-05,0.000195843668131919
"MSTRG.11545",30.0336003379171,2.69924421960238,0.498537826026689,5.41432180004307,6.15214374292555e-08,7.18639097906174e-07
"MSTRG.11555",29.7581635003925,-2.04636948968136,0.614787903035002,-3.32857800158253,0.000872905576472102,0.00432588929387577
"MSTRG.11551|HSP22F",503.007988509845,3.25371590025998,0.41218794490558,7.89376773502028,2.93197598027493e-15,8.99856257421057e-14
"MSTRG.11552|HSP22E",558.630947395512,3.44244041633605,0.402824440077187,8.54575858325883,1.27694703016484e-17,4.75431004345681e-16
"MSTRG.11557",89.9129022115823,1.98224659211852,0.338576607104121,5.85464722171113,4.78023601769052e-09,6.65465781166759e-08
"MSTRG.11584",13.6229612386301,2.39623463490942,0.771897282781608,3.10434391772225,0.00190701516879656,0.00846154818686233
"MSTRG.11586|SDH1",1701.3238009451,-1.265240279176,0.231618525211361,-5.46260398653962,4.69200517938238e-08,5.61275382556969e-07
"MSTRG.11589",819.412792205639,-1.1197877050752,0.219183719805246,-5.10889999526504,3.24039796756085e-07,3.34953490821081e-06
"MSTRG.11592",25.819364849779,-4.88540185063358,0.910433240403312,-5.3660187631873,8.04935717464336e-08,9.18655278984064e-07
"MSTRG.11632",879.25060229441,-2.55773927563006,0.181245841295996,-14.1119887625612,3.20412760206815e-45,5.36202322291363e-43
"MSTRG.11634",14.5342961470342,-1.74409300306407,0.633899377981045,-2.75137200578895,0.00593462065171211,0.0221931849566156
"MSTRG.11635|MCT1",1259.49170142971,-1.08902827588397,0.36173848176941,-3.01054029573267,0.00260783342626187,0.0110678910757695
"MSTRG.11636|MMP31",79.524963533092,-2.45815584547347,0.386670367935826,-6.35723874729765,2.05412608130767e-10,3.51523104850693e-09
"MSTRG.11641",25.6194858777,-2.38097343125016,0.573812312108691,-4.1493941154737,3.33356440433331e-05,0.000232953876483916
"MSTRG.11651",181.160709412404,-2.63066707739801,0.302935863117014,-8.68390771013424,3.82399099478882e-18,1.4973844540678e-16
"MSTRG.11653",195.279372596089,1.5058950963115,0.339042595562541,4.44161033457438,8.92881435120376e-06,7.00297437372656e-05
"MSTRG.11647|RAD51",31.2949421058033,-5.54422544174484,0.987144512112427,-5.61642735558601,1.94946154083708e-08,2.48536804941684e-07
"MSTRG.11603",41.3695782601767,-1.19103520391989,0.453572115833034,-2.62590040777182,0.00864200988310688,0.0304770792195282
"MSTRG.11606",11.8514813850047,1.78505373787687,0.654213371074251,2.72854976190065,0.00636134915636302,0.0235685688389325
"MSTRG.11614|PHC2",7903.72226034739,-3.25864079939493,0.259343203245891,-12.5649747462451,3.28980063123373e-36,3.68318665037703e-34
"MSTRG.11620|NSG17",2095.48635395214,1.63870054093858,0.236597579755687,6.92610863826553,4.32574321684671e-12,9.40775180046908e-11
"MSTRG.11662",100.080728421887,1.74095794114295,0.263711903839561,6.60174196081086,4.06354365111885e-11,7.71830549169503e-10
"MSTRG.11669",128.984435096289,3.47304631028477,0.39987184216264,8.68539853044261,3.77416813979329e-18,1.48152407620824e-16
"MSTRG.11663",235.833969312432,2.55126291927861,0.434699888966071,5.86902132721211,4.38375050711214e-09,6.1241533885825e-08
"MSTRG.11672",40.6481629391801,1.87979036452979,0.359288174312921,5.23198507194002,1.67699296758593e-07,1.81366219038647e-06
"MSTRG.11679",75.1970212168672,-1.47140141205162,0.2799077520144,-5.25673691229503,1.46633844067785e-07,1.59779633515397e-06
"MSTRG.11677",373.984363486675,1.67415719900072,0.343141366415978,4.87891394875196,1.06671588054409e-06,1.00764403261378e-05
"MSTRG.11685",108.988792078444,-1.80570388667919,0.344853607180943,-5.23614614746293,1.63964137621608e-07,1.77568246587761e-06
"MSTRG.11681",545.059064486269,2.95734665528465,0.223359418963568,13.2403042101709,5.1340451494161e-40,6.85891174667371e-38
"MSTRG.11705",70.0090216443374,2.26825567620952,0.304872778897398,7.44000722010302,1.00679797337317e-13,2.64563209598127e-12
"MSTRG.11706",159.409807924515,-1.17165939715998,0.408355825816366,-2.86921190561601,0.00411496009863645,0.0162897499123811
"MSTRG.11702|MMP32",77.0624609679298,-4.3937742886503,0.503665077845277,-8.72360320760622,2.69486241054296e-18,1.0764553417792e-16
"MSTRG.11704",215.135852358827,-2.73692738317525,0.29021733776532,-9.43061294769516,4.07699441707933e-21,2.06420564467284e-19
"MSTRG.11691",24.9012553614978,2.40046816848983,0.495620337751834,4.84336090681531,1.27661098805867e-06,1.18618126757199e-05
"MSTRG.11696",26.9292399705503,-2.67670224949397,0.581697373623704,-4.60153745034013,4.19383730901545e-06,3.51098607365601e-05
"MSTRG.11698",119.978230265144,-1.5603075892432,0.430351415472839,-3.62565924763799,0.000288225211913122,0.00162893864877171
"Cre14.g627411_4532.v6.1",11.4651535734753,-2.93978585863506,0.812320298776129,-3.61899839640133,0.000295745470892454,0.00166729131072632
"MSTRG.11726",43.9903583479913,1.08456374967762,0.367244087287273,2.95325040544284,0.00314446778747125,0.0129745000999787
"MSTRG.11727",22.6036769616815,2.46786691678737,0.542421734019403,4.54971982501551,5.37173908133781e-06,4.38623050411446e-05
"MSTRG.11728",288.237305635831,-1.33972780273411,0.209393293260785,-6.39814094267846,1.57280078650276e-10,2.75682325290197e-09
"MSTRG.11738|TMX1",45.7230675431328,1.09075192038837,0.345173299368407,3.16001244124099,0.00157762402135866,0.00718449346650243
"MSTRG.11738",151.87823202735,1.48223164521629,0.345267269437001,4.2929978495594,1.7627671433243e-05,0.000130051075906978
"MSTRG.11743",173.437177308106,1.36292845671318,0.2472006483281,5.5134501706655,3.51866690748104e-08,4.27674055773193e-07
"MSTRG.11742",38.3745949762753,1.14182840866053,0.411000811720963,2.77816582375935,0.00546667120868967,0.0207519433800736
"MSTRG.11746|CYN48",136.960080971021,1.02905773984069,0.248690364679021,4.13790755893928,3.50487516631811e-05,0.000243746742756454
"MSTRG.11759",207.769873199539,2.63101094586961,0.209656643705711,12.5491417746946,4.01841636044952e-36,4.40584712402941e-34
"MSTRG.11760",32.4977591736857,2.50834325386676,0.45476840752425,5.51564975131438,3.47493703663285e-08,4.23005735133147e-07
"MSTRG.11758",543.654794202338,1.07983495141473,0.255318790177446,4.22935950254285,2.34357584603415e-05,0.000168971287075968
"Cre14.g801653_4532.v6.1",14.0763118078299,1.50249639500633,0.558369794118296,2.69086259828734,0.00712675405813337,0.0259507869940917
"MSTRG.11757|CGLD19",419.982727115746,-1.13992002787282,0.358149848853369,-3.18280192361471,0.00145857357806372,0.00671543664756936
"MSTRG.11772",87.8677427871866,-1.35694728519735,0.392922719852499,-3.45347117037858,0.000553421454098813,0.00289132247034602
"MSTRG.11773|MME3",418.879452672573,1.39345301109653,0.308878355672849,4.51133265087832,6.44215984139365e-06,5.19358302020671e-05
"MSTRG.11714|FDX1",10216.4721542817,-3.03938086513793,0.253303118317731,-11.9989871633774,3.59670823248168e-33,3.44460647469842e-31
"MSTRG.11715|MSF1",266.598602366002,-3.42882368591287,0.540816550646728,-6.34008645225919,2.29636267999428e-10,3.90873382082967e-09
"MSTRG.11719",104.263185472588,1.69414161217979,0.290208216162827,5.83767625389784,5.29338856967064e-09,7.29239960837295e-08
"MSTRG.11721",31.7126120288891,-2.48475720207045,0.52804908483217,-4.70554210478403,2.53192240161997e-06,2.20440867146519e-05
"MSTRG.11777",49.5237941640343,4.99420980395709,0.573744757340716,8.70458464336138,3.18739887619111e-18,1.27000670009239e-16
"Cre14.g629840_4532.v6.1",24.5714377230162,1.09784510547171,0.411150398854957,2.67017886527455,0.00758108506686945,0.0272987747209718
"MSTRG.11786",9.05178278645699,2.95342345524887,1.12914607050308,2.61562567713937,0.00890641377340813,0.0312707964155571
"MSTRG.11778",17.1628972312264,1.27339627466894,0.516700761442124,2.46447532052181,0.0137214012612511,0.0449223305707105
"MSTRG.11807|ATG5",47.1079492900525,1.03141848735947,0.362766799388156,2.84319978867708,0.00446630636755387,0.0175072251038163
"MSTRG.11801|TAL2",918.571584639873,-1.63096572008024,0.245252675428189,-6.65014445706954,2.92805494015187e-11,5.64929823283184e-10
"MSTRG.11802|HID1",364.001849385259,-1.10707482483882,0.200167277421286,-5.53074827764577,3.18867628837062e-08,3.91154132966945e-07
"MSTRG.11804",1564.97252471501,2.1889633417809,0.188517808044269,11.6114406617059,3.60490093225931e-31,3.03231296407717e-29
"MSTRG.11805",86.0971884671749,2.16549410426118,0.359121658496074,6.02997355639816,1.63986509469442e-09,2.44564496017372e-08
"MSTRG.11812",27.4267613574662,-3.93511004328063,1.0559212248121,-3.72670796912988,0.000193997009610242,0.00114228313288282
"MSTRG.11811",50.5587666200201,-1.41017657973895,0.524239435939266,-2.6899475374499,0.00714632526996605,0.0260101371661905
"MSTRG.11821",41.9614701829238,1.37349988566276,0.360543011480441,3.80953129565034,0.000139230483056761,0.00084807901135494
"Cre14.g801662_4532.v6.1",2.44212404308519,-4.73427684302741,1.79727098588488,-2.63414748260486,0.00843488409301865,0.029939224673099
"Cre14.g801663_4532.v6.1",2.45157484866916,-4.73915802978955,1.77477653075568,-2.67028436970127,0.00757870317966581,0.027296380414664
"MSTRG.11829",17.9145015354328,-3.6480761415856,0.819607840340572,-4.4510020061176,8.54705432960662e-06,6.74013242718681e-05
"MSTRG.11826",546.485261278388,-1.23455211668727,0.264643258412524,-4.66496718674335,3.08666289848563e-06,2.63543323094116e-05
"MSTRG.11833|FAP138",29.8484216483489,-2.69552903216194,0.611993169376442,-4.40450836225575,1.06024051384753e-05,8.20228889982871e-05
"Cre14.g632650_4532.v6.1",12.051182329842,2.4843149380819,0.663754755426169,3.7428205489644,0.000181966182570814,0.00107783098752265
"MSTRG.11840",56.1409170450025,-1.31051864114695,0.385577746934862,-3.39884407636299,0.000676712838484237,0.00344996160663886
"MSTRG.11835",327.26478534463,-1.07632918829242,0.189636745093994,-5.675741733275,1.38088986914522e-08,1.79504391984225e-07
"MSTRG.11848",42.2954228661452,2.04746098798006,0.500444588345676,4.09128410149936,4.28991206382718e-05,0.00029308561233659
"MSTRG.11847",493.768302833016,6.33205497422508,0.374228732097542,16.9202801151426,3.18910145037045e-64,1.07873052889339e-61
"MSTRG.11860",22.9337769378827,-2.32545262566818,0.476370898891045,-4.88160093549303,1.0522803854059e-06,9.95190575085244e-06
"MSTRG.11880",41.3503617184884,1.18112793077767,0.407077127491829,2.90148438959243,0.00371399283443616,0.0149179024966817
"MSTRG.11883|RECQ4",30.6957256839406,-2.26507712747027,0.612141336015547,-3.70025187681941,0.000215385582029942,0.00125751009295337
"MSTRG.11884",112.151175901848,-2.54038822468894,0.525344642727605,-4.83566028483544,1.32704391635767e-06,1.23016584153086e-05
"MSTRG.11868",118.59792470728,3.95459329759428,0.320931685185463,12.322227689388,6.8768011963718e-35,7.05337970451089e-33
"MSTRG.11899|PRMT4",87.017026085682,-1.18599565300537,0.258852205002313,-4.58174831075815,4.61104659731777e-06,3.81208626126666e-05
"MSTRG.11894",531.703188062848,-1.49061384113986,0.309124820059045,-4.82204515591838,1.42093767105874e-06,1.31108921035936e-05
"MSTRG.11910",238.956257856546,-1.28484237462578,0.257730948358818,-4.98520795739671,6.18952041198507e-07,6.09294089843583e-06
"MSTRG.11919|CPLD31",263.011412395477,-2.51130419679322,0.253882814612996,-9.8915879777893,4.52787702798582e-23,2.62716018215031e-21
"MSTRG.11934",137.064208239664,3.13068520245501,0.423699800802447,7.38892299813638,1.48022854182425e-13,3.84520806501993e-12
"MSTRG.11931",467.199881653006,-1.17352621004783,0.248296526057036,-4.72630941996452,2.28637173234157e-06,2.010439037653e-05
"MSTRG.11936",98.3709574201865,-3.37747242378938,0.37872005601055,-8.91812400792235,4.74253202921117e-19,2.03225806470078e-17
"MSTRG.11937",166.506817791435,-1.51531830610255,0.210077134725611,-7.21315200762688,5.46713251153197e-13,1.33307473417692e-11
"MSTRG.11941",149.048968636809,-1.21812426340646,0.216412422559006,-5.62871691468788,1.81555081208359e-08,2.3239635113128e-07
"MSTRG.11955",218.713162332244,1.33925442490495,0.351886577557473,3.80592642720568,0.000141274377383856,0.000858555065614889
"MSTRG.11947",59.5008529333486,1.69646890164508,0.336549770601647,5.04076677459122,4.63670267095472e-07,4.67137509903917e-06
"MSTRG.11959|NCL6",84.1285594874276,1.41701867662145,0.268962549798891,5.26846089792421,1.37572338670758e-07,1.50317872177849e-06
"MSTRG.11964",736.854024381765,1.26711074845371,0.255513489378188,4.95907574796668,7.08293478885091e-07,6.87451143303735e-06
"MSTRG.11970",3.82972105093672,5.3784655641736,1.52265623254694,3.53229143204377,0.000411975061661296,0.0022247213078435
"MSTRG.11971",88.3203519116564,-2.41349300524491,0.333950130059788,-7.22710604967519,4.9339481447279e-13,1.21236333237843e-11
"MSTRG.12007",506.735803267598,-1.25438127267755,0.25034877658877,-5.01053486168233,5.42789640362103e-07,5.39329356404794e-06
"MSTRG.12026",236.044467734008,4.09844974694682,0.26505022011648,15.4629177261037,6.1737544197835e-54,1.48712648129876e-51
"MSTRG.11991",42.6070763499502,2.38199806795917,0.383887651960196,6.20493536532442,5.47193872457503e-10,8.88589191453461e-09
"MSTRG.12017",17.9158460116832,-4.3544605210397,0.999187411652893,-4.35800178250483,1.31255315202839e-05,9.95561546323823e-05
"MSTRG.12018",5.55183471752293,-5.91809624046477,1.51371289532766,-3.9096556941095,9.24277672542072e-05,0.00058565828768728
"MSTRG.12019",6.69524653209808,-4.27862524559663,1.34976773564366,-3.16989740724265,0.00152492769112744,0.00698452907909652
"MSTRG.12020|UCP2C",1503.78996332373,-4.76497128673632,0.324165677798468,-14.6991850559166,6.52401281241204e-49,1.19216960565203e-46
"MSTRG.12040",224.215753670116,-1.58165605350503,0.209132254864784,-7.56294649301066,3.9403972500938e-14,1.08757700489568e-12
"MSTRG.12047",28.1228211175358,-2.6795255760257,0.523271834034518,-5.12071432426638,3.04380457451756e-07,3.16070575608623e-06
"MSTRG.12050",159.025915891534,2.13677556760774,0.281917059803663,7.57944754778538,3.47029463605653e-14,9.66212681681728e-13
"MSTRG.12052",6.99954081357053,-4.35145381797492,1.35940975726229,-3.20098763064514,0.00136957411314107,0.00636651732477098
"MSTRG.12045|NDA2",1310.25896216965,1.47757569462863,0.198088315957613,7.45917641575994,8.70649697765958e-14,2.31063645647708e-12
"MSTRG.12064",20.3780343518167,1.81934196724029,0.485727275697575,3.7456038774587,0.000179960362296251,0.0010683382523472
"Cre02.g141786_4532.v6.1",4.43727306093067,-5.59406588772044,1.52451609498597,-3.66940428252541,0.000243116343865469,0.00139987817268136
"MSTRG.12069",132.80230336557,1.35502322099253,0.308426566996425,4.39334144975986,1.11621603407268e-05,8.60184319422565e-05
"Cre02.g141986_4532.v6.1",6.82639126308198,-6.21270764063274,1.39406597867499,-4.45653773613906,8.32939444703492e-06,6.58355518867828e-05
"MSTRG.12081|FTSZ2",250.023231795432,-1.60722226778216,0.485824179260985,-3.30823852824082,0.000938848085323784,0.00460957592973364
"MSTRG.12086|CYP97A5",488.310551711561,-2.24823941592848,0.17018047531232,-13.2109127783457,7.58984407233505e-40,1.00552784218319e-37
"MSTRG.12085",49.8618271669831,-1.34376755188636,0.382187726563517,-3.5159882395204,0.000438120390579653,0.00235232623081234
"Cre02.g142546_4532.v6.1",3.17218645478202,-5.10634384275558,1.58788125386816,-3.21582223501679,0.00130071375758947,0.00610172538157489
"MSTRG.12090",82.5918042375402,-1.41526028016865,0.4753204022852,-2.97748691906448,0.00290622045849451,0.0121363522062374
"MSTRG.12097",115.887426917004,1.04267970442537,0.420024448946225,2.48242621838155,0.0130491088245973,0.0430136288810797
"MSTRG.12104",117.978855480125,-4.14136084930583,0.492627654066532,-8.40667553906043,4.21795842576913e-17,1.48356422683357e-15
"MSTRG.12103|PRPL3",1454.96175421055,-1.27313681000876,0.185193442776697,-6.87463222736176,6.21499875092059e-12,1.32625570660585e-10
"MSTRG.12119",148.335505558466,1.2649996247721,0.23622851902672,5.35498266671611,8.55646191790907e-08,9.68879142243009e-07
"MSTRG.12120",251.695784489515,1.24788449107399,0.248832814713053,5.01495147459957,5.30468520220794e-07,5.27746466487495e-06
"MSTRG.12137",24.1801131388337,-1.5075913892146,0.448380661922819,-3.36230243014831,0.000772954165495262,0.00388014692865288
"Cre17.g733600_4532.v6.1",15.3190941718958,-1.62346012488944,0.594052504692943,-2.7328562914293,0.00627877210842664,0.0232951969614391
"MSTRG.12174",173.221641925093,1.08375818623821,0.377499556032143,2.87088598892533,0.00409323126692372,0.0162198880063692
"MSTRG.12156|ATPVE1",1221.50675640035,-1.00608648699374,0.197174566644931,-5.10251653706173,3.35166448698248e-07,3.45556173891359e-06
"MSTRG.12157|PRPL19",987.530468740702,-1.11813132560706,0.183485396244276,-6.09384369815721,1.10231293642545e-09,1.69025887331759e-08
"MSTRG.12160",609.585095272133,-1.31015711605876,0.326819775644412,-4.00880611791448,6.10264935894618e-05,0.000403744983389623
"MSTRG.12201",48.3998301131878,1.62980070884578,0.347188514810145,4.69428174989317,2.67545076889906e-06,2.31668389564037e-05
"MSTRG.12208",52.1854839935448,1.19254796696745,0.404758245670541,2.94632161227949,0.0032157784765863,0.0132228159874496
"MSTRG.12180",156.286117514855,1.13529619843541,0.295204715798084,3.84579289448728,0.000120163229110958,0.000744487535621985
"MSTRG.12175",889.23799634353,-1.35454344928405,0.417558500088184,-3.24396090367693,0.00117879925064105,0.00560758542390525
"MSTRG.12209",596.562916622205,-1.1234661932678,0.224388066532183,-5.00680009695019,5.53423498467626e-07,5.49551953693836e-06
"MSTRG.12186",41.2095232326235,1.28785100548374,0.393275872349424,3.27467585995079,0.00105783274352232,0.00511835738115188
"MSTRG.12191",17.9137129157395,1.49256317739606,0.56201148138606,2.65575210975233,0.00791317594528733,0.0283238644317639
"MSTRG.12193",37.7417205871659,2.44167369895585,0.511841970954327,4.77036631912651,1.83891192181311e-06,1.64334017610932e-05
"MSTRG.12195",10.3210025568812,1.78105998361238,0.65414219601821,2.72274131596122,0.00647427306499071,0.0239200541917784
"MSTRG.12215",66.2802246622848,2.01436825136546,0.313935179688556,6.41651010047312,1.39433703295787e-10,2.46850447104278e-09
"MSTRG.12218|MOTR2B",143.206318820838,-1.68376835305338,0.495556009120288,-3.39773571920237,0.000679460241850314,0.00345998043719933
"MSTRG.12224",90.7982436584045,1.65421651885744,0.258491326190556,6.39950493982137,1.55881537680302e-10,2.7353252605314e-09
"MSTRG.12223",42.5529175392609,1.03406167949125,0.359192199033837,2.87885338900091,0.00399123833631744,0.015867143553582
"MSTRG.12229",23.7934884786415,1.39980034205352,0.439043159644528,3.18829780467795,0.00143113059841953,0.00660055533904082
"MSTRG.12227",234.701663996976,-1.30807058376235,0.197541002449218,-6.62176746874926,3.54929086497562e-11,6.79020772218802e-10
"MSTRG.12228|ECH3",737.6118959282,-1.51930288594727,0.223257261874319,-6.80516670854162,1.00932289103899e-11,2.09480617777256e-10
"MSTRG.12236",181.19719581549,-1.80715127072393,0.490189017082144,-3.68664169891242,0.000227232938909195,0.00131748696673172
"MSTRG.12254|GOX20",27.4664811765605,-5.771780149289,1.06706788848767,-5.40900931567645,6.33743337695515e-08,7.38113669061048e-07
"MSTRG.12255",761.984232272189,-1.48530154264267,0.326111198014731,-4.55458614020233,5.24888131780269e-06,4.28811486076193e-05
"MSTRG.12256",200.566316073047,-1.66802524973609,0.295456511593728,-5.64558635292403,1.64619216711781e-08,2.11912251601935e-07
"MSTRG.12257",33.9290319084066,-2.19706436253595,0.631326658505607,-3.48007538242809,0.00050127271950996,0.00265939825589072
"MSTRG.12259",41.5998261308163,-1.04012682151424,0.40220697623095,-2.58604868384231,0.00970832170582999,0.0335455115147327
"MSTRG.12246",49.8063511455181,-1.25162808323509,0.385216751784604,-3.2491527884928,0.00115749288769159,0.00552109868842513
"MSTRG.12247",346.978945764523,-1.12288734443771,0.434056114351009,-2.58696354529327,0.00968258355036005,0.0334842541183797
"MSTRG.12249",20.5251834001307,-2.53016685666927,0.597933863346826,-4.23151624580538,2.3212122509216e-05,0.00016751081418589
"MSTRG.12262|FAP137",433.312807416425,-2.00349624499105,0.416648167567105,-4.80860447962578,1.51987586076946e-06,1.39509159552615e-05
"MSTRG.12265",95.3177871138962,-3.16024755470745,0.444253297602976,-7.11361642504164,1.13041041979758e-12,2.65454429157192e-11
"MSTRG.12263|ISG2",475.087066630676,-3.46743141711397,0.329074223507466,-10.5369280527537,5.83746209070692e-26,3.94910520502377e-24
"MSTRG.12264|FAP40",1777.01148376864,-1.3136453530256,0.273376027052176,-4.80526901788237,1.54543564335013e-06,1.41446953701672e-05
"MSTRG.12278",27.3627636753097,-1.91728906304736,0.591380452347595,-3.24205687799845,0.00118670335729316,0.00564349685140492
"MSTRG.12289",229.225467427841,1.09612086857371,0.221871151559852,4.94034876038411,7.79829601566081e-07,7.51833293250307e-06
"MSTRG.12291|MMP6",9.71382804413792,-2.32809612922066,0.88505058451161,-2.63046674389279,0.0085267711676097,0.0301777845108324
"MSTRG.12270",633.408070229151,-1.10290644320089,0.157473833128332,-7.00374418588063,2.49210969463748e-12,5.61979573409172e-11
"MSTRG.12271",42.0178385251814,-1.56388973167631,0.344841762496363,-4.53509377853502,5.75778964940073e-06,4.67265644952388e-05
"MSTRG.12274",964.643916821547,-1.20054554816808,0.41682297907191,-2.88022879842468,0.00397386672230554,0.0158139006636329
"MSTRG.12298",229.734148933181,7.25132818390509,0.52600239932654,13.785732143407,3.10599383529245e-43,4.74798942244994e-41
"MSTRG.12306",33.9188903320122,1.1215459868017,0.363782449140601,3.08301290909233,0.0020491626567093,0.00897948950285679
"MSTRG.12303",34.9891973976979,-2.76526669498545,0.474053247771979,-5.83324069180421,5.43610620972532e-09,7.476056792579e-08
"MSTRG.12359|CAX5",205.616563943015,2.44071380660416,0.251551997839807,9.70262143637772,2.93849978575705e-22,1.6277445851556e-20
"MSTRG.12353",116.546576106113,1.283117361823,0.293178743281646,4.37657023650709,1.2056135389577e-05,9.21447368840568e-05
"MSTRG.12312",20.560146199986,1.49378307613592,0.501076847201544,2.9811456755157,0.0028717215101047,0.0120333760062321
"MSTRG.12320",120.492633677365,1.72861436172741,0.332680083172267,5.19602599964573,2.03593796911862e-07,2.16793984146335e-06
"MSTRG.12337|PHT4F",122.885125417361,3.36937127471788,0.332486180641612,10.1338686264069,3.90871983910381e-24,2.42737609383095e-22
"MSTRG.12315|EFP1",720.858999216158,-1.81386399364155,0.180671832766834,-10.0395505257449,1.02138496947518e-23,6.19770162012074e-22
"MSTRG.12330",33.2524550088442,1.41067826737746,0.474682293481492,2.97183671426005,0.00296024074747428,0.0123263246210964
"MSTRG.12332",51.3330649916307,-1.5446648732299,0.384586941481397,-4.01642569370654,5.90874827805142e-05,0.000392878628709584
"MSTRG.12339",133.35994202097,-4.89848412509152,0.461825549337246,-10.6067846010711,2.7712215303759e-26,1.91551651695287e-24
"MSTRG.12340",140.126713973331,-1.45538756380388,0.584968614829778,-2.48797546895297,0.0128472594320912,0.0424547585548411
"MSTRG.12392",39.5126860221799,1.05177843253063,0.340871413617109,3.08555775144014,0.00203170764299166,0.00891282784444849
"MSTRG.12391",48.7879724483808,1.06242807969524,0.322345418608175,3.29593044716626,0.000980962981249607,0.00478825590294942
"MSTRG.12389",157.226751875113,2.56749133972173,0.243585483023917,10.5404119648199,5.62519406043601e-26,3.82176646037657e-24
"MSTRG.12389|RFA3",143.039279227165,-4.65227692784589,0.600548996864711,-7.74670668360792,9.43064563512432e-15,2.81291565304327e-13
"MSTRG.12409|OPR129",78.9510514736047,1.10452768061512,0.27956322750559,3.95090473976243,7.78563113336245e-05,0.000504795937023639
"MSTRG.12409|CRTISO1",282.320298592507,-2.34769692873349,0.186868501495052,-12.5633635949912,3.35749916180771e-36,3.73269382338595e-34
"MSTRG.12396|ATG17",679.879710492029,1.80257711254089,0.372465555665673,4.83958069443309,1.30113353563369e-06,1.20755522180411e-05
"MSTRG.12415",57.2733448120936,2.55675432420769,0.362856557737199,7.04618469665203,1.83890135847098e-12,4.25543723391144e-11
"MSTRG.12416",48.8445301215742,2.21819422168876,0.579010198840438,3.83101062145547,0.000127617995623737,0.000783953204956018
"MSTRG.12366|PPR3",132.878474982338,-1.20379234929762,0.289918218189295,-4.15217904144138,3.29324446829437e-05,0.000230338761799137
"MSTRG.12374|SPAST1",97.245322207934,1.10953577895418,0.273131399679805,4.06227837683584,4.85960766054513e-05,0.000328617790673528
"MSTRG.12363",38.731070241716,1.57904244506991,0.453710824854841,3.48028382522085,0.000500882853335678,0.0026587764949351
"MSTRG.12371",65.3506942293574,3.34721310468666,0.368628672722123,9.08017566829327,1.08399755050503e-19,4.8819810362405e-18
"MSTRG.12372",71.1105060843218,-2.22681022046476,0.339424399173642,-6.56054846347558,5.36102273089721e-11,1.00625194068245e-09
"MSTRG.12373|PETN1",1635.90521850222,-2.78371032246391,0.154607935918518,-18.0049640138201,1.78115493070782e-72,7.65318948334942e-70
"MSTRG.12381|FAP103",1481.22009010157,-1.44943634138255,0.312542388823869,-4.63756723315817,3.52533953919398e-06,2.98592690432104e-05
"MSTRG.12382|MST1",1680.51515960244,-1.1352942269051,0.299705097320678,-3.78803776463756,0.00015184177358947,0.000916817514821646
"MSTRG.12383",26.1834274566289,1.09566252744211,0.442112619525354,2.47824305177807,0.0132031170868842,0.0434312343155979
"MSTRG.12411",630.608831385985,-6.50205681076002,0.436276487811486,-14.9035233215904,3.12648496769263e-50,6.13640222424412e-48
"MSTRG.12412",15.43640949734,-2.79071624444351,0.710084641635262,-3.9301177364106,8.49042769362777e-05,0.000541656578945803
"MSTRG.12418|POB27",80.1862150064333,1.67721011990832,0.279707344118709,5.99630347638103,2.01859631386986e-09,2.9659560256842e-08
"MSTRG.12430|CPR3",93.6859757240154,1.293424928874,0.278924501832394,4.6371864801294,3.53183746449463e-06,2.98983770024152e-05
"MSTRG.12423",794.98653625741,1.28208596765238,0.263397804670331,4.8674891928467,1.13025010412202e-06,1.06260887967664e-05
"MSTRG.12424",33.8546339617998,3.54329437311895,0.542455448033148,6.53195462588926,6.49168249884115e-11,1.20005544612298e-09
"MSTRG.12426",151.271712136475,-1.63630932676107,0.33820646605809,-4.83819645979215,1.31022600969474e-06,1.21528431167602e-05
"MSTRG.12435|BAR1",83.0564841376567,-5.06189745514684,0.804588056704548,-6.291290820149,3.14836861865272e-10,5.29658881474507e-09
"MSTRG.12442",19.7173973752494,2.12686164445087,0.520269311776523,4.08800134143687,4.3510563812692e-05,0.000296880233259304
"MSTRG.12444",118.825858835,3.36719063146856,0.285735758946166,11.7842815470042,4.70414248483777e-32,4.08669165158201e-30
"MSTRG.12445",47.0810807121739,-1.52536262658366,0.34772044668624,-4.38674987657555,1.15056970126684e-05,8.84086858904797e-05
"MSTRG.12457|PHC61",190.747591792627,-3.58365171450128,0.369333736168134,-9.70301752469716,2.92711121482779e-22,1.62710538787875e-20
"MSTRG.12466|PTB6",142.538497344351,3.08367114828912,0.348276818881106,8.85408095260516,8.43761347568764e-19,3.50238065369405e-17
"MSTRG.12469",21.9072711149724,1.46940205976527,0.4958700152858,2.96328072774952,0.00304378835092066,0.0126213216491749
"MSTRG.12470",100.77918294381,1.37904718560764,0.347549891186222,3.96791142963912,7.25052689004166e-05,0.000472994979474281
"MSTRG.12474",46.9910854313506,2.74777816357967,0.481257267003373,5.70958269511266,1.13253518731093e-08,1.49295558937555e-07
"MSTRG.12462",111.871239997925,1.40770915299845,0.284957588359548,4.94006550624741,7.80963300011444e-07,7.524699723383e-06
"MSTRG.12463|NON1",510.867031022351,1.09960508755016,0.45203053386965,2.43259029016664,0.0149912533314692,0.04838224633855
"MSTRG.12465",150.858891023922,-1.43959538391559,0.230850963848063,-6.23603800442903,4.48792113013608e-10,7.40903116582589e-09
"MSTRG.12471",102.103444259893,1.34563591160566,0.327317521149531,4.11110259811273,3.93774163870425e-05,0.000271357679116255
"MSTRG.12489",592.562303916662,-1.42836980594362,0.249221546665845,-5.73132550155772,9.96488297332299e-09,1.32348963667409e-07
"MSTRG.12500",46.4832065378298,-1.62732228452029,0.489607107957528,-3.32373092234898,0.000888218518097676,0.00438673438978467
"MSTRG.12499|KIN14A2",85.6879210827792,-5.36821921942643,0.734399093051363,-7.30967572021631,2.67787850990347e-13,6.83353331467823e-12
"MSTRG.12497",130.781883914624,1.20558212973845,0.320574499051518,3.76069254823885,0.000169443588490008,0.00101081207122482
"MSTRG.12498",84.3231193027864,-1.0768865254156,0.317585869015131,-3.39085151601722,0.000696758391073053,0.00354126115769802
"MSTRG.12492|DPR1",413.010273222164,1.12305671283549,0.263073900397763,4.26897807474422,1.96370567949311e-05,0.0001437338530966
"MSTRG.12508|GOX19",36.2716480905594,-2.00195234724969,0.61186149952014,-3.2719044241544,0.00106825682214458,0.00515265381021074
"MSTRG.12508",191.584811679619,-1.01691420674216,0.392010101840798,-2.59410204473545,0.00948383338948246,0.0329200836737974
"MSTRG.12512|FAP35",551.064192239283,-1.65556560470358,0.34458518307744,-4.80451768099245,1.55124993250851e-06,1.41815821892009e-05
"MSTRG.12526",179.438567176039,1.17289313208905,0.232511772267089,5.04444622589577,4.54836721569079e-07,4.58528484432797e-06
"MSTRG.12522",194.190254611139,1.34633644639507,0.222997033786477,6.0374634744434,1.56555583751298e-09,2.34141173139994e-08
"MSTRG.12523",22.9801403257332,1.39264444182427,0.491485628963345,2.83354051421946,0.00460354720736198,0.0179644559407562
"MSTRG.12524",184.884687843842,2.1416718955833,0.252777866856728,8.47254517262452,2.40088522611817e-17,8.69449209452547e-16
"MSTRG.12540",17.409037574534,1.37705003859313,0.527712929674044,2.60946806712449,0.00906831092511677,0.0317112423898729
"MSTRG.12542|CDP1",234.517236446173,-4.13232814315412,0.387459231498328,-10.665194702354,1.48088559277699e-26,1.03714181295016e-24
"MSTRG.12543",5173.54998727617,4.97035656188827,0.399046972448539,12.4555676525756,1.30420201593151e-35,1.41049004416865e-33
"MSTRG.12552|CYB2",7.18713791465493,-6.29020326469887,1.46274099131515,-4.30028508262652,1.70578529734751e-05,0.000126191599149515
"MSTRG.12532",6.36626643968831,-6.11480369941001,1.55776432492306,-3.92537150939827,8.65959847268113e-05,0.00055178475558591
"MSTRG.12534|FDX2",14951.6808738008,7.42446957019395,0.587876921940117,12.6292924472892,1.45581364684437e-36,1.67713951866172e-34
"MSTRG.12535",18.0246180060294,-2.49540722926437,0.823541414516438,-3.03009318690986,0.00244478294397247,0.0104961272598635
"MSTRG.12550|CYP742A1",93.7639732943466,1.03880730223869,0.265821771583811,3.90790903261723,9.30983435499196e-05,0.000589202812801203
"MSTRG.12572",68.254208703783,-1.04690456584627,0.348438536743564,-3.00456021779457,0.00265965104605337,0.0112544935667172
"MSTRG.12559",8743.03161712578,1.68476085604237,0.250536459699016,6.7246134876591,1.76059153684831e-11,3.47700425500801e-10
"MSTRG.12560",32.3268553575181,-1.32751057638735,0.483196032254744,-2.74735405047258,0.00600782413118197,0.0224365487520627
"MSTRG.12561",161.03741068472,1.02549432956625,0.378097609989759,2.71224758493985,0.0066828656947906,0.024565132674169
"MSTRG.12561|CGL37",67.5090487112071,-1.2613577994631,0.316510041531284,-3.98520626189495,6.74215343090354e-05,0.000442920476216961
"MSTRG.12564|CMT1A",227.537727712705,-1.1827266816709,0.228062485095256,-5.18597647121535,2.14885940026072e-07,2.27902379888892e-06
"MSTRG.12582|THB7",36.429744669631,-2.45385014772097,0.598751210603407,-4.09828006067502,4.16231481084946e-05,0.00028556798977319
"MSTRG.12570",30.3677410328332,2.34443245819087,0.474855076744155,4.93715361382566,7.92710306746574e-07,7.62215963300715e-06
"MSTRG.12585|CGL5",277.140249499659,1.09749460956269,0.300499225556348,3.65223773049922,0.000259965049146676,0.00148934210858878
"MSTRG.12593",3017.88901436004,1.1663710657675,0.322560704392996,3.61597383029781,0.000299220605754177,0.0016821107462093
"MSTRG.12587|THB10",152.316110182738,1.00011736694642,0.261079157556509,3.83070550827081,0.000127776361816624,0.000784622866033481
"MSTRG.12587",123.812511181165,-1.04572363394911,0.257313395429491,-4.06400775289471,4.82372224552675e-05,0.000326329941529295
"MSTRG.12589|HTV3",14.1447811569836,-2.90562399683559,0.853882020665654,-3.40284011902544,0.000666892928001632,0.00340799221130503
"MSTRG.12600",299.691640210224,-2.34634781816203,0.38455726690368,-6.1014262896499,1.05126118115225e-09,1.61947192422078e-08
"MSTRG.12602|CCB1",105.58716949444,-1.66677548542013,0.266122525606005,-6.26318828751758,3.77184720959956e-10,6.29221688753555e-09
"MSTRG.12621",55.5603525265097,-1.0027111836422,0.327538341089431,-3.06135513878182,0.00220337581554867,0.00958655410935761
"MSTRG.12639",22.0235696021944,-2.48582826649096,0.641155338826592,-3.87710764608213,0.00010570559768704,0.000661096613701242
"MSTRG.12642|POLQ1",69.85402141077,-2.26790701500076,0.433453181023193,-5.2321844994821,1.67518420233012e-07,1.81293930896149e-06
"MSTRG.12647|SHMT1",1987.08127429861,-1.2257792602233,0.333505068463363,-3.6754441720215,0.000237435960240563,0.00136915375259502
"MSTRG.12634|SSS5",169.570891489129,2.30616195812651,0.336523394256446,6.85290234642383,7.2366489325658e-12,1.53602462923806e-10
"MSTRG.12626|CLPX1",783.716728649178,1.10941293395053,0.332767693538354,3.33389615486414,0.000856386238298538,0.00425596386885594
"MSTRG.12636|PBGD1",1182.54565482108,-2.40761840203143,0.260334917355864,-9.24815782102844,2.28394932781595e-20,1.09698569225432e-18
"MSTRG.12637|ERG3",424.735228321551,-1.15501053050741,0.260245198665577,-4.43816268822553,9.07300323547199e-06,7.10554706588836e-05
"MSTRG.12657|APE1",502.182933134946,-2.7003561813643,0.223035582820086,-12.107288654217,9.66359361252361e-34,9.48344513900619e-32
"MSTRG.12666",1067.78995277688,1.53982160753404,0.230744484459212,6.67327590144946,2.50155457930352e-11,4.87971959530888e-10
"MSTRG.12670|MCM8",28.5373245796242,-4.16307355158828,0.70882468726844,-5.87320620509324,4.27446235367097e-09,5.98726013204062e-08
"MSTRG.12667|RAA2",101.538856133971,1.55906514023236,0.315885353177764,4.93554108966551,7.99288498520014e-07,7.67799912354755e-06
"MSTRG.12676",173.502455499137,-1.06243561941598,0.202794502177951,-5.23897644169711,1.61469647005931e-07,1.74985988282229e-06
"MSTRG.12672|CPLD49",125.986388633754,-2.22994014817774,0.246761297728141,-9.03683101324296,1.61279423995569e-19,7.16206782871942e-18
"MSTRG.12677",60.071510553459,-2.16159231997807,0.461448250718744,-4.68436561762064,2.80828339001016e-06,2.42115451921808e-05
"MSTRG.12686",58.7682058371076,-1.15279759503324,0.356095102457785,-3.23733066553452,0.0012065352033181,0.00571927737610814
"MSTRG.12690|GSTS3",294.886967286105,-1.27580357256478,0.269635668041625,-4.73158310927851,2.22775572914278e-06,1.96432948318979e-05
"MSTRG.12700",201.759267986487,-1.01728246711047,0.310847733032842,-3.27260700017069,0.00106560530037536,0.00514767337142738
"MSTRG.12701",1026.74130379099,-1.75351662035987,0.197555907149623,-8.87605258511358,6.92751014501751e-19,2.91358614511874e-17
"MSTRG.12713",61.9317924159668,1.41846725243834,0.308615664093532,4.596225718499,4.30212645299079e-06,3.59029954591326e-05
"MSTRG.12738",60.5138624266078,1.51789032518809,0.373890124801895,4.05972296270819,4.91309737612189e-05,0.000331952495051363
"MSTRG.12749|MIA2",987.276072406971,1.00758288694118,0.395605698397373,2.54693724337888,0.0108672974554875,0.0368375895410108
"MSTRG.12750|ATG8",345.583811065972,1.28204462238254,0.440501510326371,2.91042049193579,0.00360942788368331,0.0145567439104001
"MSTRG.12726|GSTS1",667.39136492603,1.90630921740894,0.23253802094601,8.19783882933939,2.44747188409227e-16,8.27870383261679e-15
"MSTRG.12733",173.020794577066,-1.69369677024038,0.373449290898424,-4.53527911692047,5.75273560314428e-06,4.67130478716915e-05
"MSTRG.12764",46.1910414486468,-1.41085238944686,0.348181253881157,-4.05206303820257,5.07679811479462e-05,0.000341561305243355
"MSTRG.12753|HPAT2",308.065866772067,-1.40295808641813,0.224035476185568,-6.26221395961444,3.79549668733884e-10,6.3250321106198e-09
"MSTRG.12790",49.6617425185284,1.14452050040049,0.395774602231693,2.89184928478676,0.00382981619893422,0.0153019396659101
"MSTRG.12794",25.9517042156141,1.54446520840936,0.430677773419066,3.58612703912755,0.000335625502686399,0.00186500323023711
"MSTRG.12796",52.127979376008,-3.65972010164428,0.543717706927161,-6.73091947350273,1.68594259003878e-11,3.35878637799957e-10
"MSTRG.12797",102.369664162289,-1.6423302147811,0.648304833344624,-2.53326850319512,0.0113004355286819,0.0380150936129848
"MSTRG.12798",50.8378225825892,1.13014781490691,0.342820053646132,3.29662107827999,0.000978554255848028,0.00478237182891852
"MSTRG.12822",29.8235060439119,3.07710315688781,0.474041446693668,6.49121121866012,8.51490000628899e-11,1.54708434628551e-09
"MSTRG.12821|ARS2",27.0213520245952,1.32851012599726,0.42667610197607,3.11362675304409,0.00184803111322341,0.00825280860618702
"MSTRG.12821",68.2132700845842,3.42169447421755,0.353251665557553,9.68627980512684,3.44861906581521e-22,1.90368562181702e-20
"MSTRG.12815",46.2805832555263,1.38491480946554,0.385978348273054,3.58806346434178,0.000333143208498938,0.00185294298810174
"MSTRG.12812|NSG10",50.3430399347121,-2.48042900765001,0.509000181685203,-4.87313972941577,1.09838477796763e-06,1.03509906343387e-05
"MSTRG.12840",38.7314764587067,1.52201001021661,0.378235508951676,4.023974413283,5.72241370598758e-05,0.0003817663999068
"MSTRG.12826|NDA5",146.760245275442,1.08122840401014,0.212554881797746,5.08681990677106,3.64117290931392e-07,3.72985611548149e-06
"MSTRG.12858|ACX3",330.51627564696,-1.53172664821497,0.271262585314359,-5.64665652817506,1.63598214676913e-08,2.10768591323628e-07
"MSTRG.12859|CPLD61",166.714772919222,-5.0646032553108,0.360005276146123,-14.0681361938016,5.96200600879725e-45,9.87333036748528e-43
"MSTRG.12869|PTA4",84.1229406586414,2.22047995462413,0.632406611145228,3.51115866831792,0.000446158013879568,0.00239224961371244
"MSTRG.12866|CTF18",35.8923665628234,-8.60854255431532,1.32102648430772,-6.51655561533017,7.19401443641666e-11,1.31915157451156e-09
"MSTRG.12847|LHCA7",6890.48656992349,-4.80070692513182,0.181711445479308,-26.4193975919832,8.20301941953322e-154,4.3470534243913e-150
"MSTRG.12925",4.59057703837115,-5.63604403489261,1.55923977746301,-3.61461021990014,0.000300799828091885,0.00168979352190982
"MSTRG.12908",134.187371022615,-1.5561829200196,0.245976209396703,-6.3265586693786,2.50689012223389e-10,4.24435986829333e-09
"MSTRG.12915",420.329309560746,1.45626624016017,0.229834355695967,6.33615560106502,2.35568892056568e-10,4.00542700097895e-09
"MSTRG.12923",268.959850767776,1.40747629816037,0.347394115696894,4.05152601775331,5.08846664794661e-05,0.000342201534556071
"MSTRG.12917",49.1173517821887,-1.94380514767005,0.358924469013891,-5.41563842947365,6.10704016282909e-08,7.14420342227055e-07
"MSTRG.12933|AGP2",381.014373545098,1.35532334189625,0.243176198158634,5.57342105090446,2.49784878079954e-08,3.11946582224282e-07
"MSTRG.12934",343.009497327265,1.81781417578085,0.245131046773852,7.41568316092533,1.20999454012042e-13,3.15870167468546e-12
"MSTRG.12942",88.0687670958595,1.64505481241429,0.537865616355721,3.05848665984688,0.00222457983456536,0.00966294268030604
"MSTRG.12950",18.2017390761388,1.47105239794243,0.520026085241313,2.82880501515573,0.00467221552957077,0.0181903090883866
"MSTRG.12975",8.8405844442692,4.67273146725721,1.20546354351979,3.87629430386044,0.000106059390350889,0.000663048441918379
"MSTRG.12974",72.7581024512309,2.30271932341688,0.345783491945633,6.65942526770171,2.74900439744347e-11,5.34274717732962e-10
"MSTRG.12978",128.461546386247,1.24470455613036,0.244057091929953,5.10005485309807,3.39555062023496e-07,3.49627355961757e-06
"MSTRG.12957",160.354993131769,-1.51737365641554,0.268385668984818,-5.65370596036323,1.57024747932046e-08,2.03122818765148e-07
"MSTRG.12983",712.487675446922,-1.64616870136674,0.255792219429738,-6.43556987400437,1.23010923804746e-10,2.1924076980357e-09
"MSTRG.12965",199.80573424347,1.05401507181536,0.197149126962866,5.34628323266116,8.97786845126558e-08,1.01442894554527e-06
"MSTRG.12966",604.453746721209,-1.74132269027353,0.398441880945807,-4.37033046360499,1.24058643367917e-05,9.45939718111821e-05
"MSTRG.12960|SECY1",372.035190571935,-1.00860011794001,0.224634985006508,-4.48995118863962,7.12394965352576e-06,5.69128399958556e-05
"MSTRG.12969",9.64800461153508,2.43967374050528,0.855946961639816,2.85026274972853,0.00436831262662863,0.0171687105409498
"MSTRG.12970",37.6659579926734,1.88613700433767,0.413574340264866,4.56057550168545,5.10136156311258e-06,4.18480114191763e-05
"MSTRG.12971",61.8624964252886,2.31140842521067,0.334523550606606,6.90955366526301,4.86180927243392e-12,1.05447535897891e-10
"MSTRG.12990",66.1857313880807,1.0044763198597,0.276326517591746,3.63510649869566,0.000277865824323533,0.00157711919853464
"Cre16.g679850_4532.v6.1",10.19589448907,2.49938749664416,0.849163149288195,2.94335369915576,0.0032467724068316,0.01332400302628
"MSTRG.12999",8.7650457803832,-3.29634649726149,1.2673478026806,-2.60098016526269,0.00929578284233339,0.0323520918623941
"MSTRG.13005",21.6783957745116,-4.99837071162473,0.893097110575421,-5.59667101420168,2.18506777526286e-08,2.75700059453404e-07
"MSTRG.13012|HIK6",958.868185882335,1.39732549072817,0.428896247973198,3.25795690060569,0.00112217448258513,0.00538494715488633
"MSTRG.13033",33.3666026188263,2.23368816945854,0.409111655118506,5.45984975375858,4.76537685423623e-08,5.69623768636448e-07
"MSTRG.13030|SRE3",155.684600514233,-1.00829411431483,0.296200357519297,-3.4040948591669,0.000663836956216985,0.00339674281620136
"MSTRG.13038",9.95015256653316,-6.75693757924618,1.36472231633811,-4.95114463825632,7.37782422098978e-07,7.15199082105461e-06
"MSTRG.13036",684.581759301909,-1.18692195454388,0.201530258971772,-5.88954711118656,3.87255402486055e-09,5.45313231950691e-08
"MSTRG.13048",37.1964195109079,8.65982225276784,1.2322557019513,7.02761791976682,2.10089240466944e-12,4.82786658214366e-11
"MSTRG.13047",32.9450978957535,7.51596723526978,1.23978308463324,6.06232439241028,1.3416826367314e-09,2.03143529131008e-08
"MSTRG.13040",147.806536686006,1.12902915928056,0.245395895064925,4.60084778101871,4.20774844711228e-06,3.52077814801005e-05
"MSTRG.13039",97.4879348430219,-1.19640218596258,0.282166165413967,-4.24006253268293,2.23457527474554e-05,0.000161846367735328
"MSTRG.13041|APK1",236.779731898035,-1.16434444103995,0.368731129716592,-3.15770583822113,0.00159015929137547,0.00723743269804961
"MSTRG.13041",645.786158008876,-1.81736382618871,0.167546951315462,-10.8468928376197,2.06320255343205e-27,1.52561833462617e-25
"MSTRG.13042",127.068683174882,-1.51916594128465,0.428362583452959,-3.54644873284429,0.000390460707505404,0.00212659963272385
"MSTRG.13053",459.464423056086,-1.86939584217456,0.236307412369066,-7.91086417236433,2.55608293807173e-15,7.92136579911586e-14
"MSTRG.13055",414.265638428027,1.84331533542567,0.35416823846846,5.20463196642583,1.94381450545788e-07,2.07679858923181e-06
"MSTRG.13050|HSP70E",1254.16398544931,-1.25728242019328,0.36052138488572,-3.48740039537965,0.000487740561777015,0.00259594892906963
"MSTRG.13059|CPLD39",295.082994365953,-1.19643820562183,0.21998733896734,-5.43866847627742,5.3680234367613e-08,6.34976462779994e-07
"MSTRG.13062",241.438573674317,1.06072283289408,0.29507315697446,3.59477915161862,0.000324666866795421,0.00181170721246529
"MSTRG.13078|FKB16B",542.469880001185,-2.21170226033265,0.272083360924886,-8.12876705438534,4.33678800565516e-16,1.43042024302709e-14
"MSTRG.13079|FKB16E",68.5162037432864,-2.43546247423786,0.377397051077166,-6.45331612233473,1.09428757639391e-10,1.96576089147011e-09
"MSTRG.13087|UROS2",25.280577442604,-1.64291892460621,0.497366459245229,-3.30323626385943,0.000955758253320306,0.00468168529345377
"MSTRG.13088",179.864781983738,-1.127428080413,0.198564724103623,-5.67788707436591,1.36368688185624e-08,1.77413208246731e-07
"MSTRG.13094",168.334933875454,1.23051362355317,0.290033298649652,4.24266327101832,2.20882733413603e-05,0.00016015870159927
"MSTRG.13083|PHT4H",491.503079264668,-1.15291719960298,0.242206897189901,-4.7600510678234,1.93543981403677e-06,1.72105442649796e-05
"MSTRG.13092",24.7534082175703,-4.87216338924696,0.913611622159337,-5.33286056249101,9.66775486259369e-08,1.07933965453311e-06
"MSTRG.13101|FAP269",345.989543478279,-4.25093103713246,0.34531584035707,-12.3102694412652,7.9756479379613e-35,8.07623254252922e-33
"MSTRG.13118|NRR1",140.679958178396,6.10753295800109,0.509664217770134,11.9834446779932,4.33911786108694e-33,4.12290398295168e-31
"MSTRG.13111|LHCB5",9459.00246415688,-3.78110179653149,0.265936471319014,-14.2180641029704,7.07840942063847e-46,1.21002745128291e-43
"MSTRG.13112",82.7978743540267,1.60645889937952,0.311346429947817,5.15971517530734,2.47325819486463e-07,2.59880097699655e-06
"MSTRG.13113",184.419099669174,1.50139733852479,0.295623322060158,5.07875132469847,3.79923605651031e-07,3.87181120682057e-06
"MSTRG.13114",136.75871193956,1.20138879438383,0.272569456775882,4.40764276597456,1.04501717552512e-05,8.10028427913136e-05
"MSTRG.13137",124.40815287833,1.61797026983545,0.362223553415968,4.46677267277928,7.94084316084561e-06,6.29329633953757e-05
"MSTRG.13139",602.636813594245,-1.11681045981886,0.221121589317636,-5.05066223187546,4.4028099723632e-07,4.44983299050414e-06
"MSTRG.13141",112.14920798661,-3.64394712749163,0.33825460022353,-10.7727939992053,4.62741518619429e-27,3.34393848318713e-25
"MSTRG.13152",68.730634672757,-4.45367217847167,0.601530283481498,-7.40390351204762,1.32238524332426e-13,3.44643944235559e-12
"MSTRG.13160",156.562511608107,5.07737007207757,0.351295487804869,14.4532743753824,2.39046015231584e-47,4.22261505572414e-45
"MSTRG.13119",36.5290333907578,1.4741695642223,0.429292902902813,3.4339481371674,0.000594857999978898,0.00308248125282416
"MSTRG.13127",2155.67355801038,-1.25033509481603,0.230069594839678,-5.43459510887264,5.49209971697881e-08,6.47725528935676e-07
"MSTRG.13124|FAD4",834.013624646013,-1.03091321231639,0.312095550271943,-3.30319740674964,0.000955890707167626,0.00468168529345377
"MSTRG.13129",898.189419272563,1.54579147985685,0.254555135012303,6.0725213018474,1.25917388975057e-09,1.92669359954326e-08
"MSTRG.13157",13.6248517337581,-2.38213358836932,0.81343035245321,-2.92850344369999,0.00340598059719789,0.0138770577996545
"MSTRG.13156",421.243041817367,1.42745341288378,0.220589696458228,6.47107927433995,9.73053639831329e-11,1.75591450238802e-09
"MSTRG.13158",206.853959043717,1.01165490013674,0.286036221166914,3.53680696804617,0.000404995552716082,0.00219224354684381
"MSTRG.13158|PRFA1",94.4550787785486,-1.4597369093175,0.291250149110448,-5.01196965486854,5.38757015908055e-07,5.35657225697703e-06
"MSTRG.13159|FKB16G",51.2868717114968,-1.86028242329524,0.418190225243383,-4.44841201683414,8.65074705413853e-06,6.80839488448982e-05
"MSTRG.13168",17.3640639983029,-1.98514578710474,0.57279892695981,-3.46569396985624,0.000528864883958683,0.00278130794746118
"MSTRG.13177",351.77464501196,1.96321817094893,0.320789456766164,6.11995852588135,9.35997161060519e-10,1.46317432316029e-08
"MSTRG.13175",101.971463550388,3.92599666939286,0.358570608913861,10.9490197238558,6.71705931210869e-28,5.06103359923715e-26
"MSTRG.13183",49.9524668806855,-2.8432089594255,0.514181630694013,-5.52958096847586,3.20996617038591e-08,3.93159030637868e-07
"MSTRG.13194",12.8388057323555,7.12332805149188,1.29512014620243,5.50012913657393,3.79513194091958e-08,4.58472702102883e-07
"MSTRG.13195",7.64215980827814,2.74458504650821,0.92128132655655,2.97909549167416,0.00289100666123188,0.0120823406677877
"MSTRG.13197",3.30052136401418,5.16627267184176,1.57765610336389,3.27465070545235,0.00105792693134137,0.00511835738115188
"MSTRG.13192|CYP97A6",315.762197302546,1.22272587040506,0.326952292146468,3.73976846095118,0.000184189838453719,0.00109018989267953
"MSTRG.13201|CMS1",103.986405535748,-1.31116153822899,0.352025259884222,-3.72462345077232,0.000195606973245943,0.00115048452114835
"MSTRG.13211",9.10645534440432,-3.35670341657075,1.14143361448624,-2.94077848590572,0.00327388564065387,0.0134110368243018
"MSTRG.13205|SEC61G",140.61072989052,-1.45741088029964,0.353573157264436,-4.12195001333103,3.75678730505562e-05,0.000259675672068584
"MSTRG.13219",100.825079297626,1.60244161500581,0.378994162971314,4.22814325804564,2.35627752091084e-05,0.000169733122009246
"MSTRG.13222",201.074582686338,-1.89087397365343,0.306200237416654,-6.1752857855576,6.60438965867235e-10,1.05524207832737e-08
"MSTRG.13235",69.1877292237313,-4.2287722678285,0.62690605896319,-6.74546402506025,1.52538728621418e-11,3.06969709825735e-10
"MSTRG.13230|ODC2",694.735227917835,1.13493718482653,0.227269289762252,4.99379914467898,5.92029691368912e-07,5.856930947967e-06
"MSTRG.13233|CAX4",60.3304219692136,2.83464148994932,0.409059780285515,6.92965093750064,4.21880286990066e-12,9.18774356516174e-11
"MSTRG.13240",129.967419139572,1.63667369824923,0.390129933748536,4.19520153842944,2.72629065524999e-05,0.000193926482492905
"Cre16.g684715_4532.v6.1",6.45451138425279,-3.60778439638282,1.19767161971536,-3.01233187544367,0.00259248996959422,0.0110172161284707
"MSTRG.13246",7.89238659205279,2.83765577454701,1.11906688987528,2.53573383344695,0.01122119855822,0.0378183826198795
"MSTRG.13247",12.0839023162931,-3.21978850719139,0.76424011544748,-4.21305875223015,2.51935496458275e-05,0.000180255199041118
"MSTRG.13248",27.1438169441627,-2.60680489428785,0.456068899655301,-5.71581376467039,1.09180261673973e-08,1.44165099675483e-07
"MSTRG.13262",54.7626388116144,-3.3761312635611,0.453388230512695,-7.44644663524535,9.58877970295374e-14,2.52806666198273e-12
"MSTRG.13257|FTRV1",246.567423571959,-1.32620794397161,0.270080869131565,-4.91041053087537,9.08859167132921e-07,8.67810392737488e-06
"MSTRG.13272",2.94396397245697,-5.00283113501957,1.71535606108963,-2.91649719175018,0.00353985909759305,0.0143453173422213
"MSTRG.13265",132.111836988288,-1.45923014832134,0.361575989566059,-4.03574958080765,5.44282456724567e-05,0.00036403039533055
"MSTRG.13266",1507.17822254023,1.04895386434365,0.347806434708631,3.01591275970037,0.00256206963328492,0.0109171222272752
"MSTRG.13284",1057.80327517011,-2.14140237777099,0.422037206401842,-5.07396586198624,3.89608983178213e-07,3.96543125132346e-06
"MSTRG.13283",161.986819638156,6.09693990647285,0.449983839697094,13.54924192517,8.00525884613057e-42,1.15697822850713e-39
"MSTRG.13286|FAP173",433.732946876269,1.19813840539738,0.20892063298768,5.73489745011464,9.75713636868841e-09,1.29698122064723e-07
"MSTRG.13312",51.5468415305846,2.04055577720476,0.380433514564176,5.36376449257477,8.1505158828179e-08,9.28866677455476e-07
"MSTRG.13314",82.6121822145158,2.33619224279558,0.394711256787399,5.91873731144666,3.24422644804237e-09,4.61743169838654e-08
"MSTRG.13315",199.126341373473,1.64861985032248,0.252013965784483,6.54177971919358,6.07910009578851e-11,1.12771917529575e-09
"MSTRG.13316",240.455197488154,1.39668140944743,0.281952454141425,4.95360614505193,7.28505889675499e-07,7.06637378527217e-06
"MSTRG.13318",5.8681063690601,-5.99810673600453,1.51662295587779,-3.95490963179635,7.65635859204124e-05,0.000496819546515395
"MSTRG.13321",88.6310299709493,1.66773811314007,0.379996393903252,4.38882615703107,1.1396412062364e-05,8.7688643528188e-05
"MSTRG.13323",105.298460054737,-3.57461642040042,0.428918333403932,-8.33402571541291,7.8138942629764e-17,2.70054980419128e-15
"MSTRG.13302",63.5998585222785,-1.57025636599665,0.565663546825093,-2.77595467272029,0.00550398812314877,0.0208686866639206
"MSTRG.13304|PHC19",239.171864858855,-4.19724991554682,0.470859612845479,-8.91401556014153,4.92169139329693e-19,2.10336155297405e-17
"MSTRG.13308|PHC22",305.61681431974,-4.26436622375884,0.424812862173798,-10.0382229528969,1.03522274182381e-23,6.25778370703987e-22
"MSTRG.13330",645.926481390968,-1.22273767810412,0.401753848686586,-3.0434996008165,0.0023384375136485,0.0100858599001584
"MSTRG.13341|LCI31",697.625543893969,3.15569176190064,0.589145757831744,5.35638544443509,8.49032876583061e-08,9.62075885382573e-07
"MSTRG.13342",108.379686938185,-1.17491685277769,0.272794096573952,-4.30697316229928,1.65503681341803e-05,0.000123009702008975
"MSTRG.13416",35.943440784415,1.35036493668765,0.435592820706864,3.10006242641081,0.00193479859432359,0.00855616913840235
"MSTRG.13434|DUR3C",58.9821546123718,6.46364724984996,0.836016219036129,7.73148546962655,1.06298811642512e-14,3.15876356540683e-13
"MSTRG.13435|IFT172",332.121327408591,-1.0175807268845,0.229010502405901,-4.44338017773932,8.85564837291841e-06,6.9490176620265e-05
"MSTRG.13437",54.7993916672725,1.043109726148,0.373338642221791,2.79400417792358,0.00520598060793218,0.0199384918585656
"MSTRG.13438",13.6119491172189,-7.21049044572464,1.3610008062621,-5.29793253064101,1.17121224163228e-07,1.29215351960236e-06
"MSTRG.13440",152.315313924822,1.44927144704903,0.217277301716115,6.67014656203059,2.55548091591848e-11,4.97880338250882e-10
"MSTRG.13418",1289.88475607019,-6.59070939669027,0.457862793256637,-14.3945074676468,5.60225598126323e-47,9.68094191196987e-45
"MSTRG.13419|GFY4",1637.59558654689,-4.68279143344219,0.301896725843925,-15.5112362360071,2.91217501223879e-54,7.12273205301111e-52
"MSTRG.13420|GFY5",5588.97932450923,-4.53745018337407,0.295223800314833,-15.3695270453644,2.62075274919497e-53,6.03836626184083e-51
"MSTRG.13444",87.4640988540967,2.13309190614842,0.421645408252993,5.05897103204913,4.21524889424986e-07,4.276581169163e-06
"MSTRG.13452",43.262936781167,-3.69075060311142,0.691665431477672,-5.33603449752652,9.50013346594001e-08,1.06361353409517e-06
"MSTRG.13359",99.2693499339005,1.07423400006463,0.305238180221325,3.51933037762746,0.000432637587570088,0.00232460565041831
"MSTRG.13363",125.609292099407,2.59976965875257,0.249645844610771,10.4138310926262,2.14415297581366e-25,1.39133649018309e-23
"MSTRG.13389",108.727376035645,2.17066953927447,0.485691339522264,4.46923665842917,7.84992394464652e-06,6.2305587055412e-05
"MSTRG.13357|TAGL1",211.861799831452,-1.77230244064648,0.410599795310308,-4.31637438909844,1.58612871513665e-05,0.00011833071005745
"MSTRG.13367",46.317913422762,-2.58187522656285,0.480290662852139,-5.37565150908983,7.63062549035865e-08,8.75896635709183e-07
"MSTRG.13368",12.7795325170447,-4.57983882652982,1.05926800516875,-4.32358836874358,1.53511606650061e-05,0.000114956548399561
"MSTRG.13383|GFY2",620.234316749916,-1.05394038456065,0.215244321164366,-4.89648404594067,9.75665653650332e-07,9.27144803450865e-06
"MSTRG.13385|GFY3",2716.86058660968,-3.59010987906808,0.248560896155004,-14.4435827783195,2.75158943701495e-47,4.8071174582048e-45
"MSTRG.13386",13.7861177160362,-3.67513472185139,0.820992592818902,-4.47645295949956,7.58933803179519e-06,6.04485451049499e-05
"MSTRG.13392",14.3236306340142,2.00502197516063,0.635580557576726,3.15463075649319,0.00160701348955099,0.00730577651040368
"MSTRG.13400|FAB2",2022.03266959115,1.23673248499487,0.200246509117095,6.17605016161197,6.57251129170374e-10,1.05120507560871e-08
"MSTRG.13459",126.889113808119,-3.17231811689326,0.377494488894117,-8.40361438437598,4.32942711083944e-17,1.51940909951712e-15
"MSTRG.13458",183.347395821749,1.41879528339268,0.246153883476543,5.76385496484717,8.22140727297945e-09,1.10391835156949e-07
"MSTRG.13462|LCI26",38.2432643606807,-2.91568178085534,0.559329157721583,-5.21281921495442,1.8599213503502e-07,1.99790740728835e-06
"MSTRG.13463",863.276560486673,-2.48980172192496,0.358178605966391,-6.95128542143743,3.61972671041422e-12,7.99255767252295e-11
"MSTRG.13473",31.9375106732436,1.303654418818,0.419109590507724,3.11053349373063,0.00186749715247995,0.00832804200003542
"MSTRG.13478|LIC3",91.4945200761751,3.31866035003537,0.326906991018836,10.1516958682727,3.2565458257787e-24,2.03029668777372e-22
"MSTRG.13471",21.9997898843156,-2.67127830581836,0.557702808403519,-4.7897881552097,1.66957482473453e-06,1.51155470180123e-05
"MSTRG.13480",443.813401547876,-1.70411388243481,0.228519710945949,-7.45718553283957,8.8390198784612e-14,2.33814871926416e-12
"MSTRG.13488",107.213901421374,1.50056020545277,0.555364077688222,2.70193962076022,0.0068936279769979,0.0252348371122064
"MSTRG.13489",90.0042333872997,1.50372356624557,0.416160363215158,3.61332721508639,0.000302292823802594,0.00169609763611924
"MSTRG.13489|LIC2",298.222689321089,1.2876707130608,0.224062999453658,5.7469136635704,9.08871063604774e-09,1.21626533410679e-07
"MSTRG.13492|PGA3",46.481820554414,-1.26997216555925,0.374615159449195,-3.3900714734196,0.000698744034230372,0.00354908391571708
"MSTRG.13497|SNRK2L",228.807174694142,-1.30373579969541,0.24523288506354,-5.31631717890366,1.05888507882101e-07,1.17229491525741e-06
"MSTRG.13498",108.014139244894,1.82576864384684,0.605248784912123,3.01655895783735,0.00255661494442138,0.0108997222811507
"MSTRG.13517",537.122711608063,1.07338402988123,0.226553972761221,4.73787334999654,2.15972713285211e-06,1.90964082080549e-05
"MSTRG.13520",97.500826846375,1.00308499754696,0.251756785044679,3.98434146419906,6.7667513913092e-05,0.000444169337815994
"MSTRG.13529",65.2375423594345,-1.21703644961356,0.430964123234868,-2.82398553382668,0.00474305255912076,0.0184274314723611
"MSTRG.13526",52.0409126299826,1.14738545504655,0.303300589001085,3.78299778060255,0.000154950796642007,0.000933109001899479
"MSTRG.13534",65.3395024110085,-3.09174393504492,0.778995801884878,-3.96888394977747,7.22100358107578e-05,0.00047135141618081
"MSTRG.13535",108.347482842779,1.37214438274047,0.255544475857127,5.36949342433692,7.89581157256143e-08,9.04377610811106e-07
"MSTRG.13510|MMP33",28.9213160891868,-2.18938091002876,0.524615996372734,-4.17330185348223,3.00216764777256e-05,0.000211656147513473
"MSTRG.13512|NSG1",3676.27409668713,-4.19415395631052,0.563275097322174,-7.44601345994105,9.62029952568619e-14,2.5321775142278e-12
"MSTRG.13549",17.476169309334,1.51456239102322,0.514416505362665,2.94423366131197,0.00323755469178568,0.0132999081369532
"MSTRG.13539|PHC31",1975.35745302664,-3.12166240968001,0.367776978598652,-8.48792227717608,2.10364178693571e-17,7.67057273594126e-16
"MSTRG.13545|NFU3",365.643109325284,-1.0814376604802,0.193783981951026,-5.58063493995855,2.39642148577967e-08,3.01246178025245e-07
"MSTRG.13553|FAD2",350.426132786582,1.72443848834026,0.596068304734302,2.89302161286521,0.00381555040673281,0.0152641218838043
"MSTRG.13573",281.816798508099,-1.24999400143203,0.18191707848878,-6.87122952839814,6.36508821941906e-12,1.35646343850301e-10
"MSTRG.13590",101.54497200131,1.27407962444029,0.242149154439677,5.26154892999093,1.42846862548892e-07,1.5575990540482e-06
"MSTRG.13603|KUP3",142.471247121313,2.78210663826854,0.413390095832096,6.72997893834044,1.69687647634472e-11,3.37211777761604e-10
"MSTRG.13598|KUP1",421.825524276731,3.50820227291219,0.407506129316418,8.60895584269399,7.372904092944e-18,2.78419071899344e-16
"MSTRG.13598|KUP2",868.976731949014,2.52380481290673,0.422807753293017,5.96915452294857,2.38486167609986e-09,3.47202664163329e-08
"MSTRG.13606|ISG6",68.8714361443425,-4.46953866990665,0.545591290727877,-8.19210047129565,2.56706200454142e-16,8.66478805694256e-15
"MSTRG.13606|CGL11",112.003583257944,-1.0181736078196,0.231851185405307,-4.39149623513762,1.12573285313586e-05,8.67097911780712e-05
"MSTRG.13608",441.928792146981,-1.02429074542616,0.224512990527356,-4.56227830300695,5.06015124615697e-06,4.15313807493048e-05
"MSTRG.13626",256.231142355264,-1.69919438730782,0.341557372042585,-4.97484325150495,6.53004580216607e-07,6.38074174325975e-06
"MSTRG.13636",49.4396607705479,1.71565294567944,0.35935118180243,4.77430723080995,1.80326915478831e-06,1.61785400806008e-05
"MSTRG.13631|POLL1",41.1392670410835,1.27739619357782,0.344807633356015,3.70466332530088,0.00021167168708407,0.00123764489932421
"MSTRG.13635|KATL3",31.1201686993189,-1.41945514244299,0.408966231578582,-3.47083703454925,0.000518838776565939,0.00273672822489891
"MSTRG.13663|PHC7",96.7763597537656,-2.04844277630677,0.382075547420316,-5.36135533963732,8.2599854827441e-08,9.3999462565974e-07
"MSTRG.13671|SRP2",55.324772177839,-1.63447834236615,0.348832051373293,-4.68557386264103,2.79176591921167e-06,2.40821999911162e-05
"MSTRG.13661|PHC1",1157.41404976902,-4.42942874614667,0.39436732002478,-11.2317337701013,2.84833831508601e-29,2.24172685808106e-27
"MSTRG.13662|PHC6",198.637453167155,-2.93688460294295,0.415501363628822,-7.06829112976521,1.56853214311279e-12,3.64036846878936e-11
"MSTRG.13686",80.5257459179329,1.31084823760142,0.288349480927242,4.54603987281731,5.46646849155813e-06,4.45900031189283e-05
"MSTRG.13681|UAP56",1949.36194972345,-1.52348140936607,0.266969464253438,-5.70657552026177,1.15271774582973e-08,1.51579046511175e-07
"MSTRG.13718",49.7440454383429,-5.18128648269867,0.754880610437143,-6.86371647524269,6.70917281457539e-12,1.42787723435234e-10
"MSTRG.13721",16.4663125396827,2.16902501316336,0.57215193408412,3.7909948109071,0.00015004508942613,0.00090734759668947
"MSTRG.13722",370.808752665389,1.00481170840753,0.313688149619597,3.20321857751415,0.00135900791764407,0.00632664945086542
"MSTRG.13726",13.1507860280077,1.76030747807779,0.617338020802476,2.85144834557504,0.00435205566639316,0.017117511376625
"MSTRG.13729|CPLD44",779.28972881778,1.38500097831497,0.152342966289152,9.09133524212856,9.78301215634192e-20,4.41847520629329e-18
"MSTRG.13751",162.44097285851,1.68896827678825,0.335646159315082,5.0319904754303,4.85413387030204e-07,4.86883408643923e-06
"MSTRG.13751|CTAP4",313.811195860031,-1.845606619425,0.311434031058197,-5.92615589617473,3.10108203006613e-09,4.44553671000823e-08
"MSTRG.13701",8764.23059029252,-2.31073600272726,0.230425282301836,-10.0281357134258,1.14661031119629e-23,6.87879650090513e-22
"MSTRG.13701|LHCB4",3425.16939879582,-2.36147761779202,0.23655924170817,-9.98260562867902,1.81633239561785e-23,1.07746464274375e-21
"MSTRG.13704|MINE1",141.098050883865,-3.50567794667097,0.469429031928449,-7.46796151969849,8.14466516207286e-14,2.17619977725436e-12
"MSTRG.13713",59.8054441625915,1.15489594892718,0.398326389588447,2.89937091569661,0.00373912272537299,0.0150036782150378
"MSTRG.13761",138.470676443738,1.10483506696525,0.369921943792889,2.98667079772868,0.00282033245755585,0.01184301252251
"MSTRG.13762|CPLD4",112.096825091815,-1.63630392649398,0.314343566662312,-5.20546338475508,1.93513102701117e-07,2.06959636508592e-06
"MSTRG.13763|KAT1",812.763348783221,-2.00674151592739,0.2526783632063,-7.94188109525223,1.99137794408879e-15,6.25670485279122e-14
"MSTRG.13767",339.574358185512,1.68456012979014,0.272615772298319,6.17924676766961,6.44081548564071e-10,1.03221859466448e-08
"MSTRG.13767|FAP131",255.321789179237,1.96919938290561,0.274797415315546,7.16600402025034,7.72185068458998e-13,1.84882503288572e-11
"MSTRG.13781",556.588627215354,1.67525273086291,0.182602420495149,9.1743183158266,4.54440564745749e-20,2.11248423927717e-18
"MSTRG.13782",24.7990677780686,1.38605975134404,0.428164960338461,3.23720967322588,0.00120704689990003,0.00571927737610814
"MSTRG.13783",245.042806561844,1.49240369117295,0.206475093571551,7.22800830530091,4.90128759833827e-13,1.20620232567155e-11
"MSTRG.13769",25.47689231175,-4.40366252775592,0.856784967381939,-5.13975232456763,2.75100842030574e-07,2.8735566272024e-06
"MSTRG.13776|PSAK1",2955.42204615567,-3.50474971186217,0.159050127902933,-22.0355038884413,1.31573291137935e-107,2.09175218251089e-104
"MSTRG.13803",20.3593713369387,1.44202739917507,0.546193315151176,2.64014106209985,0.00828715255496823,0.0294740830691018
"MSTRG.13802|GLD1",486.561742384837,1.07630047039781,0.220803456828919,4.87447291747677,1.09099350508938e-06,1.02874346049294e-05
"MSTRG.13802",12.4164930823976,3.04208141528415,0.827478958609955,3.67632479790714,0.000236618228902089,0.00136493345540109
"MSTRG.13806",1332.48812278902,2.33194898639344,0.423406077150888,5.5075945108894,3.63770121955969e-08,4.40794009059146e-07
"MSTRG.13798",3.32299544288583,5.17898453541912,2.1124962563057,2.45159465724973,0.0142224773648344,0.0463148187517692
"MSTRG.13794",1696.21715396857,1.52961184325613,0.180783465526944,8.46101627047389,2.65057416190372e-17,9.55528980180166e-16
"MSTRG.13795",26.491422337167,1.98195941391938,0.455939670568588,4.34697733462794,1.38026476109883e-05,0.000104244414118524
"MSTRG.13819|ORC4",27.2734847279211,-3.77928400028445,0.838000501281757,-4.50988274410799,6.48634678082974e-06,5.22655555608876e-05
"MSTRG.13808",22.5912682018264,-3.81691061907839,0.821629329877459,-4.64553842016284,3.39190637774924e-06,2.88058373896674e-05
"MSTRG.13826",69.6057993776754,1.36591723757504,0.415508574048117,3.28733827142847,0.00101139264129707,0.00491506324653733
"MSTRG.13828|TIC56",368.705924212284,-1.55872167648833,0.298220530046886,-5.22674168758021,1.72523260133613e-07,1.86076987083051e-06
"MSTRG.13831|NFO2",385.875889575868,1.90679873699674,0.332276422550304,5.73859174948853,9.5467040130883e-09,1.27007113305504e-07
"MSTRG.13823",1286.94022372258,1.34902831739371,0.305922742868304,4.40970260904875,1.03512672457464e-05,8.02753398404274e-05
"MSTRG.13850",120.758295351237,1.67745116601706,0.30928996123955,5.42355516258687,5.84251737519753e-08,6.84987767189456e-07
"MSTRG.13854",31.3454126086951,1.25000690097861,0.407651589017768,3.06636091862291,0.00216681588356325,0.0094585499497223
"MSTRG.13851",217.390262177592,1.21759525975026,0.298078076385326,4.08481990529313,4.41110157778735e-05,0.000300719094698385
"MSTRG.13856",78.4592801080525,1.34629325793355,0.335788893608325,4.00934421465384,6.08876065939341e-05,0.000402993825824465
"MSTRG.13860",44.7700705031977,-2.66423321408495,0.556542179759498,-4.78711822927108,1.69193171281982e-06,1.53005292209383e-05
"MSTRG.13863|TAL3",73.0253411565973,1.29904102599935,0.288624163185431,4.50080482403948,6.76966458788134e-06,5.43556200091604e-05
"MSTRG.13866",15.1954520808501,-3.84655672657978,0.881314211931093,-4.36456904303335,1.27373616157321e-05,9.67966419535896e-05
"MSTRG.13881|RSEP1",76.8189033799821,1.4541833556584,0.482512976398268,3.01377046170487,0.00258022941924882,0.0109768496941979
"MSTRG.13880",60.5815178234237,1.29373877124627,0.392486397126857,3.29626397428523,0.000979799048630676,0.00478551314136113
"MSTRG.13877|ALB3B",610.836339025086,-1.14195679333963,0.24454303051118,-4.66975808287215,3.01554638427014e-06,2.58303644488829e-05
"MSTRG.13879|SRX2",34.0505753175915,1.08918257674347,0.405136560751999,2.68843319082774,0.00717881994360722,0.0261104734530925
"MSTRG.13893",29.0984596184665,-1.37670051826244,0.43678810345459,-3.15187274418421,0.00162226957855961,0.00736460358650506
"MSTRG.13899",192.462859923146,1.54887364995015,0.243215147962171,6.36832723178515,1.91100867680915e-10,3.29157269164809e-09
"MSTRG.13915",38.0912841328847,1.17220893935774,0.365989681807071,3.20284695888137,0.00136076273958089,0.00632925864068375
"MSTRG.13917",26.9909937766968,1.45967695539669,0.416041542336256,3.50848847256927,0.000450660763896333,0.00241395041254175
"MSTRG.13929|GAL1",119.049169770836,-1.17601387265488,0.277143786865453,-4.24333479005903,2.20222514595084e-05,0.000159794501918423
"Cre17.g732566_4532.v6.1",4.92874222003258,-5.74568551862069,1.49555220737992,-3.84184884370344,0.000122111031448341,0.000754790504652302
"MSTRG.13933",155.552892757848,3.33586669729464,0.267834466775522,12.454956740465,1.31422728619427e-35,1.41172874296733e-33
"MSTRG.13934|GOX5",13.6566752759797,-7.21537613891186,1.44522975115418,-4.99254608698,5.95884884516109e-07,5.88408564847025e-06
"MSTRG.13944|HKR78",450.218706576714,1.00739239571251,0.18649943021329,5.40158430811507,6.6054880863475e-08,7.67085826126754e-07
"MSTRG.13945",2.14099609114511,4.54236668046013,1.76909381020919,2.56762340936743,0.0102398333121184,0.0351071689092394
"MSTRG.13943",43.4405969019828,1.14426408994941,0.337592692012753,3.38948122107509,0.000700250049254466,0.00355559734367534
"MSTRG.13946",464.156418184755,1.5448749659461,0.162004303947016,9.53601187318677,1.48430895782943e-21,7.86584793719073e-20
"MSTRG.13947|FKB16D",69.168121524176,-3.59100341332909,0.403517605805176,-8.89924841361911,5.62261241685911e-19,2.38407012367318e-17
"MSTRG.13950",106.007471665435,1.40197539022969,0.278211515328296,5.03924285296146,4.67377124055522e-07,4.70276045457892e-06
"MSTRG.13949",28.6737051075031,1.11527604317684,0.443419543502108,2.51517115003196,0.0118974611655032,0.0397615803256611
"MSTRG.13952",211.061331118798,-1.13465888952871,0.331506447638531,-3.42273550819718,0.000619943679852516,0.00319995604619977
"MSTRG.13920",222.841539362603,-2.41749024141406,0.294037725428775,-8.22170093272487,2.00637005226309e-16,6.81565621599971e-15
"MSTRG.13923|ATP9A",3329.45335898301,-1.0468499074978,0.281081137267636,-3.72436911873253,0.000195804261983791,0.00115121899298015
"MSTRG.13961",22.2717774353628,-2.22774986992083,0.669451448105501,-3.3277243274702,0.000875584629504159,0.00433241345778311
"MSTRG.13963",65.4862114674498,-4.75646123997644,0.796720633759153,-5.97004902149216,2.3718231179982e-09,3.45620934279884e-08
"MSTRG.13964",30.7677588723096,1.25745409077852,0.455069632346214,2.76321248749435,0.0057235492354348,0.0215623188969058
"MSTRG.13968",62.5230861651887,3.86738973407185,0.455243982436095,8.495202316298,1.97588436006158e-17,7.23792846918412e-16
"MSTRG.13972|SCC3",39.1050985736966,-1.68667450843413,0.472479667529085,-3.5698351153498,0.00035720599258113,0.00196581996078669
"MSTRG.13973",12.0094455730963,-2.99533562299344,0.996531849345309,-3.00576005168454,0.00264917958237434,0.0112161536619407
"MSTRG.13979",36.8609959914344,1.50635103103042,0.422864665002604,3.56225325902118,0.000367685424646305,0.00201637215627008
"MSTRG.13990",3.64649680259374,5.30895976242737,1.54420376919041,3.43799171349694,0.000586045632284355,0.00304166577123013
"MSTRG.13988",206.62215557479,2.18479422195425,0.267266877196588,8.17457907568256,2.96900554128233e-16,9.95806964036e-15
"MSTRG.13989",159.050700268257,1.9229812643753,0.302728327643587,6.35216822734639,2.12300959883959e-10,3.62530683161673e-09
"MSTRG.13991",34.2314672014234,1.12061772898049,0.423773694117321,2.64437775288206,0.00818412633688988,0.0291663843317362
"Cre17.g737850_4532.v6.1",5.85681563410433,-5.99464774600561,1.62225411262093,-3.69525815922919,0.000219663479520462,0.00127779363242455
"MSTRG.13987",31.8181635122456,-1.74980295022106,0.487978391772324,-3.58582056034453,0.000336019959023913,0.00186523928371584
"MSTRG.13986",79.3243193823056,-1.54633612309697,0.309900994316835,-4.98977464240089,6.04497729208519e-07,5.95803155546003e-06
"MSTRG.14029",116.766795667492,1.24245532300381,0.368632250531153,3.37044662048311,0.000750464439333768,0.00378225989440657
"MSTRG.14028",96.1605552819175,1.27196928639509,0.369982982591275,3.4379129480132,0.000586216122974532,0.00304166577123013
"MSTRG.14020",156.824356391424,1.30322698856352,0.321803447899438,4.04976079986182,5.12700115912947e-05,0.000344647206883046
"MSTRG.14019",528.256283229541,1.32725578453624,0.245755182001535,5.40072349126682,6.63726642934889e-08,7.70213589005756e-07
"MSTRG.14024",167.821023985907,2.33618007713257,0.448799172860728,5.20540192229262,1.93577166617358e-07,2.06959636508592e-06
"MSTRG.14047",78.9690879591061,-1.07415749209127,0.394672681444141,-2.7216413564801,0.00649585970829286,0.0239719539559981
"MSTRG.14007",14.0815615183283,-4.00574233434256,0.894181840795141,-4.4797849291823,7.47182878756575e-06,5.9559857841599e-05
"MSTRG.14017",174.464551992589,1.88202217647353,0.327146664253402,5.75283926788185,8.77569148317758e-09,1.17635702529138e-07
"MSTRG.14061",14.4131263031107,2.50268822379857,0.66082824775014,3.7871992190395,0.000152354943170463,0.000919426223182488
"MSTRG.14033|FTSHI1",160.598909963447,-1.04968599533029,0.307434367571182,-3.41434174592484,0.00063936324301555,0.00328738578184386
"MSTRG.14040",196.35963459166,1.27773769587698,0.205432511193799,6.21974432601663,4.97965642259679e-10,8.15309761137423e-09
"MSTRG.14041",16.9582341658805,-1.25671377321951,0.497982778966289,-2.52360890034831,0.0116157076972991,0.0389674026106058
"MSTRG.14063",37.2057906770599,-3.42031471221342,0.622623468743426,-5.49339188758218,3.94286518748947e-08,4.75596894921909e-07
"MSTRG.14066",156.288481757083,-3.47169800066049,0.448377082858288,-7.74280875045914,9.72442610424956e-15,2.89511097762845e-13
"MSTRG.14060",3.40681705678812,5.21567428129061,1.62222623097676,3.21513373516971,0.00130383763375527,0.00611457542815378
"MSTRG.14051|LHL4",339.156996728818,1.3323957391153,0.245215620529237,5.43356796047355,5.52382316208779e-08,6.50501782450901e-07
"MSTRG.14056|EBP1",137.156042933039,-1.11357672064857,0.282301280171449,-3.9446392874034,7.99201891253531e-05,0.000516072772833007
"MSTRG.14075",549.906646276401,-1.03121233010636,0.294953376090019,-3.49618757980121,0.000471956800344391,0.00251784201740776
"MSTRG.14087",17.6433266024116,-1.61482252521449,0.505765719988183,-3.19282715572779,0.00140887249866823,0.00651254731017103
"MSTRG.14088",21.0621172054269,-1.50563492343448,0.464509539634803,-3.24134338471973,0.00118967784550612,0.00565267327605161
"MSTRG.14092",34.6455877961998,1.33073722595233,0.361169589136766,3.68452180354645,0.000229132412123061,0.0013275317375847
"MSTRG.14093",39.2737882812208,1.61615584749175,0.352929005099257,4.5792661530815,4.66610141074371e-06,3.84959419968882e-05
"MSTRG.14097",16.2459726782058,-3.54345667548037,1.27534406702323,-2.77843192837454,0.00546219567382943,0.0207399060956628
"MSTRG.14104",17.2498613523992,2.27415228576917,0.808359756029776,2.81329231051601,0.00490370520122803,0.0189497095987174
"MSTRG.14113",90.4895177971899,1.03075051821556,0.311987920944187,3.30381546534282,0.000953785919308465,0.00467714020517149
"MSTRG.14127",147.42465608573,-1.89446298971105,0.455735971789746,-4.1569310016745,3.22551354051888e-05,0.000226198563154694
"MSTRG.14139",39.6441712381391,-1.10825247987067,0.40162503952808,-2.75942078007112,0.00579039243315578,0.0217266129106232
"MSTRG.14145",3.40481603602288,5.20366922883935,1.6144137891335,3.22325618367786,0.00126742145232589,0.00596138054706422
"MSTRG.14136",18.2325838959981,1.82496259865715,0.658844587875742,2.76994397804986,0.00560659350058511,0.0211970567116057
"MSTRG.14167",249.491215659745,-1.24303759217475,0.280514359631766,-4.43127971704016,9.36754782438146e-06,7.31500290442567e-05
"MSTRG.14175",12.9367587816338,2.04621421327934,0.660963051377219,3.09580726035402,0.00196277898838907,0.00865582811578623
"MSTRG.14149|FAP249",72.6886725739749,1.10773776427257,0.327251980656869,3.38496886114818,0.000711863295382778,0.00360880187180976
"MSTRG.14146",1614.90077323014,-3.39370130450613,0.259196884551678,-13.0931408005774,3.60391305746215e-39,4.62056530544623e-37
"MSTRG.14152",207.766469697887,1.61553844185854,0.500882350924623,3.2253850407711,0.00125803348070351,0.0059242346789764
"MSTRG.14188",20.3186294381888,-3.637963365729,0.660289264102411,-5.50965094165874,3.59545967370765e-08,4.36340594600032e-07
"MSTRG.14187",18.0479195066597,1.2582956909953,0.489897965236731,2.56848523628234,0.0102144063077405,0.0350428639362231
"MSTRG.14192",28.9738437677478,1.343068733677,0.42213684235419,3.18159563184989,0.0014646615861326,0.0067395629222391
"MSTRG.14197",17.5429590668743,-5.11306377122079,1.03745379540848,-4.92847372466126,8.28744772456198e-07,7.93220011589924e-06
"MSTRG.14204",55.9665671242754,-1.37718041761994,0.360895273797076,-3.81601122987911,0.000135626334280484,0.00082707612673231
"MSTRG.14222",93.8781861141746,1.06796007965815,0.400289710985778,2.66796785015565,0.00763115599782179,0.027454201867701
"MSTRG.14248|nad1",60.4881330500537,1.14047891812039,0.457996307294901,2.49014871944381,0.0127689652057042,0.0422390779942335
"MSTRG.14242|cob",183.509865510779,1.66604446966718,0.376721197882174,4.42248665334799,9.75713783964876e-06,7.60014587823302e-05
"MSTRG.14244|nad5",76.2598045076186,1.21702397167005,0.490043653065903,2.48350114128788,0.013009791753592,0.0429226578788017
"MSTRG.14245|cox1",660.244599640566,1.55248414060066,0.478374331114725,3.24533328739233,0.00117313232671593,0.00558898943066524
"MSTRG.14246|nad2",70.7340005552748,1.57799985506228,0.523784120618823,3.01269128433668,0.00258942187596992,0.0110100639166006
"MSTRG.14247|nad6",26.8721059758821,1.46955623910613,0.552227822792168,2.66114125086233,0.00778762797537423,0.0279349525163582
"MSTRG.14236",296.185592169804,1.48675423153555,0.295308473480541,5.03458032887608,4.78896829008988e-07,4.81562415407014e-06
"MSTRG.14238",24.2679151023394,1.30230431796915,0.435395211003116,2.99108553575669,0.00277987615199989,0.0117071446528462
"MSTRG.14241",17.3051899279878,2.56829507770405,0.653217581932183,3.93176048646329,8.4326058693349e-05,0.000539021358027792
"MSTRG.244",20.9547774507389,5.94187118427439,1.10999223120764,5.35307456864793,8.64721925677036e-08,9.78459015972493e-07
"MSTRG.1421",162.154508281557,7.33289231698877,0.648583848470034,11.3060051283833,1.22542853672265e-29,9.83932468526097e-28
"MSTRG.2171",13.8871432748826,7.23867459457349,1.29179153594803,5.60359345384711,2.09952831863384e-08,2.65539389098177e-07
"MSTRG.2242",33.2221415508939,8.49474103027966,1.23194745297718,6.89537610532894,5.37224772160555e-12,1.16043470486529e-10
"MSTRG.3947",26.9534942616719,8.19254583087253,1.24889380558974,6.55984183299228,5.38648806166157e-11,1.00983947174877e-09
"MSTRG.4408",17.0693060940396,7.5355278148233,1.29437133643701,5.82176660027577,5.82288289746535e-09,7.98036140550898e-08
"MSTRG.8409",8.63401986181622,6.55199796212312,1.34495932580729,4.87152126938141,1.10742238599409e-06,1.04299769505534e-05
"MSTRG.8410",37.3765893514217,6.19680087862765,0.915224434301773,6.77079921205907,1.28072916177176e-11,2.61373969369031e-10
"Cre12.g526883_4532.v6.1",3.85536390279307,5.38633195101926,1.52562901345011,3.53056470710296,0.000414673571644644,0.00223625523812976
"Cre14.g619200_4532.v6.1",2.64282966162798,4.84542506598936,1.66822692186403,2.9045359492072,0.00367797963236564,0.0147919352884768
"MSTRG.11776|AMT1B",12.3897033739867,7.06832204709781,1.32658954106558,5.32819069372446,9.9195947543396e-08,1.10435376333677e-06
"MSTRG.14076|CDKG2",104.041057639438,7.69842520558539,0.895683569762933,8.59502782620316,8.32446231807737e-18,3.13607350551645e-16
"MSTRG.14128",22.4531073476724,6.04109709597547,1.12125213395344,5.38781324292787,7.13201037629831e-08,8.22820761700948e-07
"MSTRG.14233",10.0775458865818,6.77058600690786,1.42888899037399,4.73835690002467,2.15458096955217e-06,1.90615070973514e-05
"MSTRG.14234|FUS1",40.2430753910019,5.53188040582709,0.927589653473815,5.96371508145897,2.46566526656175e-09,3.57330413927062e-08
